PC1,PC2,cluster_kmeans,cluster_agg
74.00431888056669,-23.702399248644973,1,0
33.186566967196384,-8.812656526472026,1,0
30.044031586793125,-8.213224822238903,1,0
29.62746874728553,-7.300755889249114,1,0
25.88229472224224,-9.198087898299436,1,0
26.636895073726286,-6.071177704046998,1,0
22.286414090189616,-4.7539211796243235,1,0
21.648462554860583,-5.727051584185443,1,0
17.37487130077331,-6.325536559102976,1,0
19.683724801844285,-5.99158961420629,1,0
22.383794746509306,-3.9174022387123353,1,0
26.570804679122677,-5.4455594456572065,1,0
20.17341477681681,-5.447564914871448,1,0
15.10852254784976,-1.2929302847347122,1,0
14.74730129788921,-2.0241304673421388,1,0
15.55327050304484,-4.592777534862897,1,0
13.800993318831338,-2.095476995419662,1,0
15.246096880529858,-1.1096092809085296,1,0
12.74992040890046,-1.9734657239120454,1,0
13.144554001138166,-4.661468696139054,1,0
12.091940845464803,-2.685450980476594,1,0
12.690629312752527,-0.8311536669013019,1,0
13.385869575610407,-3.090391644458842,1,0
11.748213421837349,-1.1431512931661976,1,0
12.937259975343935,-0.5397989805673072,1,0
12.423156264790572,-1.7857459262011506,1,0
11.93873237728036,-2.532630476704512,1,0
13.377445800143104,-0.9225773651348065,1,0
13.203786773562829,-2.0845314889471673,1,0
11.950169507675772,0.42286659816047556,1,0
16.749520994121507,-3.2715740853657382,1,0
11.00477095915808,0.27270266357390555,1,0
10.728636844741159,0.5415022871424583,1,0
10.023094711256913,-1.454811926315859,1,0
10.754522372351941,-0.5752944574940819,1,0
11.49529982161633,-1.5947196037625901,1,0
10.62224292078808,-1.1962161326296619,1,0
10.952774536367103,-0.3029607662508145,1,0
8.301848193804005,-3.9198842747040787,1,0
7.966621714253499,-2.682655527951138,1,0
9.641351394665321,-1.8125243523011694,1,0
9.195504284374309,0.6051516770243712,1,0
10.193880458310437,-0.8746344588701375,1,0
9.229520966120935,0.21455743630780216,1,0
8.448432113049774,-0.8585764947822075,1,0
7.224445497391194,-2.414851340104863,1,0
7.843357546092434,-4.804915750746877,1,0
8.530609749159579,0.26225411210385313,1,0
10.20147299657367,-0.6675248098493529,1,0
7.795413389316651,-2.233062394144292,1,0
9.17836678194894,1.4610082216987104,1,0
8.194974844792181,-3.122327030241751,1,0
7.090295274479405,1.2473503175853515,1,0
8.115320546750356,-2.4801085773780978,1,0
7.143324888542304,-2.838738497907996,1,0
8.443318899515985,-2.2063546911810854,1,0
8.248913553056756,0.12992939340018828,1,0
7.7463041978624645,-0.45284543018238965,1,0
7.985629845104982,-0.6669115031594278,1,0
7.67781409670875,-0.8706832415641939,1,0
7.898121114493977,-0.703928936415969,1,0
7.304576807748618,-1.89774085008727,1,0
7.196570172829549,-2.58187245796683,1,0
7.958860335903981,1.4889440551128883,1,0
6.513326115031105,0.06909391888975143,1,0
6.756349335197332,-0.08738172774385725,1,0
6.299782647377794,-0.6425846049854764,1,0
5.308622769171103,-2.720567928327342,1,0
7.053802463758939,-0.7232105963370843,1,0
8.120491869407529,0.001972070085037754,1,0
6.237080732392141,0.019402155876437264,1,0
7.227019852439721,1.253273480501514,1,0
6.023470827723727,-0.264519556214909,1,0
7.446885200828917,0.943827294170453,1,0
6.145451247149857,0.4385685316290504,1,0
6.214864045094398,-0.6750546566425444,1,0
6.0265490850269625,-0.5332192374691824,1,0
4.824904504013295,-1.961436373708904,1,0
6.9684823309709945,1.4664998653097356,1,0
8.040037950704486,1.8026938260951435,1,0
6.484567583570682,0.18933690627664213,1,0
8.496369204500553,2.940727836879599,1,0
6.248196301437203,-1.4457064633693903,1,0
7.15416719688273,1.4063833842891862,1,0
6.343487398319303,-2.4995333587671604,1,0
6.249904481380321,-0.8755590473828178,1,0
6.19828240237975,0.5171003954603942,1,0
5.4165305555509455,1.632638177630323,1,0
6.342724824676175,-0.7900140363417241,1,0
5.742359621483791,-0.6770743526998073,1,0
5.6021216388302655,0.32061774997698383,1,0
5.901440923176108,0.4725948335207347,1,0
6.690023896016298,2.1409524814149936,1,0
5.482358314753858,0.8478563499805696,1,0
6.1579007990110695,0.5609992949232292,1,0
4.7112432026713895,-0.4169378411174353,1,1
6.050516217319737,1.2733995822993602,1,0
4.791604283867841,-0.9622927894382916,1,0
6.344721576156511,1.783054421144942,1,0
5.890386092333566,-1.5200384197029744,1,0
6.041043550864676,0.6885850128961661,1,0
5.166928493753258,0.7411230688524186,1,0
7.309486208188821,2.0311765283286713,1,0
7.64456240993536,-0.10481009607437487,1,0
8.85499427516461,3.888429216893721,1,0
7.385080918395171,2.0080506469370647,1,0
5.570035120043171,-0.08238201942011361,1,0
7.028636116957978,0.16683875093492187,1,0
4.7961786433748035,-0.16759235827543476,1,0
7.170207851898066,0.981618116356845,1,0
4.1409207170418725,-0.4649787131553657,0,0
4.1907132689312965,-1.4709785762680492,0,0
5.75317808247231,1.0144830504189883,1,0
5.133243931885711,0.49986851281024297,1,0
5.248565364840964,1.1351864779476506,1,0
4.178998007960232,-0.5615105541749561,0,0
6.5409545854623365,-0.41891582404625877,1,0
5.658674667009323,1.0431841984486352,1,0
4.506845987415884,-0.11434822323726687,1,0
4.56353670311552,0.09750521789387609,1,0
4.330511738577907,-1.7721301565949514,1,0
4.767741413740788,-0.27793411195257484,1,0
8.148255047390847,3.360041180720921,1,0
6.473283574216216,0.7588832489053698,1,0
5.514950620724877,0.4512344302660123,1,0
4.67058433363761,-0.037950082394457164,1,0
5.049270455043032,-0.5860588342197923,1,0
4.343710296357244,-0.992861629323174,1,0
5.210100428483707,1.573335375045962,1,0
5.231735889685257,0.45357443668486747,1,0
6.237353221236816,0.5585754462119459,1,0
5.3272207510307625,0.5209141958755032,1,0
4.682881808958791,-0.7124831317915677,1,1
7.652454214045367,2.1671709642072745,1,0
4.178348531379335,-1.2909606936792672,0,0
4.525058470286411,1.0263418697484552,1,1
4.405883989758859,0.17226755745563688,1,0
5.353903143353771,0.27926067071466754,1,0
4.989125244166154,0.4101610000756887,1,0
5.253659878320221,-0.11190604157710193,1,0
4.626983192214539,0.0740432933988203,1,0
5.005415891422819,-0.12093860318983651,1,0
3.537082243243128,0.6440729801908087,0,1
4.454448441654524,-0.6545439657708294,1,0
3.624481709520906,-1.2788205887354114,0,0
4.976347391946171,1.896733442705699,1,0
5.359505302620621,1.2079164355497944,1,0
3.7473529242304027,0.009338853945771856,0,1
5.541103868068547,2.0673459078077703,1,0
4.423193435192622,-0.4344720229913911,1,0
5.65393838717555,2.456911235910754,1,0
3.681091740396409,0.4354090058514125,0,1
3.11497591435787,-1.8566924179267694,0,1
2.961509402332206,-1.4078502909606934,0,1
4.839485860340889,1.999937364614838,1,0
3.3760910009972718,0.4260719620753857,0,1
3.914746309454343,-0.1979007281839501,0,1
3.3805438765627884,0.3405628986889964,0,1
4.199872363222973,-0.5972570516294696,1,0
4.917916978755781,0.9203448538669349,1,0
4.67358077381118,2.0889287389906883,1,0
3.515443952864816,0.2553101809714567,0,1
4.67643068121409,0.8064680304280357,1,0
4.514288524291109,1.2574593031552823,1,0
2.912606079172887,0.44352590850818846,0,1
3.7848561476451263,0.6743662364152262,0,1
3.3332034538444866,-0.014211032669805715,0,1
4.851327389555956,1.1512631977296206,1,0
2.989162343835255,-0.4468685914571112,0,1
4.409270322754368,-1.4120049526390384,1,1
4.3431519105232805,1.886220444909204,1,0
5.0521865986156635,1.0918638011357384,1,0
3.8448869228286324,0.1407556123504824,0,1
3.5765710234875154,0.5223642344494183,0,1
4.516186139889594,-0.27262565778289194,1,1
4.478424947730546,2.130794897065083,1,0
3.579388300311715,0.385246562153459,0,1
2.9458268088876207,-1.1194568740342832,0,0
4.440272156900505,0.8300266762165324,1,0
4.386126833223761,1.3140119425195613,1,0
4.864031157006918,2.036345073235665,1,0
4.712749346363416,1.475638230259114,1,0
2.402987632918452,-0.6826117201294803,0,1
4.3688779535135955,1.5868218779756134,1,0
5.858915829695054,1.2250703158496996,1,0
3.843496664204012,-0.3660889699211342,0,0
3.7444263895624945,-0.062380846673600596,0,1
3.447790880583779,-1.5753050940600355,0,1
3.831124876346472,0.7545548960354719,0,1
3.772900924204762,-0.527177989794278,0,0
3.7711200049964217,-0.6186316146190146,0,0
3.9943060063046456,-0.07267273488506143,0,0
3.8016420770881627,0.3743460566442269,0,0
4.058381925892484,0.6165064857702792,0,1
3.094693763730028,0.3753117046239367,0,1
3.603658789636927,2.3303404607757927,0,0
3.179735171874402,0.9250074328849394,0,1
3.9130313164967028,0.21221451386032636,0,1
4.972516077090202,1.3085774336621554,1,0
3.748982917488974,1.1977421933937182,0,1
3.6568824077444595,1.1478047287473596,0,1
2.526694294078504,-2.1640390975246477,0,1
4.824551350780607,0.6777068652853623,1,0
3.283512979666991,0.23106343466647675,0,1
4.615376067955728,1.08359159382513,1,0
3.730255892887199,1.536756679879815,0,1
7.547828574508652,4.706880518832869,1,0
3.7536577481381777,-1.3787328189666233,1,1
4.9051091619484355,1.6135606707884564,1,0
4.458021173546348,1.8546933920881716,1,0
3.813038550234304,0.9658867673965694,0,0
4.004707633523953,0.822775186063055,0,1
2.92634103030152,0.0704996806059024,0,1
3.127773489452072,0.8361649973080341,0,1
4.7971233352265505,1.0493640227403864,1,0
6.391991305019556,3.238822683983874,1,0
3.4111538928655376,-0.11568734694383101,0,1
4.011091610459553,0.9165843839021433,0,0
3.0179007433738967,-0.6802313608869025,0,1
4.051788408813337,0.43112885033559606,0,1
3.292513697909712,0.1909381229495523,0,1
3.440295535262066,-1.3866032338754455,0,1
2.7445133122917817,-3.0678141818172353,0,1
4.216827603882011,0.46347205554128407,1,0
2.936775127260123,-1.1929456237383744,0,1
2.9305913856863874,0.12283397125526695,0,1
2.4136334114169333,-0.16736945074391535,0,1
2.2511455613020552,-1.2730409010489536,0,1
3.37187061183803,0.6497792267968223,0,1
2.603071824812213,0.6827052463558351,0,1
3.5122556975099783,0.4041209632637429,0,1
3.08222870731464,-0.4141912605265384,0,0
2.816118736702941,0.8233291437637019,0,1
2.3773689238660887,-1.2954715121489353,0,1
3.027688127859419,-0.2331131501997639,0,1
2.589908061929205,0.38631158116688247,0,1
2.9504104968705245,0.9586006643000049,0,1
5.183769019585352,-1.4317928866435998,1,0
3.3685021600139113,1.5184556265154148,0,1
2.4565861516690894,-0.1740160084239315,0,1
3.500767219363984,0.5551078229476145,0,0
2.852067286536324,0.48011372042601763,0,1
2.279270381290304,-0.9243410424894278,0,1
2.5506132561737718,0.37066570508531044,0,1
3.27436256630974,-0.2651238591424146,0,1
2.7554615097911626,0.6536046545303288,0,1
2.6555671081924137,-0.39516073164626697,0,1
2.941928298419705,0.09057436858444169,0,1
2.8130153990921447,-0.5451305344746417,0,1
2.4471614636667027,-0.4029089724879284,0,1
3.331373146777304,0.612945421004129,0,0
3.299731839581904,1.4722607254820343,0,1
2.7111166189669156,-1.2711089707821328,0,1
3.370764367390949,1.1446265416574106,0,1
3.1949109670142453,1.6981369913739102,0,1
2.7147124148344597,-1.3232189488898698,0,1
3.5140438437124395,2.011493821517672,0,1
2.3287988730334552,-1.1756133795951178,0,1
3.3791279249692434,1.6390406393622257,0,1
2.822970323468786,0.6455255196049431,0,1
3.058802559055842,0.11859116424825882,0,1
3.2118703192973235,1.4648996237123166,0,1
2.53211549036651,0.021024466492524953,0,1
2.1210169835788992,-0.5718646593097202,0,1
5.040810628162506,2.6327173785487217,1,0
2.815285346787086,0.7790589679484021,0,1
2.7489062775194912,-0.5985863165739597,0,0
3.5794683046932176,1.754754878494272,0,1
2.022191510655033,-0.6111792953900681,0,1
3.7332424742548103,0.4509789026619665,0,0
2.5120918765534705,0.14568530381178343,0,1
2.436961669697337,-1.1739711900871588,0,1
3.419681431143652,0.7126491821364543,0,1
2.434322569025638,-0.06855700831628003,0,1
2.2149396775909125,-1.1343252511213677,0,1
3.324090762164573,1.0261767914452995,0,1
2.1463254488582795,0.2424456823154159,0,1
2.663406335669418,0.44455950473577693,0,1
2.633037348347199,0.5833176990513596,0,1
2.8664342834119574,0.8001024792288481,0,1
2.332195534084353,0.17563502208016182,0,1
3.363853001963774,1.2410775241749143,0,1
2.529091617894494,-1.0976628177703263,0,1
2.2443241774060296,-1.9556308982580182,0,1
2.457992772657973,-0.7300617686621891,0,1
3.5602486532772892,0.8546157558021299,0,0
3.114302650220075,0.9270743783794054,0,1
3.6792569314690544,1.675643738955795,0,1
3.5016086248075604,1.7141111041644295,0,0
1.909154122739276,-0.5430631457075865,0,1
3.313313806812777,0.8835046860218694,0,1
2.500150986742205,0.5979567769350042,0,1
3.480843919895272,1.3465988859825306,0,1
2.285985899760442,0.9512102815299356,0,1
2.6854299633113787,1.136423685485307,0,1
3.915191592935036,-1.5326133975646337,0,0
2.0903693855167385,0.7991183226821725,0,1
2.5866750303258965,-0.6112921494721891,0,1
2.4884910893822103,0.6275570182935069,0,1
3.3521800747862702,0.7552046096975111,0,1
2.8429844368676407,0.5960996066574651,0,1
2.3937352561708884,-0.3911241059326453,0,1
2.8547505905162263,1.0594172458219169,0,1
3.4871678599870433,2.0565872963890066,0,1
2.96324741954344,-1.0559107026367367,0,1
4.163427526587664,3.4034935012929246,1,0
1.855200778020397,-0.37837623325140535,0,1
2.1686891369245305,0.687012273833632,0,1
1.7267140456761725,-0.28694537522513763,0,1
2.8772908393518595,-0.7159018341984172,0,0
2.938149992394106,-0.7665092938576961,0,1
2.8147787637879067,1.3175094323987373,0,1
1.8050180625687071,-0.5338393305783661,0,1
2.066810214234346,-0.14693523616532866,0,1
3.7716932392345908,1.700562496340941,1,0
4.179666446837961,2.442411007176975,1,0
2.6493852288245843,1.1185592929413628,0,1
2.3010049934044305,1.3780332528357073,0,1
2.582013652364828,-0.45475778422163277,0,1
3.670604737965806,2.171438746244729,0,0
2.821754640310364,1.2792631446639195,0,1
2.39877613417319,0.2937986001048364,0,1
2.0309796503520894,0.3787584954802543,0,1
3.0948005386218695,-0.1147766713486748,0,0
1.711826018949601,-0.32253391625642286,0,1
3.122769277374512,0.8664776815099992,0,1
2.6519730571492253,1.30437879903879,0,1
3.431679077793381,1.0261385769333977,0,0
3.6351562547225504,1.7014535022721284,0,0
2.073865330222714,-0.7041994887518287,0,1
2.1100800234332624,0.10218830678280282,0,1
3.2686064289702768,1.1568713572964968,0,0
2.8930475775919025,1.2553090985807422,0,1
2.102622167562922,1.2686442748426328,0,1
1.4794036173045342,-0.0923374771385662,0,1
2.7583701631950457,1.3388155405072493,0,1
3.3303240068646467,2.044692912058939,0,0
2.513027998331667,0.41774178172745585,0,1
1.622007137645347,-1.8041436953452465,0,1
3.1851311435183542,2.287009438356523,0,0
1.7500774978067455,-0.010976884077407658,0,1
3.0744892781301454,0.8989602870856556,0,1
1.8304777539983998,-0.6618416086619572,0,1
2.6726997683878126,0.7216632261837143,0,1
1.6431958686495227,-1.7173359097695755,0,1
2.0714425465312236,0.2730262011767368,0,1
2.7747397537348126,0.5513635448901142,0,1
1.6558036138541994,-0.5436567707615375,0,1
1.899447954150198,1.048713250446163,0,1
2.7033461522540723,0.4493708966782102,0,1
2.4899247107911497,1.1403328293063595,0,1
1.962505191528188,0.1882607787996269,0,1
3.5833541573359446,3.0370915174134034,0,0
2.6992789507091475,2.61497195561021,0,1
2.6415810322499116,1.4241853891365877,0,1
2.3772718938836825,0.16505148074164389,0,1
3.766263165528542,1.9588888339845199,1,0
1.889416254908428,0.8174290186471678,0,1
2.262941615930864,1.0143715132525517,0,1
2.6341463840269084,0.6897868629313615,0,1
1.571225408392921,-1.2460788058450283,0,1
4.206117392393623,2.3248098772427754,1,0
2.9445561502984945,1.1570012834137646,0,1
1.8904611607365471,0.3225054119397209,0,1
2.9937325738991833,1.4952979591868856,0,1
2.23669027108437,0.26171210442966797,0,1
2.3356400948870375,0.1745078391151374,0,1
2.601519264306993,0.9580972505678045,0,1
2.4862473166440546,0.4264501801792581,0,1
1.863812551758082,-0.6109044762550051,0,1
2.0983595082724857,1.5583516844757437,0,1
2.23233906991222,0.4557275977164092,0,1
2.789911622441223,1.6995110236062505,0,1
2.2560655359246717,0.5014051484722459,0,1
1.6710097794914636,-0.2438052569295086,0,1
1.8043992059769938,0.9090299229070696,0,1
3.218118837079735,0.9185925103200356,0,0
1.6723199762889893,-0.1916954892145374,0,1
2.4597771043505245,1.7320681991418532,0,1
2.0273004069375085,0.3749946630417785,0,1
2.7465210823336874,0.9371301326010537,0,1
1.8448014021260895,0.3774294266137031,0,1
1.7065533108871296,0.9741236519033312,0,1
2.331297900492476,1.9343297500636283,0,1
2.1131725144212234,0.4613811185338729,0,1
2.076434402335154,-0.4813945363461245,0,1
1.9740184529136777,0.3978851338052259,0,1
2.4294876664663865,0.22131660974751183,0,1
1.9951604599970125,-0.49102101387951075,0,1
2.5941840117612434,0.03495142201361951,0,1
1.3234637852601367,0.04735469460437217,0,1
2.1627902942373844,0.842005096786764,0,1
1.9210198396017317,0.980089779434073,0,1
2.532075945230862,1.2324893009797957,0,1
1.7926632368969095,0.8171975840784766,0,1
2.3888530145685927,0.9835476820354987,0,1
2.0593664643001484,0.22280216015269685,0,1
1.6497671555432813,-0.6001169279904311,0,1
2.405559277389098,1.4675700362573716,0,1
1.6161554290998883,0.3688013099106845,0,1
2.0567119868855728,0.4854518389995119,0,1
2.260989913276028,0.411618410848931,0,1
1.7593495581174319,-0.8337253150053375,0,1
1.7162691637606002,0.4507814704889704,0,1
1.5729434831385958,-0.08922069342359015,0,1
1.364678361690899,-0.2587076372949107,0,1
2.586057678086108,0.13892373524178847,0,1
1.478368717609823,0.25373599617791265,0,1
1.347772325357034,-0.8323584391820978,0,1
2.3377453450879475,1.3887313608749103,0,1
1.817240730958136,0.1508914343168105,0,1
2.701658623755845,0.9506502271306474,0,1
1.6873613775169005,0.4315337226288062,0,1
1.4932646136973167,0.032952237922415716,0,1
1.7788475820234764,-0.4570484289185025,0,1
1.3609131610787468,-0.881807213858966,0,1
1.2620604120553032,-0.7504894899986714,0,1
1.1127863751908753,-2.3501178310585193,0,1
1.8508014655649978,0.9898488878517678,0,1
1.4932282417488216,0.7613808603672865,0,1
0.29937948609175336,-4.097372919275334,0,1
5.01075551278857,4.145518103751241,1,0
1.6430557708435016,-0.42181624704558385,0,1
1.9514416267334562,0.8176398549729014,0,1
1.7162780906076962,0.5675604245249478,0,1
2.2404833707448866,0.5305182825738172,0,1
2.9236941116101005,1.2007512374818237,0,0
2.03555584020479,0.24773131671534215,0,1
1.9156210164167662,0.32424017973707725,0,1
1.9123085662585384,0.8080223153899979,0,1
1.5477700318535084,0.48780470948709803,0,1
1.3630648824375444,-0.1440857671987264,0,1
1.1246739720625918,-2.1799619264222825,0,1
1.3429899986382539,-0.5408890795668683,0,1
1.9781812279532072,1.0018053627652936,0,1
1.6359992866620336,-0.4950716561232126,0,1
1.3499261711286576,-0.14215891470918787,0,1
2.126376816712663,-0.39923127987391893,0,1
1.146419757074907,0.5222016248694163,0,1
2.2978348928556294,-2.126604081472327,0,0
2.205695393083537,1.291832486659889,0,1
1.96043409536924,1.8836955653905243,0,1
1.3621353515845676,-0.2346078437777022,0,1
1.968849934160565,0.412933584231579,0,1
4.860916442225015,5.4211692575302,1,0
1.421541707928032,-0.5526456567696634,0,1
1.4647463247092116,0.26275647561395193,0,1
1.9711134109375477,1.349161725181581,0,1
0.4564145009626309,-2.799195718674593,0,1
1.4823184536496168,0.2569415965490936,0,1
1.9022548413090297,1.277080571529195,0,1
0.9783961515155859,-2.0954726232499885,0,1
2.1480844465974522,-1.1850417033921288,0,0
2.622241411060504,2.0341487938890337,0,1
1.6431610279103932,0.6143540708806486,0,1
1.209494993564011,-0.5620905640973372,0,1
1.3665631372355511,-0.7106830408914565,0,1
1.9171643480435063,1.1585911021470057,0,1
1.1806299897281014,0.7178502842140557,0,1
3.10059750931352,2.2394413862910163,0,0
2.0184187952864807,-0.20784743955370844,0,1
1.962257823285857,0.32849890463738946,0,1
1.3821566407652985,-0.49396367288692017,0,1
1.3490430210411382,0.6827875220747868,0,1
1.8783204390564403,-0.25035708924316075,0,1
2.6414247499487313,-1.0669904581160305,0,0
1.0380536092395527,-0.8781656976025547,0,1
1.451265086712355,-0.04858200403673927,0,1
1.4827537101771031,-0.31515669034462646,0,1
1.6305131100312684,-0.46702852050341964,0,1
1.641866260963783,0.7272615960036936,0,1
1.5918752575677895,0.9057711502485087,0,1
1.573059810234196,0.6153703389933849,0,1
2.4238817916333195,0.481822278063443,0,1
1.7464378160961977,0.8089596429699578,0,1
2.0023896429736388,0.9417651174224313,0,1
1.9681010423284775,1.8733804108827035,0,1
1.0818694303960796,-0.7354023427683496,0,1
2.4820940553751862,1.335693529560703,0,1
1.650382441840333,0.6507529633913065,0,1
1.4161408129017965,0.6640793524015373,0,1
1.487990061621157,-0.45858676925095776,0,1
1.8185864123606235,0.6610016403712468,0,1
1.0047465969763367,-0.033562972656113084,0,1
2.3520812358569785,0.7190695757958556,0,1
1.139594955417305,-0.6411918051740226,0,1
1.9706558916648491,0.9115436295921767,0,1
1.9389776567720207,1.5343400381970327,0,1
2.44549350207372,1.432700437499277,0,1
1.462027705101206,0.2193696909697025,0,1
1.798333443080981,-0.19780177222582318,0,1
1.5590411211500776,-0.3396825517438668,0,1
1.6920863877551358,1.5244545405328103,0,1
2.0814814248932545,0.5068183977845924,0,1
1.9001547061817559,1.8026512207504957,0,1
1.9911800747514405,1.0554577400055687,0,1
1.1270939499486818,0.021758458597474658,0,1
2.3339918410970246,2.0910661147339207,0,1
1.9858374601504247,2.4988763441466246,0,1
1.4967736759473653,-0.38626860569682164,0,1
1.9117042907823099,-0.2373470540036608,0,1
1.893865494108207,1.0733629528912043,0,1
1.097956853121947,0.9530841550990057,0,1
1.4285714424224643,-0.6723114967169985,0,1
1.4941193708366491,-0.03217354312077963,0,1
1.6799723581142907,0.2875881303004517,0,1
0.9553535933313234,-0.03167221253040457,0,1
1.6924966339946137,0.9591175091728426,0,1
1.1120131219561589,-0.5326260257960856,0,1
1.2479135440114084,-0.45145319315109883,0,1
2.0374673606747398,0.18927409070347814,0,1
1.8351932084423004,0.20354646878814664,0,1
1.6514622105164891,-0.44867982305633863,0,1
1.332206483531681,0.6034983850355145,0,1
1.8840875196400406,0.9387240476105191,0,1
0.4988637548717825,-2.05453398764096,0,1
1.2847744753570574,0.934730689390051,0,1
1.3851815135320185,0.4100866223170188,0,1
1.2561526507842053,1.1979397723440366,0,1
1.8092134341927928,0.7441072989354345,0,1
1.2016856707099595,-0.9235207151392545,0,1
1.514268894068602,0.7071038730846204,0,1
2.2312107993470724,1.2370374005685245,0,1
1.6967417211893046,-0.8787424270286749,0,1
1.7926063132709058,1.5201131187432073,0,1
1.818148990082548,1.0508011298421127,0,1
1.9237911806057448,1.591174688799666,0,1
1.4794197373939793,1.2284461017506372,0,1
2.1387982156710135,0.7670078975935297,0,1
2.0700049774698663,1.5718741944165964,0,1
1.5245238530153025,0.5986753399036655,0,1
0.40155977485174554,-2.311495353594492,0,1
1.7529341978454993,0.13471091885061404,0,1
1.3591151487484228,0.09753978086393124,0,1
2.1704540004444524,2.1802879310120713,0,1
1.4896217807742091,-0.3559630051507586,0,1
0.88480682244101,-0.10802057449501708,0,1
0.38160796496618454,-2.620542680962375,0,1
0.8688006757298667,-0.5377245108016142,0,1
2.3945490436020815,0.4651398262463675,0,0
1.645220651920757,1.180984398466629,0,1
2.5475351939403135,1.749385482532945,0,1
1.603527444298436,1.1154088119651018,0,1
2.1908319149129913,1.195889372463998,0,1
1.7049161656001126,1.5274066269837723,0,1
1.2341834925523005,-0.11369581915155896,0,1
0.9929993833651948,0.6018518363263675,0,1
1.1908820183276323,-1.3413019290841015,0,1
1.2155766590462966,0.6583370634553134,0,1
1.5597022966462346,0.7453965934602224,0,1
1.1667964935396375,-0.9126639297256888,0,1
1.1941048968358339,0.7186534505065095,0,1
1.5459203047621355,1.1928167710143922,0,1
0.1917449705265175,-3.3452508923824094,0,1
1.1028917524481976,0.4323612208472469,0,1
1.6625148710472535,1.685750674929231,0,1
1.129360698755722,-0.21845477862425525,0,1
1.1852653653225385,-0.2110568365299803,0,1
2.42725218678017,1.8111863481266557,0,1
1.0025333196923742,-0.13489176231900193,0,1
0.979719441259705,-0.5706498731579146,0,1
2.5125041268673374,2.380044556609084,0,1
1.3795333603990314,-0.7713333178591245,0,1
2.307015175416535,1.1971388593216292,0,1
2.0348837354820994,1.8863692715690634,0,1
1.2064737792939162,0.14104538596055163,0,1
0.9149122633236688,-1.2343961889143484,0,1
1.1908175388928801,0.9432260228451956,0,1
0.7799054804649678,-0.029924868048537445,0,1
1.5692315740692586,0.51209382075843,0,1
1.521741103475363,0.4236211742301424,0,1
1.7104889981719935,0.09866098070624657,0,1
0.5732796028520549,-2.394259584449818,0,1
1.2952466491562384,-0.45451996671142486,0,1
1.992256170405806,1.1701802317989125,0,1
2.0666093546624804,1.7871856448366545,0,1
1.7957809595529128,1.695052914321948,0,1
0.9589276407622636,-0.24626620335519017,0,1
1.6853829314056779,-0.2915709517980609,0,1
1.589687358379339,1.872520930858188,0,1
1.117427210572274,1.3993721503421956,0,1
1.286572365231847,0.9057111397911457,0,1
1.3918325375332143,0.004428696693328885,0,1
1.741475518538495,1.1444434826665293,0,1
1.282956430723079,-0.2901206962338134,0,1
1.6037479957817014,1.0694245255244303,0,1
1.329792022855718,0.7998050869959573,0,1
1.0093618131444455,0.18910315182627294,0,1
0.6274384233093956,-0.27099984256788584,0,1
1.8950018235605672,1.6797510163159934,0,1
1.3770144834032219,0.9824210197597678,0,1
1.2338169048060732,0.49054729920800194,0,1
2.1952721273587033,0.9103265417652645,0,1
1.2214357471039767,0.7860609414627421,0,1
0.9705874712109271,0.6365838009427898,0,1
1.1693738335603456,-1.128277931038411,0,1
1.1277508596554127,0.7391119278399289,0,1
1.6421090953232598,0.5221508185840444,0,1
1.3667636776093608,0.606909138992073,0,1
1.6980507524296142,0.7184980445869473,0,1
1.6402707919311614,0.23927138893271463,0,1
1.9454247489567293,0.8364859706219453,0,1
1.3731685695850129,1.5629813106702883,0,1
0.9296687803170957,-0.08547904403605236,0,1
0.7667733578574688,-0.48736850979792107,0,1
0.928789334750295,-0.637344682063806,0,1
1.3533368188186388,0.36755773003144654,0,1
-0.19297584839099075,-3.6488810344601714,0,1
1.3510523017704352,0.9830011760238451,0,1
1.4814255737744249,0.38955227170166407,0,1
0.3777474311853071,-1.8310770595295789,0,1
1.2612886486852335,0.706249195461634,0,1
0.6104690459311193,-1.6371491337007078,0,1
1.425332278683689,0.6149916227126434,0,1
0.9319827896778572,0.47258136644703763,0,1
0.8364633979686655,0.4101232550666288,0,1
0.9510486847907585,0.2322704499371934,0,1
0.7892597245177694,-0.2118019801000366,0,1
0.756820027527311,-0.42093777264471066,0,1
1.3666816607632186,-0.3942927799191896,0,1
1.4612141150359332,1.021189955040307,0,1
1.3073438459051834,1.5429423026664233,0,1
1.0726714755728182,0.47109787647905427,0,1
1.6224070000542814,0.7538382662834089,0,1
1.1561185701450185,0.18347287579926924,0,1
0.4282898554363135,-1.5071376290755922,0,1
1.0701570363544097,0.9419244029598943,0,1
0.8899295970246709,-0.10094644242027764,0,1
1.9426906020695145,1.3396857377322613,0,1
0.8103277595109207,-0.37217266794871817,0,1
2.1531864052411276,2.0645354476922133,0,1
1.4653121340719908,-0.3007429694937022,0,1
0.2332563381854869,-0.8921163192866985,0,1
0.6214162399636246,0.6576007287892459,0,1
2.4122384736517493,2.5638404433557875,0,1
1.8180607238416457,2.2383566980019056,0,1
1.0016271383672837,0.649369623325446,0,1
1.4430889560016944,1.28118630810566,0,1
1.6748126673372867,-0.5197060436752856,0,1
1.6815101892613122,1.9413360277528213,0,1
0.9858272905658236,0.7058673748111943,0,1
1.0187638163932475,0.20416750160387293,0,1
1.2509386223090069,0.9897251646150763,0,1
2.069012299607107,1.8400786791949006,0,1
1.9122391262272405,0.7687636323206716,0,1
1.6951643350600298,2.0344736958259277,0,1
1.214845599033001,1.1894160585036788,0,1
1.1702891755895475,-0.3303669603168729,0,1
0.35759070215255817,-1.665163119433713,0,1
1.128533834067974,1.2811706306883734,0,1
1.4881435279284667,-0.10860012812534141,0,1
0.6251537039350826,-0.33319307912329493,0,1
1.4147804765519607,1.1613380775987292,0,1
0.6583966851904102,0.28686966899334737,0,1
1.321951947630148,1.6550912203626225,0,1
1.3166469670689052,1.3287964141793078,0,1
0.7302490911724633,-0.008616279204588717,0,1
0.7674059337444126,-0.7298386695999668,0,1
0.9602476295916352,0.004568643668811209,0,1
1.0940613735301956,0.6111682479434764,0,1
1.1919151868022604,1.5232603321415852,0,1
0.9632046517572542,-0.8233688032431145,0,1
1.7646680171756137,1.2005102534796372,0,1
1.136231298457756,0.011745158550688327,0,1
1.6286701766899856,1.5436130407624626,0,1
1.1991447382718676,-0.7084347167602844,0,1
0.27656632792146224,-1.8718466924008674,0,1
1.3535113642802306,1.0553517754661768,0,1
0.6790897910871344,-1.9715944672242567,0,1
1.6036906547538448,0.5935978010946371,0,1
2.577544981822821,1.1309874940338902,0,0
1.2623810429014934,1.548453003716877,0,1
1.7511402375350715,-0.17327908939728742,0,1
1.6468670642978545,0.4559945178626619,0,1
0.6801768237850842,0.25649173814124737,0,1
1.3373651817567536,0.45823345950740574,0,1
1.2485823081799687,-0.9299233454935022,0,1
0.6078280982021683,-0.6152272761295272,0,1
0.9567497610678201,1.114390645299015,0,1
1.4536321321532402,0.8917272276919798,0,1
2.573249433892893,-0.32249231982015103,0,0
1.5737749021296505,1.450706910960754,0,1
1.0219552713799063,1.154464621043178,0,1
1.5358259644320724,1.6650601082308034,0,1
0.8402412848103702,0.9446771732520239,0,1
-0.584646152133171,-4.978156863118645,0,1
1.8352530153230167,1.9416112606895661,0,1
0.8794798988446149,0.8683107263284817,0,1
0.647510753115466,-1.2384928804731459,0,1
3.1340121229609563,1.2232864877154181,1,0
1.2438788118153175,1.5465486895229077,0,1
1.894814876154051,1.6748354672004049,0,1
0.31579938666524293,-0.8644053137764859,0,1
0.05792261502330023,-1.2386870618655463,0,1
2.0465439111083388,3.0487052957474314,0,1
0.9714626421890249,-0.5038065817338637,0,1
1.3275750994638742,1.1670202211341727,0,1
1.289658883850342,0.8917386586166864,0,1
2.2337497713074415,2.310636894284674,0,0
0.4885292256847005,0.5513517799138354,0,1
1.2777702086247675,1.94171848749964,0,1
0.8029919761485862,0.1489230849521631,0,1
0.996904355496951,0.19430378351159694,0,1
1.3399229974230076,1.8276153908331996,0,1
0.5049274560330451,0.3714258644299282,0,1
0.9886837265905837,1.3169933108615879,0,1
0.6621023456448328,0.7263674409247093,0,1
1.3748579479526104,1.094591261813264,0,1
0.8920503813810282,0.6709019041132969,0,1
0.9534151689806317,1.2844504301040152,0,1
1.10589893727182,0.697639006320429,0,1
1.8974969527042345,1.7176201903272719,0,1
0.5523190183610732,0.2524744859396663,0,1
2.643690812711823,2.3495862109103998,0,0
0.36998284800801157,-1.392772368425479,0,1
1.1928339428334647,1.4064480380257456,0,1
0.8783468731474336,0.6504584566124446,0,1
1.2091447970917288,1.429371612970804,0,1
1.0139496137712254,0.13579149316038466,0,1
0.8288332793172473,0.7234138364772406,0,1
1.1930523365303856,0.5900938211259841,0,1
0.9102908348474378,0.35577847669652474,0,1
2.419368341878996,2.3257086992535636,0,1
1.462274996539815,0.834511937322941,0,1
0.9377467482983265,0.17884693800405974,0,1
0.31199263645345604,-1.1927933840929343,0,1
1.034845538718303,0.08709944226750808,0,1
1.6319053896256677,1.3105555614663305,0,1
0.7817836281163919,-0.2057983022818182,0,1
1.298222752789817,0.9050522814823373,0,1
0.9444156492773772,1.0836565634386177,0,1
1.3208927819607916,1.2756438032012527,0,1
0.8489566945207447,0.07674261390808754,0,1
1.0554464453923382,1.8874163163509174,0,1
2.575532100489748,2.033094541374985,0,0
1.296135316986219,1.5012675199109058,0,1
0.8411568643224393,1.2404192579276938,0,1
1.024337581802015,1.2254863790128934,0,1
0.9768317135051275,1.2598380495963477,0,1
1.7777562589632256,1.7975034539372134,0,1
1.462889205007329,1.3363866506813993,0,1
0.6308702165671839,-1.4512670105531025,0,1
0.6106633239312784,-0.28807940062122384,0,1
1.0366909558890711,0.26370954101102423,0,1
1.5437095572867325,0.6302235047983188,0,1
0.9379537118592916,0.7624851051229479,0,1
0.8997801339784636,0.8819345647489967,0,1
1.5057244793383815,0.9773459146774925,0,1
0.922953004363692,0.23872719526043823,0,1
1.5236916336234185,1.3611932228354122,0,1
1.0191684190799664,1.28273076554404,0,1
0.8278359883726453,0.5994127397848278,0,1
0.7297879027697189,0.41418042041128916,0,1
1.1181254399276779,1.5525539826184427,0,1
1.4754479980055957,1.07050676837223,0,1
1.0179059762389997,1.7184376326687132,0,1
0.7621549316876459,-0.8265454879404398,0,1
0.5370228102918626,-1.1059568165035185,0,1
1.2311741615127971,0.8033079554980664,0,1
0.31728320736867993,-0.8887410649252053,0,1
1.3025368799124049,1.320781811928842,0,1
1.1021106711801387,0.5155910038000358,0,1
0.5120881211541782,0.07674840824092286,0,1
1.152233966807443,-0.1522731327728376,0,1
1.5864459162527602,1.4048557474862797,0,1
1.423563551506828,0.8447089137658854,0,1
0.8908431374220891,1.132398698302091,0,1
1.4438602075150588,0.47963540471918287,0,1
0.6998969569025887,-0.6710175819300704,0,1
0.8193742079671555,0.3298287924504926,0,1
0.5603276723056251,-0.41089018255914117,0,1
0.15580567727648015,-0.5432418333711172,0,1
0.5941062750877417,-0.24860490411158415,0,1
1.6801754051114282,1.0757169373557478,0,1
0.6293864003169868,-0.06903196993862445,0,1
0.8104894387236702,0.8423984307824034,0,1
1.2570247821896905,1.2271775520207815,0,1
-0.18512765472524045,-2.668478154256632,0,1
0.7142657829100261,-0.3220397652501811,0,1
0.48069929423733576,-0.5861335163377077,0,1
0.6241468218724361,-0.6125083693900919,0,1
0.917569851585123,1.285068713587934,0,1
1.0949496362925442,0.9717705117148371,0,1
0.5711877747365115,0.3993851989858295,0,1
0.7899990266780751,0.34793385005337274,0,1
1.8163846049726733,1.4778763941492918,0,1
1.4058317784023364,1.1752682518346285,0,1
1.5133434153769993,1.6290641105281307,0,1
0.8243028999796296,0.7089594289833554,0,1
1.0920619468351076,1.4724775964217411,0,1
0.44805191087285307,-0.39237364437454314,0,1
1.3886940826243823,2.0122869427040087,0,1
0.8375253175844705,1.0667634716557495,0,1
1.7422432068561056,1.3138632579462624,0,1
0.7437900429872032,-0.43224096659750283,0,1
1.2664349298942288,0.022448392462766375,0,1
1.3471208758176318,1.081936358361416,0,1
0.9611566801385986,1.064660889231042,0,1
0.8288517528308196,-1.273609271586819,0,1
1.0441817909960909,0.46527804752241436,0,1
0.0406529881385558,-2.7044511717953665,0,1
1.737373856227463,1.9846533654824408,0,1
1.0930074269104384,0.9953220637368613,0,1
0.8121423925333243,1.2956973083171222,0,1
0.475771623046935,0.06821304361929333,0,1
0.6276625759308152,0.16833463689116238,0,1
1.7394701539347757,2.3641467482300813,0,1
1.2923188372413474,-0.6221663879651176,0,0
0.4684414740383187,-0.5046900955805522,0,1
1.3572186675347122,0.8323121427942555,0,1
2.0720278570903456,2.2772952109371714,0,1
1.1542089771667827,1.9998601818995823,0,1
0.9942630465439631,0.3096363880832535,0,1
0.6776105782345445,0.5897653941958741,0,1
0.938797430931084,0.8950595558414659,0,1
0.7907422633400186,0.9578998186888693,0,1
0.655847376216815,-0.5480232317899238,0,1
0.7996673503541335,0.9029273245923267,0,1
1.1205387567434968,1.1544286770809322,0,1
0.4121574726763961,0.05514164326595707,0,1
0.22756173289860332,-0.9441656994745758,0,1
1.2715764686610744,0.8989327898522588,0,1
1.2774132864919858,0.7398671284235895,0,1
0.7966037720980151,-0.014058103903350107,0,1
0.851102312865942,-0.542346981832502,0,1
0.6317989306831273,-0.6216052558964263,0,1
1.7577960315302654,1.7772020339374284,0,1
0.13212621243501074,-1.3567917860434133,0,1
0.9202133390219198,0.23883431918584488,0,1
0.6319655119844647,0.20353684379121018,0,1
1.001347857901571,1.4990700419312246,0,1
0.8029810927372708,0.42231942339711,0,1
1.391445704324652,2.2893722754088555,0,1
0.4763648789192285,-2.327638513307851,0,1
1.2550957100482019,1.0290905210840695,0,1
1.2259375894102933,1.9989687232967503,0,1
1.0802468328855757,0.7615486599869197,0,1
0.9491035973521087,1.0927683813078248,0,1
0.6893707208574426,0.9533811706546378,0,1
1.335744296296577,1.3635027552591519,0,1
0.7801501189669143,0.8534970892664184,0,1
1.293993727308099,1.3599231576250987,0,1
1.17632294104781,0.35720579781332557,0,1
1.3242448360985577,1.4783875483114142,0,1
0.7872895179931736,0.4458802757354653,0,1
0.9213621859209286,0.5368187338923995,0,1
1.7217487833927942,2.221372363982576,0,1
0.09933387691842978,-1.1719183852561055,0,1
0.7545144711334443,-0.05994648901642384,0,1
0.6577262069379111,-0.39854065412398787,0,1
0.6038364516021327,-0.26164790682714073,0,1
0.33253827203370695,-0.8168741970189682,0,1
0.7204546103792908,1.095699896226564,0,1
0.7113846458930795,1.2159369375167006,0,1
0.6005997117363094,-0.6747020715971507,0,1
0.2565539587134086,0.08453227365904321,0,1
0.5780923820091319,-0.10186251990003627,0,1
0.2397536860507075,-1.6612432270107993,0,1
0.4669117339635393,-0.3679724128574533,0,1
1.2225522542277387,0.6253716803840782,0,1
1.135429931189374,0.2901291632421336,0,1
0.16390092399698752,-0.7252109337829434,0,1
0.5037908957124312,-0.32942462929549865,0,1
1.510047285790014,2.10154730984016,0,1
1.4030108789633788,0.5512268125602717,0,1
0.13173388349827916,-0.7848508034359262,0,1
2.164019106610922,-0.4016730398774797,0,0
1.2594035766873979,1.9879744489191504,0,1
0.7763879375602069,1.1428895172391562,0,1
1.6342717040497,2.080900616678477,0,1
0.6052469903233629,0.6697991810148676,0,1
1.5520532466576535,1.1470039111518695,0,1
0.8093407759061737,0.8988289649651247,0,1
1.1764377726215831,0.020909813495285604,0,1
1.0130002313892876,0.8402575792887368,0,1
0.377671318274376,-1.608430012306959,0,1
0.8560566588450785,0.9902317317868795,0,1
0.9168422381457076,0.5297463212710264,0,1
0.5272255967987771,1.1551550697283786,0,1
0.706599872530969,0.8793372132400127,0,1
1.2862762517750395,1.7747399382931168,0,1
0.4448866952112863,0.45638880391344655,0,1
0.7159901641242334,0.5509648256471671,0,1
1.6198056424320528,2.4051717935785666,0,1
0.19318882431447507,-0.9115312836937665,0,1
1.4204214700827502,1.5036754840251105,0,1
0.6392565483188065,0.7784617813477088,0,1
0.9295599653430523,0.601219230685288,0,1
1.7623203297227223,2.0941326736231844,0,1
0.45874929205658804,0.6690626409468365,0,1
0.9602470022573296,0.375347937347151,0,1
1.1053447068410822,1.211715747445854,0,1
1.0732534701458833,0.4627148556675565,0,1
0.9607151082228499,-0.28432492925501657,0,1
0.5642093233407135,0.6611336019135541,0,1
1.2365769073876027,0.11723180763968116,0,1
0.654009636457079,0.32871212093272134,0,1
2.0248800684159045,2.4172055514603876,0,1
0.9604043467054337,0.948940728964653,0,1
0.5878409321107011,0.597452350927711,0,1
-0.11779926757292825,-1.273697337753771,0,1
0.9744581553037532,0.05233390201044465,0,0
1.4680275383483465,1.9841119505106612,0,1
0.9708337288253588,0.035754690237402506,0,1
0.4417679333604446,-0.4595132142221718,0,1
1.3936072367758077,1.5088698178743611,0,1
1.090692697257793,1.9321942324484722,0,1
0.4089806501869142,-0.8170887087479775,0,1
1.054763280233253,0.4169371728307077,0,1
0.980158879743376,0.3332155372747091,0,1
0.8718822576462257,1.4934014092321055,0,1
0.8110534493610045,-0.1754151829496471,0,1
0.3935690797665811,0.20931705258214725,0,1
0.552313542360901,-0.3444385830516409,0,1
0.5039739397802354,0.5572397110298195,0,1
0.6993968160383128,0.207258005997823,0,1
0.11342524757631228,-1.1754238240277228,0,1
0.27708380574734115,-0.028014714627930815,0,1
1.206552765115243,1.2362665011270961,0,1
0.7334016148544853,0.6025372751444324,0,1
1.2885637201876725,1.2988906923424774,0,1
1.0775823550798125,0.6755238397891343,0,1
1.962366116662511,1.1950415703877995,0,0
1.5776321422394881,1.3232900688013205,0,1
0.6180932246469036,-0.26530122703465336,0,1
0.7962986794495285,0.5885186356855248,0,1
0.8905560789825253,0.8452858339991441,0,1
0.3330804261166387,-0.06643176729145021,0,1
1.1187036125689038,1.3962392654880824,0,1
0.7713908739409364,0.5974062119129283,0,1
1.134841298119406,0.7802777771747313,0,1
1.2982475292984301,1.4234733236562522,0,1
1.472924012058038,2.080208108983973,0,1
1.0118602543682578,0.9136737242416645,0,1
1.0859594215906527,1.5580931535379232,0,1
0.47923736416324925,-0.3228883669605003,0,1
1.100822490460272,0.849341286847823,0,1
1.0230109018212303,0.4887770224321324,0,1
0.8380183398234041,1.1547392459754233,0,1
0.33729740822340987,0.5359908325556311,0,1
1.0469165520417902,1.138242961383832,0,1
0.5279871205673073,0.3900227561876491,0,1
1.0213092178124286,1.2028467313172935,0,1
0.7372682619349112,1.3330986708806296,0,1
1.870379331471951,2.363932029026939,0,1
1.1626307035346768,2.19352220752112,0,1
0.03775524642210475,-1.2780533684396609,0,1
0.5177063409967171,-0.04028969648813046,0,1
0.5580050507926259,-0.20015253691563004,0,1
1.5775759597510333,2.335849712794803,0,1
0.9968400123504612,0.9536116527107498,0,1
2.224184061727183,1.0669794410350428,0,0
0.5771836240217426,0.8494253391568696,0,1
1.130581100924454,0.5268948048072833,0,1
0.4628093340722831,0.07393316780279803,0,1
0.7145583938874763,0.6618967501379167,0,1
0.8122260417978732,-0.0005796802769786577,0,1
0.830692223368599,0.6878551773745453,0,1
0.2557065315779489,-0.15703367012709943,0,1
1.9415376640740623,2.392251775050065,0,0
0.18262122953067014,-0.6275717766789628,0,1
1.2325296341320393,1.4959845952198805,0,1
1.1743122069407925,1.873082907299347,0,1
1.2530018473005826,2.1241876535268838,0,1
-0.02834868316866334,-1.2676577666765967,0,1
1.3775739981675283,1.6542049786088997,0,1
0.5429106911159539,0.02447904586807201,0,1
1.3018884779193691,0.20555655701750863,0,0
0.8894305808775742,0.7207047884388773,0,1
0.48419589979924904,-0.4659480837046162,0,1
0.5860840059292757,-0.02629568042452674,0,1
0.47368484651005166,0.11303428699138801,0,1
1.140422039803051,0.9278939030760092,0,1
-0.37634118582240805,-1.7466598052630091,0,1
0.024244238482186837,-1.0035530771885735,0,1
-0.3923371015823083,-2.171385256209871,0,1
0.7999346508632047,1.0756601203594243,0,1
0.5512869792317107,0.15741384192609612,0,1
3.0331194924592766,2.1074331935585175,1,0
0.5313749517963826,0.40007099536373414,0,1
0.9292750729376915,0.37205873707514014,0,1
0.3693771756355505,-0.13573866637901894,0,1
0.540899590541699,0.33096603462942403,0,1
0.9340647029668958,1.4412106441672998,0,1
0.7763214767822576,0.9763751089188838,0,1
0.2976465270559909,-0.43068311506934714,0,1
0.9769004817614535,1.7345111991529643,0,1
0.7589621892732481,1.7335599569358362,0,1
0.15755345050353853,-0.2713528391048121,0,1
0.11385070480342842,-0.749394903460509,0,1
0.21129413853629506,0.01479579281657262,0,1
1.7917929163891106,2.0047586916694,0,1
1.4646181858687357,1.895333752706864,0,1
0.575994427885926,-0.8274666213654894,0,1
0.6510892202552756,0.30494032637974566,0,1
0.515886622696712,0.510499266718271,0,1
0.6209059293183242,1.4674641701223505,0,1
1.4272594032601493,0.60841832524968,0,1
0.7039202875759203,0.7717027890515608,0,1
-0.9205701598588614,-4.561126747450135,0,1
1.2567849042002441,1.7790272241915066,0,1
0.5774485748429093,-0.1352416498318075,0,1
0.1109250579138913,-0.33063675803076537,0,1
0.1476449450767334,-0.8556154300248254,0,1
0.7391123453837762,0.7560928078286425,0,1
1.2241985387499816,1.3322387335889792,0,1
0.2624379839670262,-1.272896339008987,0,1
0.27430361199222564,0.15473023685096568,0,1
0.3662261171553321,-0.7546592221784444,0,1
0.8278600352164501,0.7257998433582593,0,1
0.5703957763268622,-0.6796484144887414,0,1
0.7567022359123001,0.25313293968649875,0,1
0.36504844888944143,0.2988531715434331,0,1
0.3125261699458736,0.6619469226030142,0,1
0.5429139612705183,-0.41931571968613823,0,1
0.6371955397613337,-0.8176365628420467,0,0
0.6400065898237502,0.10970209238460926,0,1
0.8386654844162384,1.5165615764325686,0,1
0.3413049988172176,0.05496706185896849,0,1
0.9368525722239728,1.4308567482128889,0,1
0.765603523291108,0.7184281490739514,0,1
1.4771082895589192,1.907612876203637,0,1
0.829026853897408,0.5921831438552735,0,1
0.20073578454691607,0.6413362290663204,0,1
0.14722593534563289,-1.1415671045462548,0,1
0.9028353303575459,1.4897164461388044,0,1
0.946940160877017,1.5091800818925352,0,1
-0.08740102095752961,-1.4129319965700717,0,1
0.6768282257336488,1.158493441978155,0,1
0.3542723725944903,1.137740209017477,0,1
0.6644763425951352,0.2834750897078017,0,1
0.5476060709566812,-0.465519538514325,0,0
0.3282753154389315,0.17965757392812648,0,1
0.9158921426565333,0.9077409919615601,0,1
0.656628046499745,-0.2828788925019063,0,1
-0.6471243869242961,-3.2421168525523405,0,1
0.3919295731781817,-0.2640809943996497,0,1
1.3375994626005396,2.6830871685571087,0,1
0.1708846433361874,0.07635499626394535,0,1
0.31537075260932496,-0.9709588069858126,0,1
0.5366460148660026,-0.40815632280223235,0,1
0.8097192366923893,1.0992749697441757,0,1
1.355343030283354,1.5757909960480312,0,1
0.4448450621956324,1.030816194383066,0,1
0.5480021821308801,0.2060967692112816,0,1
0.5164625641662877,0.11643745650629186,0,1
0.005299925995413273,-0.709367441667959,0,1
1.0326788730210297,0.9913378087333244,0,1
1.3847912456431617,1.2600062441025774,0,1
0.22586238234985617,-0.10775147947263458,0,1
0.8211735299546739,1.1310615180415715,0,1
0.7825285069256028,1.6322317574911573,0,1
0.4526337628146153,1.221101683294789,0,1
0.5062057281846506,0.8187152584663202,0,1
0.3603034453513506,0.43890016218722233,0,1
0.11123787800167666,-0.1358016756274387,0,1
0.5729922738008655,0.7982218990231555,0,1
1.0778688243654946,1.1387052537513656,0,1
0.2222646081380428,0.3185848333994563,0,1
1.1582907651987393,1.5804119648752328,0,1
0.6424526554256427,1.5611838061885235,0,1
0.7749712032091103,0.24708187317767352,0,1
0.6086565548777146,1.11567980688692,0,1
0.454051184990861,1.1865857747518294,0,1
0.7166339942288784,0.576172650348195,0,1
0.4531446826389737,-0.09430361760039925,0,1
0.251287110655102,-1.0969680767063126,0,1
1.123292373379957,1.2788370781253149,0,1
0.9853654425381262,1.686785584640102,0,1
-0.1168031602023082,-1.6191766618857009,0,1
0.3417569677059034,0.17231104876728798,0,1
0.5228258237783849,0.9200496669799076,0,1
0.8084459295431529,0.28768872569435605,0,1
1.1932443907905828,2.045630456816776,0,1
0.17510485644145213,-0.2170364380574023,0,1
0.17831199714324025,-0.47011753931596306,0,1
0.613945777315367,1.32671858577158,0,1
0.17816212677550658,-1.613188728608856,0,1
-0.2730310487028997,-1.1346183909176408,0,1
0.5703375826385493,0.3147430768727256,0,1
1.3093851057225394,1.7788110274968565,0,1
-0.10553879077664234,-0.22135042044533298,0,1
0.6161784440646583,0.6468842254801165,0,1
0.3291030763243354,-0.5189045370425579,0,1
0.6309165101285054,1.0323365960526139,0,1
0.2614327821713317,-0.40090145976298813,0,1
0.060705277449102465,0.013928785449502023,0,1
0.5288146206190539,0.47031159730031574,0,1
1.076343152475674,1.492911988110805,0,1
0.7424521421340109,0.5575515042219145,0,1
0.5809773659782649,1.3897304040682859,0,1
0.28854241139041553,0.1867299023474937,0,1
0.34169087067810655,0.9986899777574636,0,1
0.6577156387617228,-0.834875488636115,0,1
0.6036359445192457,1.1154632066778467,0,1
0.22771679978406228,0.3369216862929213,0,1
0.18557063244632405,-1.8451943025210416,0,1
0.3230211363640373,-0.21006257548862378,0,1
0.2269175120255551,-0.6900827729773544,0,1
0.3652009405887736,-0.29684973937243125,0,1
-0.09892641708243159,-0.6138798661341793,0,1
2.274540141407741,2.838651457301609,0,0
1.6090347354640209,2.0469764418215943,0,0
0.7009759381016203,0.8042246147209127,0,1
-0.0737342412603764,-0.9505318074153799,0,1
0.5330182591613681,0.335496309716829,0,1
1.485847913645649,1.0082033177783667,0,0
0.6067362748824592,1.0115465120130416,0,1
0.5327863918589252,0.17444902675333931,0,1
0.44996023055903955,1.080478856491415,0,1
0.23618006429144633,-0.44104307423149947,0,1
0.4493765585734719,0.5742677073931604,0,1
1.1485664910101074,1.4617142783377661,0,1
0.0860595504707626,-2.9755637908467314,0,1
0.42570534905581386,0.9362557901983782,0,1
0.186661418403186,-0.04065933658627163,0,1
0.4748115119281733,-0.10763228551250177,0,1
0.9537975325383302,1.2191847529084752,0,1
-0.028733689943825347,-1.6918602294020808,0,1
0.4908808284956827,0.6854625511581177,0,1
0.5227029151069266,0.7592732786230793,0,1
0.2160662017080789,0.2940680035860868,0,1
0.2859809221131443,-0.36881457769795634,0,1
-0.6498769532527093,-3.3212081521764927,0,1
0.8169991299867005,0.3725581883286636,0,1
0.19398828312928176,-1.3481273507994376,0,1
0.5029636136577303,0.20011038661929412,0,1
0.8198620405840618,1.1234390682234878,0,1
1.5766990140963206,2.2962840672743083,0,0
0.3506537782439899,0.56748317021462,0,1
0.34022814665260603,-1.235369552478957,0,1
0.6074530501973383,0.8816104450296894,0,1
1.5585779441811989,2.7965104699356536,0,1
0.5415023389859136,0.6814054590545015,0,1
0.8277299372828023,1.106591077668329,0,1
0.37918226281116496,-0.09624618750242857,0,1
0.2790160632500556,-0.7674675590323052,0,1
0.39499108655617304,-0.4273637090987258,0,1
0.3918064834597369,0.8904912834179756,0,1
0.4964979905349863,1.4159850249260635,0,1
1.231944119281272,1.6388093156953125,0,1
1.4805243478220917,1.8919975315240696,0,1
0.5828805665139462,0.44160314305124937,0,1
1.0134025298088938,1.0772732973343726,0,1
0.3986889689394479,1.1667312134763979,0,1
-0.5939570875609296,-2.3881218174193286,0,1
1.458418654567401,1.7464800723670204,0,1
0.06333628513473663,-0.8755740612186471,0,1
0.6466180359482088,1.66538904681168,0,1
1.0826883927823563,1.2211687624593262,0,1
0.8888699613239462,1.0866757508595046,0,1
1.0467297712327996,1.0874455631140767,0,1
0.8597680401011526,0.9090633457743884,0,1
0.5520637095992652,0.17781437201259015,0,1
0.9254502067804209,0.861543257239371,0,1
-0.09744895318665009,-0.695322195823577,0,1
0.7519110824754222,0.9833480284299267,0,1
1.260438591044322,1.8999822427561364,0,1
0.5526983551299444,1.3562478044211976,0,1
0.5284333676700109,0.6257907899313677,0,1
0.2984792366562887,-0.27775718021743223,0,1
0.3599801453479853,0.5701240339370649,0,1
0.05332147186317837,-2.6871530593333444,0,1
0.35569576151006993,0.6182925325715402,0,1
1.3032486717699823,1.4626681376323023,0,1
1.6948137157713201,2.530599949865151,0,1
0.7168199130960974,1.5787071660381955,0,1
0.8959392974205547,0.5187321725315865,0,1
0.9590564616527292,1.8238213869917008,0,1
1.423174812492314,0.6895886093636413,0,0
0.28302015040274114,0.5102994152490515,0,1
0.344096043074456,-0.14266309201968977,0,1
0.8069918222776636,0.8546989783107071,0,1
1.1032722462932725,2.5451467300151385,0,1
1.4781256996564525,2.229245226842005,0,1
0.5079929427223363,0.4658789858594808,0,1
0.8332188053898305,0.3973054507635284,0,1
1.0918681897815996,1.5303958196108942,0,1
0.23737441793713143,0.28308434893468537,0,1
0.9759815853838673,1.816051222422257,0,1
0.9938889424298507,1.3649494145466503,0,1
-0.07883598117349089,-0.9032936752229158,0,1
0.7875398425412475,1.1286249869050167,0,1
0.5468058376605981,0.2576357251192553,0,1
0.49723313969138305,0.6889044138910442,0,1
0.008315263625809012,-0.6664655746022248,0,1
0.9043253149231476,0.5515514705875953,0,1
0.6870390843423927,0.36816393395453567,0,1
0.16251653713015768,0.7860987741365938,0,1
-0.31876458525770873,-1.7593298461003506,0,1
0.22535932914773874,0.6434465572010185,0,1
0.553709198769413,0.37086098924508437,0,1
0.6889223662571419,0.2382867633328635,0,1
0.41105140488318725,1.4080609986553392,0,1
0.2473648653915785,-0.5221999383627816,0,1
0.638101398433524,1.1151030155227897,0,1
-0.23809563338138082,-2.8535806607182437,0,1
0.24607211568602025,0.258859559241896,0,1
0.4845636483663853,0.07296829196767773,0,1
-0.02185934248377142,-0.777086547478455,0,1
0.8773883590284698,1.5848546267488772,0,1
0.4284842733577981,1.1996269949232472,0,1
0.21651095434187337,0.02190234741678192,0,1
1.8948173358538798,2.11074341087895,0,0
0.7898197822396615,0.9044559494494417,0,1
0.850274136808961,0.9745076524151981,0,1
-0.19463260711661673,-1.2328219097359974,0,1
1.4191914918061035,2.010228916023236,0,1
0.17433053623703265,-0.16577346384757807,0,1
-0.513463265050866,-1.8849888247692494,0,1
0.5542200992006122,0.7648304538604815,0,1
-0.0292042854948138,-0.6622466012378496,0,1
-0.03716304819290442,-1.31748564560113,0,1
-0.6246582680834437,-2.351523601024729,0,1
0.1770748702896391,0.2653790874405449,0,1
0.1653547073926241,-0.2696222962658582,0,1
0.8934483379121417,1.155883174309536,0,1
0.6103936315133888,0.44207081370436535,0,1
0.3647027763902343,0.36618697885299106,0,1
0.787908483968697,1.689872178191167,0,1
0.7254303040940947,1.5871955787932759,0,1
0.3540122156314689,-0.834609974054703,0,1
0.49193570096107586,0.7139533129925757,0,1
0.8416932956015608,-0.2352025693369734,0,1
0.46873381179431656,0.9623458273134093,0,1
0.29776674537485703,0.4127035577679942,0,1
1.2574991455371627,1.6090108428005876,0,1
-0.07464602333410261,-0.8079232753473439,0,1
0.6258632209189022,1.0598207105654263,0,1
0.9250438340304296,1.5921829762399151,0,1
0.764564504535144,1.294279906011799,0,1
0.6539141891164908,1.499412145673055,0,1
0.26791717483211497,0.42998297008200087,0,1
0.4616271064210336,-0.03587418345652835,0,1
0.5784248932427513,0.3193157629886309,0,1
0.2435397785684326,-0.48546344879783904,0,1
0.43508669445958326,1.6725056252167871,0,1
0.47107737506637154,0.5825515071982547,0,1
-0.1922433243007142,-0.3444958730987343,0,1
-0.04059232593111423,-0.04614051792614159,0,1
1.067882595106615,1.7471536424086533,0,1
0.6769591635581466,0.7426315593922659,0,1
0.7968845523326141,1.4141528827706413,0,1
0.8414849618392591,0.9082569112587998,0,1
0.18221700923867157,-0.30680797821113215,0,1
0.6114348003231308,0.7713510858680986,0,1
0.0404698311743222,-0.10449468902146104,0,1
0.6941210065118134,0.8707163070789965,0,1
0.4317669879567664,1.1957363229954754,0,1
0.3876362361104017,0.994371418216391,0,1
0.4049680881705873,0.5032290810280907,0,1
-0.1855965643493665,-0.1073244121691028,0,1
0.06979906760425081,0.8254263593182981,0,1
0.5923921252728379,-0.14447711277918973,0,1
0.9810219695675402,1.9588988224673822,0,1
0.5788607324868478,0.6642389000696356,0,1
0.3496145132401256,1.0170096113482034,0,1
0.7250854032306774,1.3491403644000857,0,1
0.8561497486719919,0.918021613150878,0,1
0.37423980816052893,0.7090260696088163,0,1
0.2088714290632087,0.6038681106718687,0,1
0.5609781168145802,0.17658665950221178,0,1
0.5178289672442321,1.0205957773551189,0,1
-0.12513423002666088,-2.017525052529396,0,1
0.42679802907279213,1.2388982782526092,0,1
0.4781261476105244,0.5804490542065585,0,1
0.4882033830999691,0.21209701739704004,0,1
0.784734324766591,0.30506282685655023,0,1
0.3209420390493899,0.860630989544702,0,1
0.8908294966670905,1.4905048412571538,0,1
0.470390815753791,0.6044024378420673,0,1
0.45673138578066413,0.32957150475833324,0,1
0.5244671106912406,0.8381238693377178,0,1
0.47703855367984055,0.6822697314317303,0,1
-0.08112037945356139,-0.6786025408779981,0,1
0.2735650846774241,0.91056560786456,0,1
1.1207797452486026,1.8450913442982402,0,1
0.43505155589327565,0.48709034384444805,0,1
1.2683143191170159,2.3705331080587566,0,0
0.4974233484192916,1.2895627630930073,0,1
0.33417448209006434,0.775047638272842,0,1
0.9411116825589918,1.3654175420076784,0,1
-0.13761303519840518,-1.108136989614831,0,1
-0.003742969943523692,-0.153373150859251,0,1
0.37733888963535106,0.41922033735481207,0,1
-0.07288854226694258,-0.4207326461560025,0,1
0.22497520452942563,-0.006743762355176392,0,1
0.6964389265192658,1.5665605034704089,0,1
-0.02378589810005384,-0.6079531659670562,0,1
-0.29029341472048126,-1.4148382069172667,0,1
-0.6319583405316255,-3.228232982883178,0,1
0.27990451481763295,0.21434428794987082,0,1
1.0956668290792995,1.7435494183054958,0,1
0.31428321459410385,-0.4437628012472193,0,1
0.24968539582609672,1.1272202410679124,0,1
0.10708893626741406,-0.4653885702226996,0,1
0.17946539514315576,0.7433709613811967,0,1
0.2533194552300332,0.5699892272671806,0,1
0.6086047225678828,0.8676201504943402,0,1
-0.5007941379328208,-2.6786112797759043,0,1
0.1922828630660807,0.2838039264872379,0,1
0.6478629171775782,1.1275926349886038,0,1
-0.11714099096292173,-1.02079380011793,0,1
0.9433609221890058,1.6236293381950013,0,1
0.30346228937622477,0.04234751590435335,0,1
0.6588389415816666,1.0457583183518313,0,1
0.8209808703846024,1.1472613766494433,0,1
0.4576091354902914,0.7273517384510249,0,1
0.9905893761130232,1.312076603952147,0,1
0.9565556689336526,1.2184756968431107,0,1
-0.3620815163838732,-0.9827434488317748,0,1
-0.4052324310199633,-1.6765313625569822,0,1
1.1379905047164354,1.8859539958145763,0,1
0.5197293392328325,1.9055509791894027,0,1
0.44884845473922375,0.664878874239327,0,1
0.7841466862171068,1.353366547969338,0,1
0.13658235112873138,0.9230454954751279,0,1
0.1212558815044064,0.20484177336890133,0,1
0.109585966596256,0.07846563444006727,0,1
0.693701150434084,1.2438181127315222,0,1
0.750440321594868,1.280671316931983,0,1
0.4045234709354484,-0.33277819327991304,0,1
0.24214069616917913,1.4001276496012487,0,1
0.15582385195552487,-0.0031610789909913978,0,1
0.9489449814231059,1.629549635513435,0,1
0.04184344703608444,-0.8355460212296884,0,1
-0.36359575657392046,-1.196799310106729,0,1
0.28381747339386776,0.3764127142819923,0,1
0.7682150582892265,0.9535523418897862,0,1
0.3631887154672977,0.4983016912940288,0,1
1.2254128742886135,2.2054142294150454,0,1
0.38061628374297857,0.8279071855487559,0,1
0.38000525664016477,-0.18084646235544471,0,1
0.0779797272337153,-0.5153764276428073,0,1
0.8832535185981655,1.1069887386407544,0,1
1.8605870682869188,2.5235987210227333,0,0
-0.2218813404674234,-1.5422546114314506,0,1
-0.5086774155638575,-1.5944321726340827,0,1
-0.2894250331205023,-1.4386269266709737,0,1
0.8057560662690247,0.7586550824074522,0,1
0.7402510768218612,1.099749047400094,0,1
0.41285860545214964,0.9165884313441951,0,1
0.3991862941319011,1.3628830484706491,0,1
1.3666887690199647,2.5626967887894843,0,0
0.05102252060545453,-0.32336535977557407,0,1
0.5735183885919387,1.6942456401713308,0,1
1.0443201864162328,1.9151230912468022,0,1
0.0704364627327742,-0.7007672314066331,0,1
0.22391892648173206,0.628984315423527,0,1
0.3011226066782435,0.594338927555277,0,1
0.37460019513890264,1.171580981089989,0,1
2.1594068692069297,1.719681482134384,0,0
-0.7284553070916026,-3.0896794532491487,0,1
0.056647740617251564,-0.1494572221498714,0,1
0.1573860213587156,-0.5365807140558767,0,1
0.26243427122789714,1.3020679307247276,0,1
0.22660528424205598,1.2829843699074461,0,1
0.7206889926728847,1.8008019342958923,0,1
1.6924607539962995,2.2687359392840487,0,0
0.5784407024403188,-0.638273857377668,0,1
0.4566596780213921,0.002021588840447527,0,1
0.26140344175463665,0.941043989341696,0,1
0.0295483937092958,-0.6357750865784909,0,1
0.17803949262167906,0.2227539623646502,0,1
0.5874895733460168,1.367811202209891,0,1
0.2764448001579246,0.40369996164091854,0,1
0.1736482998180011,1.0008237657654973,0,1
2.478752995196547,3.414345809992753,0,0
0.09924948336766633,-0.47243419644651446,0,1
0.24786197611641306,1.2898578584093028,0,1
0.12268911459100296,-0.7895993294535177,0,1
0.558480193603776,0.17891306387270922,0,1
0.5936533932572393,0.6175156319770267,0,1
-0.3127468977849505,-0.6350585367873496,0,1
-0.23440063361564759,-0.7395521264902547,0,1
0.4704745820593255,1.267208248051441,0,1
0.272802203248063,0.170309957634413,0,1
-0.14300956221714248,0.31415599982206255,0,1
0.8494756916838346,0.917435338570797,0,1
0.42164844050546224,-0.927179245180317,0,1
0.18735663124920668,-0.10034697461110595,0,1
0.2831250422540886,0.5596014024543795,0,1
0.6768246691006411,0.8597670369713649,0,1
0.7077114934153346,1.0006017419051785,0,1
0.5063879423965886,0.10854707457860843,0,1
0.3564583463379786,0.13367455438766737,0,1
0.5487907329107696,0.8552378142731365,0,1
-0.19077669432723363,0.024123038328595862,0,1
0.8090606043811855,1.4713603511691553,0,1
0.47845661248698734,1.19603459557771,0,1
0.4951691502402401,0.6385447090445523,0,1
-0.03081395775343165,-1.0892087320496897,0,1
0.3993041094509409,-0.00876012714208053,0,1
0.28715653807070995,0.3128492065076448,0,1
0.09901902933434847,0.22783869319760142,0,1
0.7116461654191353,1.245399803247922,0,1
-0.6473470574492243,-2.4994968023503774,0,1
0.9598574627841481,2.319188071412513,0,1
0.48578069790263845,1.475739813411292,0,1
0.34779881753420105,1.2532317717393995,0,1
0.05848000318763741,0.06604173405713637,0,1
0.4644122567316182,0.45908806652749046,0,1
0.38425551731925345,-0.11213503943615569,0,1
-0.29380335017970344,-0.7598796534760691,0,1
0.2905634588820955,1.3920269811914954,0,1
0.47182701376252506,0.5193780584641006,0,1
0.7688743474839225,0.677440172697715,0,1
-0.003142623316009152,-0.9144789275359141,0,1
1.0414509597676505,1.6094662751028797,0,1
0.288761899029341,0.9419120522018075,0,1
-0.08264628632936044,0.5036888296821794,0,1
1.2558608988516369,2.334641941394164,0,1
0.2641434811708856,1.0130232892342854,0,1
-0.13828438604563753,-0.2159442757735089,0,1
-0.5372589121966009,-1.778018483055056,0,1
0.4179514276791934,0.15030531121594526,0,1
0.47400782450277573,0.7840178105165193,0,1
0.36105980268086724,0.11732885151761312,0,1
-0.8511724376383647,-2.595325005906012,0,1
0.485275614577271,0.8421325773808738,0,1
0.009329504430499558,-0.4348269107262683,0,1
0.5992076704367157,0.13828471065584066,0,1
1.3392328180635538,2.0261431782131796,0,0
0.0066184018130084525,0.13842768858457408,0,1
0.3174051395393372,-0.11893885331303046,0,1
-0.4642535658771156,-2.131874666909432,0,1
0.1942326913702011,0.5811739823756732,0,1
-0.3797798672236896,-0.8544057675771839,0,1
0.8000043639878581,1.7633266415790783,0,1
0.5244035262885182,0.7731968060179791,0,1
0.6555909905283359,1.1689401189567887,0,1
0.4728021759821015,0.9996376801074957,0,1
0.1791727778152049,0.6417309871550656,0,1
-0.5109752115520239,-1.746594151129128,0,1
0.639734417724042,1.0661041832436582,0,1
0.02138833952113496,-1.002580551006113,0,1
0.34799009877628717,0.6053666456631762,0,1
-0.11298409959796069,-0.10220077542711868,0,1
0.6638005776160746,1.108008954919487,0,1
0.22258128565474383,0.2608102223235786,0,1
-0.10680582649729413,-0.47414490184656954,0,1
-0.05112397283779311,-0.7123605593783429,0,1
0.12255051060347313,0.5367838560601739,0,1
0.5246258747824865,0.8597395243257241,0,1
-0.006421985824706014,0.12035229347846763,0,1
1.178370006807956,2.388136061697141,0,1
0.2847564275010142,1.2394285464939576,0,1
0.05247790564114237,-0.7486512027399403,0,1
0.02966286893929871,-0.30671708085328225,0,1
0.3967294443556709,0.3033608215396836,0,1
-0.11012651588477078,-0.37880193226437997,0,1
-0.03351212552865053,0.355184518681353,0,1
0.37167971363179614,0.05509817864632233,0,1
0.13482809299729098,0.5032407015538198,0,1
0.8330716403508607,1.5887870111475249,0,1
0.9643399950332661,-0.22721382300691087,0,1
0.06599880834670291,-0.3162160112278604,0,1
0.26504575938073544,0.6176942249454238,0,1
0.585497434351606,0.9543322566778973,0,1
0.6728644089113269,1.987287915207936,0,1
0.38684964688841683,0.26544001014501734,0,1
1.2398232611854072,2.3206375127240104,0,1
0.43851317832299536,-0.19083047486722343,0,1
0.3414937151651198,-0.014843554365558172,0,1
1.1643417861721803,0.6242677324445947,0,0
0.5007976719609278,0.5424608047742848,0,1
0.2819886214531972,0.41815700847258636,0,1
-0.15007415930904427,-1.126976933480637,0,1
0.051943800584725565,0.29901043495020563,0,1
-0.49241999267808806,-1.5040630020377632,0,1
-0.19622894604635804,-0.010137150505054163,0,1
-0.49404742379571187,-1.8915876474882853,0,1
0.6353056691472752,1.273597443292806,0,1
0.58407272005572,1.716321400067857,0,1
0.1312248333404096,0.8392269999734466,0,1
-0.13520888530407058,-0.4833741459449856,0,1
0.07657482566938437,0.5091800039555441,0,1
0.24475111515803202,1.4288817213174874,0,1
0.33441357594695675,0.041791786370550726,0,1
0.09430257224049714,0.13708450398286373,0,1
0.38627751099952057,0.24246708877327777,0,1
0.20435744835000894,0.9641361576548241,0,1
0.5656969209358518,1.6391685977717065,0,1
0.594182117997873,1.206947800395777,0,1
-0.5403684238192007,-1.346009319400178,0,1
0.271873147254198,0.7084641188157583,0,1
0.09057154398801986,0.5799585705109958,0,1
0.45980729109339163,0.9735461304938671,0,1
0.8483742692825328,1.4171268679870892,0,1
-0.08421153515784183,0.07531961640489082,0,1
0.3199633870357666,0.5517321634374406,0,1
0.15087088092205567,0.6308069030602914,0,1
0.006798158740213923,-0.24054030982462032,0,1
-0.15999627408453837,0.020217120119778248,0,1
-0.3518960353005977,-1.4005266223185153,0,1
0.22814525713142875,0.46143897700495207,0,1
0.13779288471699921,0.10088838357282079,0,1
2.351600025134246,1.5823523726127011,0,0
0.39411514172199924,0.7031750600217839,0,1
0.4808510210287291,0.8556402890455631,0,1
0.47644545882971634,0.8208902204206259,0,1
0.22578041434519497,0.9236695749529041,0,1
0.742430197199969,1.0776467722434429,0,1
-0.5017240701681807,-0.928541507391568,0,1
0.12031286570300258,-0.25437009593903254,0,1
1.086597256253855,1.910902455807228,0,1
0.38128937774421656,0.6379625996990912,0,1
-0.4821436572484929,-1.5778305838505557,0,1
1.1868849701591102,1.4500463405498891,0,0
0.6972354338912847,1.8902288991531435,0,1
0.34651891129122214,0.6409627564668843,0,1
0.2530962176074219,0.9892341043820292,0,1
0.6615348323363738,0.9985814330942461,0,1
0.4950804290967722,1.8904516797297852,0,1
-0.020382354695292045,0.07122637981232557,0,1
-0.6874731080587387,-1.6142441513160972,0,1
0.08161073676291458,-0.18304862916661577,0,1
0.22001437186779077,1.2711305411078861,0,1
0.5760066479303761,1.0397725576589103,0,1
0.7868327788198881,1.413661560839055,0,1
-0.11527456141380082,-0.29910287730066065,0,1
0.3447880110203287,0.12353999061100758,0,1
-0.12684663120152442,-0.5589193407793709,0,1
0.6143803942918339,0.6026337434738902,0,1
-0.17064736804306768,-0.25509693699779384,0,1
0.732824974645578,1.589410630465814,0,1
0.5774733910802865,1.1629674137904735,0,1
0.9794261144954783,2.0218625949175317,0,1
0.4422198008098308,1.6861559740191876,0,1
-0.2641773153359484,-0.0621972888536348,0,1
-0.4180955508765532,-1.6153239501276635,0,1
0.6089112943710354,1.3516591337067225,0,1
0.3984195668476443,1.3265779570755065,0,1
-0.03087452316153348,-0.6450192645604317,0,1
0.19459222724511524,-0.32249871868177454,0,1
0.2959801257356935,0.2015017491767456,0,1
0.13787518457245954,0.7250453534007648,0,1
0.6660848361266278,0.5585403705341573,0,1
0.3439834252109096,0.9505593986967024,0,1
0.06816554404469624,0.5207533529475185,0,1
-0.04087885496382233,0.4253215018856001,0,1
-0.6835643699945706,-1.730903629546272,0,1
0.39460944137749926,0.35562901362255755,0,1
0.4927711382847281,0.7530272935882403,0,1
0.19804917757306356,0.6012735849895745,0,1
0.6530240416427869,1.4192776697485971,0,1
0.035541172167488144,-0.05102692846041402,0,1
0.10003386124051498,0.4517214341074732,0,1
0.21987349342770468,1.4799926675479547,0,1
0.4406433943066,0.6746674091993402,0,1
0.19149808414486952,-0.0137589711717757,0,1
0.6616423429064304,1.1918265448651162,0,1
0.5393027325835468,1.1323420080783002,0,1
0.13006943105526503,-0.46721044957679636,0,1
0.3100021523525369,1.198974823455582,0,1
0.046357461921688235,-0.06310107954198985,0,1
-0.11746084941708736,-0.1306881048951978,0,1
0.12146882804398008,0.5804120670669326,0,1
0.05773655887190063,0.5335461353732005,0,1
0.6544735513308173,1.5683702196953242,0,1
0.39541655308297335,0.48654490745591333,0,1
0.5068141946293436,0.7029031895073284,0,1
0.25668087938799844,1.3783684996061778,0,1
0.6843020818119351,0.7497843195361175,0,1
0.7450158984533197,1.3813255341303425,0,1
-0.2664426917883804,-0.3450402769389687,0,1
1.5374561851966169,2.6702204809121968,0,1
0.15903694291444803,0.7820003002169064,0,1
0.5009645298563256,1.1595109214753063,0,1
-0.42602536581206585,-1.3693897521357274,0,1
0.7633527886768396,1.600217316665163,0,1
0.10037602878998253,0.7906837905028518,0,1
-0.24224976382284333,-0.6261733174869618,0,1
-0.5687570132600431,-2.1296398234055443,0,1
0.04082140030635419,-0.26366942532854537,0,1
0.5270647427076376,2.05782135941289,0,1
0.5142654268546151,1.690453331666221,0,1
-0.5244752025106331,-1.1300491511694957,0,1
-0.05503436649665943,0.30582838015782626,0,1
0.1357748352937442,0.7204180146384761,0,1
0.18925503978653213,-0.011798844226411696,0,1
0.14992245828758544,-1.2001460737998626,0,1
-0.7430613254128144,-1.8746908759610008,0,1
-0.16630348819885737,-0.36604789393693726,0,1
0.20776811853980995,0.9239073711747945,0,1
0.23222127746754778,0.2114502174148193,0,1
0.057113520653251815,0.6618066033224954,0,1
0.5997178280790719,1.8350864766898702,0,1
0.1106282953331164,0.17795929023471369,0,1
0.4028981331668665,0.12200992391445896,0,1
0.507494317282342,1.3439572218723945,0,1
0.21830311167584535,0.3835980320802291,0,1
0.6412701728206379,-0.02234392344074411,0,1
-0.42627031797639275,-2.481786922500938,0,1
0.03351902030500167,0.7018334941524443,0,1
0.24161387555378966,1.7472672399254956,0,1
0.160364943427867,0.8884118152725636,0,1
0.6063355587371496,1.5985654142868109,0,1
-0.2208679382290464,-0.0223204834464061,0,1
0.4673073598778768,1.2532963480648371,0,1
-0.27030840909890336,-0.2292973325744123,0,1
0.074725567569983,1.2375207967902737,0,1
0.4684080282446648,0.9968806587903744,0,1
0.9293226979884318,2.0176355881557964,0,1
0.21710270072743737,0.6917340981070765,0,1
0.3734314695395303,1.176349782214346,0,1
0.22292825117701834,0.6332242159125918,0,1
-0.3930853523255696,-0.6137783934573117,0,1
0.3804299018274314,1.2548969293549774,0,1
0.32172893988833234,0.6485814466301125,0,1
0.2370720427410099,0.8157180172656533,0,1
0.7675525169706179,1.8460447241159224,0,1
0.22530132387437352,0.4969585662977877,0,1
0.07831186164570175,0.5161545594634256,0,1
-0.22046786854552625,-0.7291977458779193,0,1
-0.10633571675763463,0.09379375798563677,0,1
0.25927123933108237,0.32375719319063134,0,1
-0.13748683865676492,-0.8582051088531851,0,1
-0.11938219296428239,-0.45256004481036455,0,1
0.7359000064849098,1.122079446309659,0,1
0.018345809821745204,0.6013992771953046,0,1
0.2840364542350332,1.1000479567040429,0,1
0.7904816446502125,1.532053644349921,0,1
-0.6578744078189439,-1.3270738119608791,0,1
-0.09548286686811518,0.6699499827927945,0,1
0.7210409712029903,1.7651454125110841,0,1
0.3823436771413504,1.2190549466104366,0,1
1.138631521969876,2.063606030535429,0,1
-0.20713547048515638,-1.535292603164654,0,1
0.5669332171283011,1.5530338912261838,0,1
0.3768588983788777,0.8101083233227995,0,1
-0.2923861758638887,0.23218295679020903,0,1
-0.5732399292241472,-1.0538132390942645,0,1
-0.3206704133370176,-0.9879786588419869,0,1
0.07995517024940006,0.7599220925089197,0,1
-0.2717116983379305,-0.7424008567711328,0,1
-0.6565176953064696,-1.7335734836482617,0,1
-0.054097566980568064,-0.9511298583554947,0,1
0.09900944182707215,1.2054578674351342,0,1
0.7665670359901843,0.34088354470597404,0,1
-1.0315863161336678,-2.711548752837913,0,1
0.7058323885158019,1.5418602075018695,0,1
-0.2350539377223245,-0.9429367655373428,0,1
0.4797549087998881,0.7516072708606233,0,1
0.1428114215333454,0.8135232755496795,0,1
0.3433796339027694,0.3902513289135191,0,1
0.5093999866560807,0.9865338257357759,0,1
0.8180644716981783,1.139820878812418,0,1
0.8033110882925389,1.5827608562910525,0,1
0.10963008352130224,-0.2948903988889065,0,1
-0.08958068659012258,0.5752014596626006,0,1
0.04920286733454486,0.8141860809858364,0,1
-0.2143746325199954,-0.7925220459731711,0,1
0.40490737997855347,0.5324039547405359,0,1
-0.42493259057148625,-1.6167271768726112,0,1
0.031127392355868456,-0.0574813171464232,0,1
-0.7479032317604403,-3.005036261126448,0,1
0.582891794736918,0.7235893688079,0,1
0.242961952004663,0.7679789607464779,0,1
0.5114678869049892,1.6446500742266252,0,1
0.10389292346767416,0.6673833415280613,0,1
0.5427609731826398,1.3340397138446785,0,1
0.5418297148643643,1.2532598374368464,0,1
-0.0888647594952332,-0.7848126414191632,0,1
-0.3253672925707142,-0.2195299926269787,0,1
0.7580436102372495,2.1090386610720935,0,1
0.020633256664796297,0.641559155804751,0,1
0.30549998891877145,1.0196066000322215,0,1
-0.05803243544080177,0.6625386131440709,0,1
-0.07768873611131846,0.9090304441772542,0,1
0.06837223583931756,-0.24976884477086114,0,1
0.6121679907431646,1.5858852234570295,0,1
-0.25713087632846,-2.0698313803843673,0,1
0.18721758876516373,0.3016439085066733,0,1
0.7285164244937447,1.8839445090875346,0,1
-0.3135111853541777,-0.9967992997420163,0,1
0.6042858251408691,1.4795189355909555,0,1
-0.41054356392757824,-1.071472453232719,0,1
-0.13145119881335104,0.7370675224755161,0,1
-0.09150344225437282,-1.2698576564185258,0,1
-0.07751527792386267,-0.26271088384625324,0,1
-0.030717662708398017,-0.47047102955530296,0,1
-0.9791187792613477,-2.501882392902792,0,1
0.10057417547275474,0.2876445959416515,0,1
0.2519327737561624,1.3917949409742578,0,1
-0.06797263139976045,0.5904133065766405,0,1
-0.010074359382315013,0.7805442304306027,0,1
-0.535620493264018,-2.8913400752237486,0,1
-0.3736151793525693,-1.617392903594797,0,1
-0.21142207798873686,-0.7069021393867991,0,1
0.21389767407117277,1.155372333688995,0,1
-0.19519083894776545,-0.9664140959867048,0,1
-0.17241021293445558,-1.08453423562757,0,1
0.37206982134928984,1.2920917430339194,0,1
-0.47681176014802396,-1.4648640800466723,0,1
0.5163475124993526,1.5080312305845704,0,1
1.3145684594702234,2.4918657585402357,0,1
-0.10295235215412923,-0.1371287329401452,0,1
0.030809461882288953,0.012314809439968792,0,1
-0.5648677080268041,-2.5397623144615964,0,1
0.34965430476902526,1.661468336050644,0,1
-0.8733820003274402,-1.5589769441569583,0,1
0.07870441437109535,0.7193043851481578,0,1
2.630108501950663,4.010094909105956,0,0
-0.1542301745217119,-1.4903011520880438,0,1
-0.27482517702136,-0.13090573859332755,0,1
-0.2300038207334768,-0.9134699865650316,0,1
0.12342976461178619,-0.23519059406693363,0,1
0.6232230629301344,1.1419456216048385,0,1
-0.054874511401696156,0.7278102524388114,0,1
0.8931597258111202,1.822190574931734,0,1
-0.10250678141271595,-0.9763637245762907,0,1
0.3607416464487264,0.8826279142968868,0,1
0.6427820396186921,1.5856938776106797,0,1
-0.4055680851629759,-1.2426600911736283,0,1
-0.24908654258857235,-0.8573061374416421,0,1
0.3819789271721328,1.1763874848352125,0,1
-0.33468972941048014,-0.8563306186354721,0,1
-0.46693763513896047,-1.297264918308236,0,1
0.39656849579136916,0.6200973397755137,0,1
-0.14376959650423995,-0.3021599847252793,0,1
-0.01343866949266523,0.3689231009214301,0,1
0.6464475555526614,0.9322758293805774,0,1
0.3427464105059641,1.3557624687198282,0,1
-0.13388423040640354,0.4432317065241751,0,1
-0.19587225286852453,-0.3863552506606193,0,1
0.1362672253769403,0.7072622784637865,0,1
0.0474746062059946,0.9847021178889903,0,1
0.27769318657217634,0.5389701882368213,0,1
-0.06271811045031724,-0.5458258359770037,0,1
0.344223082977372,0.6348014875052428,0,1
-0.11113728902603238,-0.5123807068095152,0,1
0.08625003867038193,-0.14765053064171874,0,1
0.0042514010441139964,0.6191717857251515,0,1
-0.13256452285965376,0.14163483728756934,0,1
0.1506399233839457,0.25337739619423166,0,1
-0.1826103943891391,0.5115584276936406,0,1
-0.2000830821058008,-0.7999046964486203,0,1
0.5510167885417655,1.3641639222367201,0,1
0.2884673165628138,0.4549367746179065,0,1
0.20115465603069313,0.32725851360769426,0,1
0.2870542286291591,1.1992468878222433,0,1
0.19364774821558153,0.06246428767686441,0,1
-0.31914843449919916,-0.6840335979705937,0,1
0.5706873533536039,1.4858023195773762,0,1
0.08212196045948139,-0.030037055218557575,0,1
0.040375588154407734,1.097724180374845,0,1
0.8549051962997906,1.1420579519700642,0,1
0.6622957345505532,1.5415284943471894,0,1
0.24899460147987357,1.0367770980125632,0,1
-0.07159568336193582,0.33548080209308995,0,1
-0.6832299513920547,-1.4952773949472618,0,1
0.08908267224575193,0.6295677444043015,0,1
0.16961016218725863,0.5216511126948281,0,1
1.4909122729541548,1.5151623258282898,0,0
0.30018307585493675,0.5810736262369939,0,1
-0.3070129007033686,-0.9426513026869489,0,1
0.05593562395036539,0.09986778080107685,0,1
-0.6641329714456942,-1.8786366383568196,0,1
-0.17952617033499665,0.60164189192151,0,1
-0.21151259508956383,0.17503551809244716,0,1
-0.03073981955928155,-0.01136977820259484,0,1
0.2814396869412186,0.3860871870749373,0,1
0.042521066932227645,1.2150764446123394,0,1
0.5232571653897083,1.1509740048785,0,1
0.05672440566627865,-0.3934962965099335,0,1
0.36070554169472974,1.3311481137599737,0,1
0.07196246760222365,0.5577603952380664,0,1
0.5311412618230792,2.0152479641891277,0,1
0.46986159756137086,0.5123527172076808,0,1
0.595380184224625,1.9876412477294567,0,1
-0.32998802359754625,-0.6174973296893252,0,1
0.4022642416690941,0.6443900654519915,0,1
-0.011972049517461513,-0.10421968662411009,0,1
-0.2518995179408211,0.23032115661994643,0,1
-0.34436256148550914,-0.11879806830416431,0,1
-0.3005070365723848,-0.5876053441697414,0,1
-0.34118817198709706,0.010756036854783008,0,1
0.21723532909878246,0.9389799043358913,0,1
-0.5170523773192107,-1.530207925270524,0,1
1.5153709397825823,0.8342754765530727,0,0
-0.43270637466648765,-0.704375306665451,0,1
0.23785094457745226,0.20261598056922972,0,1
0.059060581561901554,1.1331955660825959,0,1
-0.30856814419917344,-0.7442304615122227,0,1
-0.06991705192470249,-0.02378463352324221,0,1
-0.04332767202621524,0.4034701818488548,0,1
0.5941796560442147,1.3212179116208718,0,1
0.06281402832364484,0.4519383951675778,0,1
-0.2652864129128161,0.3839399705386828,0,1
0.4847117567330473,1.5057159737190389,0,1
-0.146033538634232,0.16281487051398189,0,1
0.14906848494247119,1.1990121053146343,0,1
-0.20517395664789106,-0.5110170887770741,0,1
-0.07832733636028047,1.0571143908964726,0,1
3.908339285913457,5.208963746289549,1,0
0.5144819041505191,1.0482265882450557,0,1
-0.07090870399440725,0.028856985261502172,0,1
0.2648912604694723,1.4325237767087187,0,1
0.07722384054498749,0.2629358935804608,0,1
0.5353564943016274,1.3489037513692863,0,1
0.8393286863697551,1.9158017361355972,0,1
0.795717660004787,1.599531309398008,0,1
-0.15476932852077024,0.649838990879181,0,1
-0.011460113389758213,1.304598708488333,0,1
0.4905019722436368,1.8080789551231113,0,1
1.2896060505976452,2.360342368604853,0,0
-0.4453232577991713,-0.9658124955120054,0,1
0.329164024345994,1.8451246687908867,0,1
1.1821215856921499,2.3552817734012423,0,0
-0.6944156113302035,-1.6918863248516252,0,1
-0.7107836096889052,-1.9000670939507438,0,1
-0.14447435833249742,0.5191337250226202,0,1
0.4150319897559351,1.701749357345712,0,1
-0.8755321998055403,-2.020894729302585,0,1
-0.7649477964066608,-1.734595196792891,0,1
-0.3608733354422837,-0.29993640554558504,0,1
-0.5170637557990513,-0.7832977478631965,0,1
-0.01611826108353419,0.4195583918918712,0,1
0.38180346557066036,0.6533142510840317,0,1
-0.08227957873884564,-0.44639047003063714,0,1
-0.04922101777552332,0.6857788431919596,0,1
0.06767859205445807,0.8725104888491488,0,1
0.4398867210619747,0.8038574360919835,0,1
0.056580768343324726,-0.5562799221841858,0,1
-0.33302552767263066,-1.2658514174675117,0,1
0.002308754490869877,1.2912455097937379,0,1
-0.004864781058506125,0.0027338356635086616,0,1
-0.003667200957159136,0.7782477139185712,0,1
-0.19267488855203252,0.043516589490262124,0,1
-0.5206980380184801,-0.9520013609483128,0,1
0.4563433142096585,1.1982909848565746,0,1
0.017002344919990676,0.7240202013663465,0,1
0.6242520212440981,1.3669699133902895,0,1
0.027754653667330802,0.9983497199241261,0,1
0.8048612583209418,2.5200444413662724,0,1
0.25690118104625403,0.4073073847595439,0,1
0.4964793820470037,0.8626561932647088,0,1
0.3531816390129454,1.0648855509475132,0,1
0.19399989195144,1.8620247262937821,0,1
-0.4096723399220272,-0.5514084379588007,0,1
-0.15913166876723905,0.018618038483716008,0,1
-0.20588572430103302,-0.3586344507154991,0,1
-0.2704252272502873,-0.28751967758893404,0,1
0.15963371862476622,1.3769583446213784,0,1
0.32122210723449235,1.7338922013605202,0,1
-0.9213205330463705,-3.1031861320223153,0,1
0.4754542108162796,1.1697300578727887,0,1
-0.3194216884128794,-0.07072606991053007,0,1
0.13112831431121516,0.13422598250912746,0,1
-0.10676913876255824,-0.34815285047098654,0,1
-0.3560336337347266,-0.47570099876308236,0,1
0.13419701934807032,1.1317615071355462,0,1
0.1583899088552506,1.1759123589180889,0,1
-0.7625688294012393,-2.5376831410742167,0,1
-0.2802918030042027,0.19535534220887124,0,1
-0.45451906693009314,-1.1218334422144944,0,1
-0.5315396893549685,-0.7369898613907734,0,1
0.49968966132482234,1.0061897521417449,0,1
-0.24103843770273983,-0.645707726328157,0,1
-0.8985191867000664,-2.8613395399564463,0,1
-0.2477826069231484,0.612011931109188,0,1
0.28681735864981966,0.6886538380671589,0,1
-0.030611038814809727,1.147502311036013,0,1
0.2727578282074713,0.29264833595439343,0,1
0.25403317300701805,0.7665391704873887,0,1
0.24471767383884346,1.3097685426872128,0,1
-0.47187464535378393,0.13355181440979785,0,1
0.029605479724348183,0.44348058637376064,0,1
0.024318692958319447,1.485970183596764,0,1
-0.0523473750912294,0.2276308464861808,0,1
0.11578104235019039,0.05303376052330363,0,1
0.055651762053709364,1.2553163763785782,0,1
0.40206190548110476,1.6311975318674767,0,1
-0.25246116232122795,0.4174075555437918,0,1
0.06923250681621086,-0.07515854035741763,0,1
0.32573980942691283,1.5920977501483005,0,1
0.3976310684702293,1.304660286594513,0,1
0.01684529059799171,0.823002603306144,0,1
-0.5971672973641546,-1.7193574531300007,0,1
0.06301391203828062,0.7953165440251422,0,1
0.2688431228920869,1.701394653890135,0,1
0.06835796308711493,0.9727642549943981,0,1
0.030051117910668796,0.41474245409648997,0,1
-0.5293350742333252,-0.6013300715664494,0,1
-0.019289906201811147,0.6531225957864822,0,1
0.15396807054558428,1.55796688798239,0,1
0.5507841858075556,1.3100883380909507,0,1
-0.20990438402449865,-0.47172829152881796,0,1
1.2266479907540175,2.4225083788871262,0,0
0.05701649995648973,0.3343947395428377,0,1
0.038488645333979006,0.8880054750694054,0,1
0.28781425428633683,1.6104681514886325,0,1
-0.025369701027956652,-0.1067205575197796,0,1
-0.15554322387803637,-0.4958117741110308,0,1
0.16120350574413647,0.5800583553351902,0,1
-0.029282856510095184,0.06078351449382522,0,1
0.29190620492058483,1.1722065269176125,0,1
-0.32789440208708237,-0.602119288884522,0,1
-0.4188819181030487,-0.6326162231922787,0,1
0.0998306714282051,1.4014352212253962,0,1
0.2177355273608742,0.4994494364429487,0,1
-0.5355695228050453,-0.6867280655188741,0,1
-0.25524534063074183,-0.31026735583310605,0,1
-0.12361775978693283,0.42160334266144706,0,1
0.01739896805618352,-0.47502800757939706,0,1
-0.5760141405175523,-0.888633725902435,0,1
0.16879699077035773,0.7519593245302989,0,1
-0.36548044536136,-0.1793628252624646,0,1
-0.5497967239435326,-0.29174096946086775,0,1
-0.2654225065135167,0.31011433920107134,0,1
-0.47462234490062466,-1.7445596234919079,0,1
0.5609972969684996,1.6037073138116122,0,1
0.4098604681409337,1.7069428808004765,0,1
-0.510839234628188,-0.9410857619382044,0,1
0.03942179147132038,1.050921011717083,0,1
0.12849865594999835,0.5363938701628086,0,1
0.6147476740399291,1.3252780714096752,0,1
0.4886386598683587,1.7180184648821963,0,1
0.039793981637431024,1.349990183575357,0,1
3.119418111940546,4.561968943187894,1,0
-0.4330813461075209,-0.7582584190721522,0,1
0.01170834003166423,-0.08931872875652311,0,1
-0.0483019843791016,0.05899772314892301,0,1
-0.5113807030864264,-0.1549908975791914,0,1
0.026570340346698876,0.0504847739147272,0,1
0.16366698051855136,0.24556245071624014,0,1
-0.08851168749624518,-0.6518813722633623,0,1
0.2074620107179288,0.2380904175835062,0,1
0.45565674795388306,1.8586457034360426,0,1
-0.3225638644943177,-0.582359568526756,0,1
-0.006064935151985099,0.14796694092466697,0,1
0.33384005558389396,0.6698754258866597,0,1
-0.2962528069995488,-0.6961224664452611,0,1
0.21339675125748414,1.0767151359749367,0,1
0.43497817695970414,1.9041412403972529,0,1
-0.31507668398236743,0.1355803451687211,0,1
-0.04800145831450768,0.3824413840979841,0,1
-0.3670807219202547,-0.7565784643433716,0,1
-0.8155774631182782,-1.7528664378278436,0,1
0.06972071925247807,0.5831520932507099,0,1
0.4038743685671763,1.2691361080864996,0,1
0.1918187787037096,1.0707499039154162,0,1
0.21900424135598986,1.9820086500256207,0,1
-0.12650749220246466,-0.2638190638208092,0,1
0.5263522659150923,1.4969189999365562,0,1
0.26194556346160414,1.0461061434014505,0,1
0.24635381142357762,1.3711649579120901,0,1
-0.2724801342499322,-0.23515956889861658,0,1
0.17256958258473923,0.6886162230168587,0,1
-0.5765538188940644,-0.9348062065053229,0,1
-0.4135431421235542,-0.5769674331138249,0,1
-0.012099334107572886,-0.11610303687124703,0,1
-0.43914259088300134,-0.4028004160691424,0,1
0.33429674647901414,0.8147597993436394,0,1
-0.6571289794113178,-1.4587473866513834,0,1
-0.41790526430128694,-0.2816471827251483,0,1
-0.0843110774600217,0.3300415067076308,0,1
-0.430426277310216,-0.4592078033545686,0,1
0.06319955399092143,1.3293045137026112,0,1
-0.24234725258771486,0.12316838377920222,0,1
-0.27452404157672056,-0.2775862403319232,0,1
-0.9402242515421624,-2.777949201401063,0,1
0.043642961142787616,0.284752903737972,0,1
0.1777531619119166,1.152255922452659,0,1
-0.4367349386965673,-0.5410362788210079,0,1
-0.20299863333286494,0.15448530266686758,0,1
-0.21153523825611922,-0.5360395425406665,0,1
0.16775729528927869,0.1177405201176954,0,1
-0.07863624920706588,0.956517414151019,0,1
0.4234470831958103,1.4912429286485027,0,1
-0.018019746973361558,-0.035880210249440034,0,1
-0.004103831283964822,0.4286089653059895,0,1
-0.34040242753547784,0.06502873040250344,0,1
0.6671023191155783,1.4777472839213759,0,1
-0.41192630603996616,-1.1013835508937608,0,1
-0.3441378692931282,-0.4478364992510977,0,1
-0.05849177499005775,0.2262142229381225,0,1
0.10686110789687023,0.3825453775695736,0,1
-0.14276386683512982,-0.7136718716083845,0,1
-0.4545894302370544,-0.9505508472551454,0,1
-0.1501386515567471,-0.14331942821836216,0,1
0.12432513536121033,0.9089106102647335,0,1
0.18911030336007545,1.2667001045988748,0,1
-0.18865409172470818,0.41981021129880985,0,1
1.48924893851694,1.0702609490832697,0,0
-0.12006510196736149,1.0683340557562027,0,1
-0.25397165517660447,-0.028029908565813257,0,1
-0.14209913814405095,0.762636524311828,0,1
-0.07712191403135758,-0.20233943713734936,0,1
0.1493802716162893,0.20151007974094023,0,1
-0.20661505598344063,0.41019255352595246,0,1
-0.8656677416432416,-1.8546885133125144,0,1
-0.036133348867516235,-0.24443454834329595,0,1
-0.240571037451946,-0.01830558177632622,0,1
0.22924507358258023,0.6290619636289281,0,1
-0.8403228984380405,-2.954657693028176,0,1
-0.5661156685989333,-1.6622672406066614,0,1
0.20707632170619653,1.1428540708871568,0,1
0.08435053314255256,0.2991103820364938,0,1
0.25413088225943375,1.2976045635308686,0,1
-0.2828309373442734,-0.15717293290717002,0,1
-0.7488609020274326,-1.9315494495251064,0,1
0.5911166164357781,1.8567193288155586,0,1
1.1440992661505291,2.6382475437528767,0,1
0.5228894903478363,1.5255507665425205,0,1
-0.1989700866056037,0.7995307750722457,0,1
0.48826275965059845,0.5641545292077378,0,1
-0.8442574737511411,-1.6953869720510997,0,1
-0.11000734741413282,-0.5007678662124155,0,1
0.06691134871322581,0.533611491239602,0,1
0.30116349620721017,1.3945086689832862,0,1
0.32692781367728324,1.4762122313206745,0,1
-0.006990471812325642,0.7839755528429675,0,1
0.10260228309535845,0.9587546243053086,0,1
-0.14954954088202002,1.1340133197669109,0,1
-0.09108681881931607,1.1627332561493648,0,1
-0.12476659643131975,0.4751384973438953,0,1
-0.4667265673588298,-0.8115148764055995,0,1
-0.3215295241556399,-0.22949833690334065,0,1
-0.45626568551557867,-1.1346192113662694,0,1
0.45745723307752034,2.0272038040345985,0,1
-0.36131898375791105,0.5830112018269551,0,1
0.2904927391710946,1.2771875366058667,0,1
-0.726050164080585,-1.3527013455389254,0,1
0.5814170881010134,1.8435943540558966,0,1
-0.21675373125048716,0.44501583277939105,0,1
-0.41890544435174953,-1.4755762915954438,0,1
0.37988746425459613,1.1465739442398555,0,1
-0.02885214847678953,-0.052087005499814654,0,1
-0.08802644654894858,0.7193867304102456,0,1
0.07357809310746301,0.3126041594667783,0,1
-0.515135083627224,-1.217903252409827,0,1
-0.9295950694675345,-2.5936408824705977,0,1
0.37514892435767655,0.9498609414596132,0,1
-0.2254537543519769,-1.1385501330408287,0,1
-0.10567723570905703,0.4852187316831138,0,1
-0.23542222519331005,0.7361889540904455,0,1
-0.07042453326609932,0.061864095495220414,0,1
0.16470705563449742,0.21873167938858376,0,1
-0.7904230179519395,-1.5972253956927642,0,1
-0.3769098921475157,-0.14688896661825504,0,1
0.1848652885011213,0.6482493928633501,0,1
-0.0286158307458456,0.20052095770323575,0,1
0.5824081745719664,2.204507699548388,0,1
-0.2199453525497322,0.5666822169328254,0,1
-0.20373141997746916,-0.20662832528503566,0,1
0.03468173302503837,-0.06116461245963333,0,1
-0.8846918464368987,-1.400240732109584,0,1
-0.012962270590348938,0.9424361043014409,0,1
0.5838262091708147,1.6047644886356272,0,1
0.9868543165983209,2.408502873898996,0,1
0.20444180138659165,1.6724873349445952,0,1
-0.7081402922542568,-2.5432688796520253,0,1
-0.10781284501218191,-0.2789372843620758,0,1
-0.37427438271879654,-0.5388079451297948,0,1
0.042674513037946414,0.21384596476123288,0,1
0.030211742660347252,0.0463603899669682,0,1
-0.4866936368226604,-1.0569774163666976,0,1
0.05937770484497242,0.7857773164649619,0,1
-0.4632802103033649,-1.397700795827851,0,1
-0.602719241546221,-0.7521500841007898,0,1
-0.40949156634292655,0.28096971165136053,0,1
-0.2669607767139568,1.0111704991912214,0,1
-0.4422735731656853,-0.46607410612890876,0,1
-0.10482155683276706,0.6332749975575018,0,1
-0.6804654617696276,-1.3338947464444155,0,1
-0.29029720120122593,0.6591718944968064,0,1
-0.6718754723339302,-1.5108836062603583,0,1
-0.1421549741725046,0.9018895293266884,0,1
-0.7287643392486712,-2.8052752117212743,0,1
-0.509065610031801,-0.5851847957790212,0,1
0.21417310504918496,0.21205825393258004,0,1
0.2821379974016735,1.8921123061879572,0,1
-0.3455734959492419,-1.0569969639464412,0,1
-0.1737650041614825,-0.9556496725831657,0,1
-0.5628208889884889,-0.7989955931523156,0,1
0.01370839063768362,0.26979563332436274,0,1
-0.380463464063279,-0.2307651263520206,0,1
-0.38923860379096475,-1.0906886800331437,0,1
0.47047326257691546,1.3639143410291559,0,1
-0.8327353536753755,-2.6300279103931716,0,1
-0.46476453010113444,0.05052032923362105,0,1
-0.48547739984252736,-0.610694520499835,0,1
0.05958814346962512,1.3910787292714981,0,1
0.5965563216078202,1.7921660806766855,0,1
-1.0290265927130533,-2.5424625456877172,0,1
0.4083317327701295,1.6506850622117937,0,1
0.4009995819871087,1.9405298332026173,0,1
0.06971054034166878,0.04101082337336049,0,1
0.08441734776615148,0.053593063621890265,0,1
-0.3393539771421515,-0.1349094236518897,0,1
-0.4764079788538599,-2.007436194560772,0,1
0.9361826452499942,2.242849549689332,0,1
-0.2838464705841301,-0.44385903345246014,0,1
-0.5242090892237677,-0.2995130493155751,0,1
-0.7606885949593541,-1.572509176563862,0,1
-0.9551718290779978,-3.286138414095401,0,1
-0.283543588829459,0.6326275249036372,0,1
0.43874328650855837,1.335864652008934,0,1
0.1205400864222812,0.8889259407643363,0,1
0.4137967014324616,1.1224092776836736,0,1
-0.3597605872192556,-0.6263264410292559,0,1
0.07659321599906302,1.5613883877590924,0,1
-0.6329204133162226,-0.4984286802027192,0,1
-0.3992076966372616,-0.8650556452118559,0,1
0.45808427751956304,1.3761449532483643,0,1
-0.0021988012808469622,0.737072503052287,0,1
-0.19678593585642482,-0.3427709844302939,0,1
0.6239888678211608,1.899185293523486,0,1
-0.2790286110273056,-0.06860115904516763,0,1
0.0068838428717212085,1.2504109456790362,0,1
-0.42792836163429,-1.2456221263493967,0,1
0.04122803600966393,1.5524950501524415,0,1
0.014192308892800157,0.7849867764917107,0,1
0.40845797723091637,1.5619023652368862,0,1
-0.7979027033354097,-1.506454573512672,0,1
-0.3577518815780616,-0.6885912439499823,0,1
-0.488250754289311,-1.297055112446309,0,1
1.4242200846014001,2.766829488059372,0,0
-0.17341509125307766,0.2050397260992106,0,1
0.11627638643172479,0.35708017656479923,0,1
-0.23961450399296644,-0.27789818257222787,0,1
-0.22516370134544383,-0.6055130562432025,0,1
-0.4577247985642341,-0.9344363465537981,0,1
-1.2841485326361992,-3.547148501432335,0,1
-0.08582065681692919,0.7646856585572287,0,1
-0.48892116136245356,-0.6273103699560654,0,1
-0.24761277359418257,0.3877706005591593,0,1
0.06165207756702017,1.1363802650791361,0,1
-0.40374590760025675,-0.9996184881257517,0,1
-0.287047630150829,-0.14236234361709438,0,1
-0.8671382212863792,-1.827504378324547,0,1
-0.29377656653996037,0.13823928566312882,0,1
0.22055588224219952,0.8134252263190077,0,1
0.16665037131907728,0.6766657285166842,0,1
0.4177517267657607,1.3446709197422535,0,1
0.12368731142028028,1.2668754796222612,0,1
0.06618599165023882,0.8539687073612261,0,1
-0.279166950111805,0.1866569421397735,0,1
-0.8452829696203812,-1.3490122125513444,0,1
0.19740028190615352,1.5514324272820423,0,1
0.36337725035175317,0.8157934456799538,0,1
-0.1520407126432611,0.2959892174865885,0,1
0.08300568065010529,0.3449959393953789,0,1
0.2667821004622834,1.4024204779723686,0,1
0.15097244669559998,0.609953123839078,0,1
-0.26958282069393946,0.8302829405976694,0,1
-0.05174160801860427,1.4671062293294685,0,1
-0.6049977141107601,-1.007087543676049,0,1
-0.09543445403399842,0.9317660787285343,0,1
-0.21072895547067078,1.078266743147277,0,1
-0.13217198349978995,0.6793842269255624,0,1
-0.3802763269061191,0.20219081512660247,0,1
0.1295108338342,0.6266659011619715,0,1
-0.21210274403624033,1.1754827707158466,0,1
-0.354235399334335,0.09036054696735281,0,1
0.11762047237088236,0.7652468404912947,0,1
-0.30277621609456434,-0.3934033054590557,0,1
-0.21714452446222196,-0.41968616065507014,0,1
-0.5400001139019696,-0.48815385497453273,0,1
0.1329457352294772,1.0781751351930884,0,1
-0.46867946095829904,-0.8632301256505474,0,1
0.32656574835259844,0.7258617850980157,0,1
-0.10867608965768505,1.1835848249601535,0,1
0.15702865463770946,1.04628835027824,0,1
0.3595731356108676,1.6492772151200035,0,1
-0.5224204851889177,-1.368070153551425,0,1
-0.2197636944263965,0.4836517939473658,0,1
0.11855280678586581,1.1876570625115426,0,1
0.14645762772482465,1.353212754102726,0,1
-0.3033943389318655,0.35601106414410943,0,1
-0.24299400268797441,0.12664458889081665,0,1
-0.5656152530797299,-1.4168276582073256,0,1
-0.12678612605817358,0.7225643416319241,0,1
-0.33759383981281593,-0.3846724946175702,0,1
-0.3435294479087072,-0.4884894139643628,0,1
0.14419560061797024,0.8425015400948815,0,1
-0.4628282307749006,0.4510029035225082,0,1
-0.41209276338178025,-0.7726277251735114,0,1
-0.051549355224571006,0.26249639488636967,0,1
-0.38365415882312015,-0.763311158007025,0,1
0.4530541518410043,1.3617475029352284,0,1
-0.4561044241674807,-0.5432432344609257,0,1
-0.4369341001757108,-0.9795566619782502,0,1
0.013928838914859028,1.407102179844333,0,1
-0.24825285213856965,-0.12174179274987487,0,1
-7.557268231803268e-05,0.4417846768350498,0,1
-0.03271922321573333,0.9704114583357606,0,1
0.02705690616226878,0.8232861478128518,0,1
0.06867277922793644,0.7551621298010516,0,1
0.3569830264685674,1.3369816525818004,0,1
-0.5679883125339824,-0.4696893936194002,0,1
-0.043330841704956574,1.066554443281277,0,1
-0.23372513791576707,0.48332494981702845,0,1
0.3004148992655766,1.5535280722702594,0,1
0.4769049870878177,0.722408719055741,0,1
-0.3415568479843432,0.24355369593320905,0,1
-0.3660828852482387,0.5581132063895246,0,1
-0.26806352017250823,0.4515770793493917,0,1
-0.6179185412393471,-0.8764794530501027,0,1
-0.5292871393373442,-0.3122840526553574,0,1
-0.10516758390406657,1.2646908116986988,0,1
-0.48331470328096,-0.07777052797014437,0,1
-0.6273677663149061,-0.5451441973162329,0,1
0.2784955178206891,1.041948318155947,0,1
0.13275197460462743,0.8420541736762364,0,1
-0.6842449655544173,-0.5388979482738745,0,1
-0.031206540883249236,0.43655387700446413,0,1
0.11015458933508888,1.3195707383283164,0,1
0.0023067748481263232,0.6320940177060306,0,1
-0.31587625106846534,0.3743259221244202,0,1
-0.18888474940484568,1.121205455964559,0,1
-0.9106604012370841,-1.9344930494053638,0,1
-0.4001830124942674,0.03300255262448572,0,1
-0.3310804286361589,0.02356599233735288,0,1
-0.22341545519612543,-0.0411086652561939,0,1
-0.4994947624929306,-0.19993134354597525,0,1
-0.19641569438606957,0.08213262809669171,0,1
-0.076900557926913,-0.04591477067087654,0,1
-0.7911763446175113,-1.2326488145263657,0,1
-0.9688122445937093,-1.3895735040405313,0,1
0.24781045315439862,0.9202753158977707,0,1
-0.18811461175192978,0.664621261301808,0,1
0.0038235448863289116,1.4035913965935638,0,1
-0.1763394006296293,0.9257090909395908,0,1
-0.44838547913671806,-0.7173711819926364,0,1
0.7890565141640088,2.034097824275802,0,1
1.2501338043684138,1.9494815403508416,0,1
-0.0514559286641371,0.18786052302547998,0,1
-0.5161082164394085,-0.814261246867382,0,1
-0.644104315864277,-0.7835970915007737,0,1
0.16209505443737565,0.587692603049514,0,1
0.1425331172364124,0.9868777293386227,0,1
-0.2697552136679673,0.6418507899877404,0,1
-0.21832690812075484,0.5703340025277168,0,1
-0.21745586744033457,1.1018356721158606,0,1
-0.4590150484019236,-0.4336786081115277,0,1
0.4728835002956083,1.8290198516313292,0,1
0.40266565287613926,1.671196796766059,0,1
-0.9516971441571077,-1.527613725343119,0,1
-0.13685489539994275,1.0029664583027271,0,1
0.6656063071211628,2.573308429234616,0,1
0.30537372382483385,1.014313734441475,0,1
-0.3806194235739453,-0.11202480439978618,0,1
-0.31401167479442615,-0.6565505888551798,0,1
-0.3696158499161057,0.07369058650820785,0,1
-0.4718532187938758,-0.33861369646794376,0,1
0.3310315886238452,1.0585164744409725,0,1
-0.0237350285528423,1.52963788174028,0,1
-0.07569337073659828,1.1399228363929654,0,1
0.03802252145406113,0.37674479421061496,0,1
-0.31599311969836263,0.16031671611134707,0,1
-0.009684804182939655,1.1053041686382312,0,1
-0.2731186548921917,-1.7555916431302967,0,1
-0.2339126519789495,-0.08136267327846197,0,1
-0.21602787512404764,0.7344966082298874,0,1
-0.6474305460298265,-0.735705757679239,0,1
0.4614082693693964,0.8965177721405224,0,1
-0.10292879508962802,1.3471010496478892,0,1
-0.2965316059790988,0.00889931403330515,0,1
-0.46451325198957566,-0.22171235134395745,0,1
0.011730152959334125,0.8858804565940286,0,1
-1.0302329668802483,-2.45012224943751,0,1
0.1596849731779344,1.4304054757745452,0,1
-0.5222818550724342,-0.451823968291403,0,1
-0.04920071586977596,0.5822097295084324,0,1
0.46134939077209763,1.4345792252018303,0,1
-0.8521255767936216,-2.093221523067157,0,1
0.029974358530894543,0.6240287836766162,0,1
-0.3817063855999423,0.552331871395691,0,1
-0.23220901736495533,-0.27316993741433454,0,1
-0.19674546189071318,-0.3214810300162851,0,1
-0.1657841532544082,-0.040575524828197665,0,1
0.032366755708969956,1.0434426084653647,0,1
-0.13644352690292377,1.234747156910761,0,1
-0.4276432824583834,-0.3322241923526261,0,1
0.09194559519402574,1.0786273616582895,0,1
0.5064962146604798,1.7515778185644368,0,1
-0.15204529663651042,0.23271070028156066,0,1
0.506775334784686,1.6408422153754283,0,1
-0.25088895304835723,0.2646507973538863,0,1
-0.44909810397267647,-0.7670524537780676,0,1
-0.40060388735034075,-0.6616391125202004,0,1
0.014303934124434732,1.0408132333506588,0,1
-0.10085818803160523,0.6752495917232804,0,1
0.6075068335082956,1.678619191705861,0,1
0.2452012761625886,1.7261490527988426,0,1
0.3467290847851179,1.5033758849907555,0,1
0.16025286022125518,0.2873278620904084,0,1
-0.14720832931050265,1.3448451230185297,0,1
-0.36735636580852865,0.8056616417034614,0,1
-0.05908211319471308,1.2441834881283014,0,1
-0.6517564150599096,-1.3591072349393158,0,1
0.07404673777183403,0.5937119485434073,0,1
-0.1123574037785898,0.017906613408662765,0,1
-0.38675165901458514,0.1200044472061252,0,1
-0.25525753161760595,0.9238587858335864,0,1
-0.18620869674490562,-0.0946782303439689,0,1
-0.49264918992638,-0.011999604561255163,0,1
0.1132606418488958,1.4976931519172865,0,1
-1.0675294263272144,-2.615655144213328,0,1
0.14132921552671346,1.4953475827339993,0,1
-0.24456707264653682,-0.7470428286161334,0,1
-1.1132994262508953,-2.512536373546995,0,1
-0.19653601731088852,0.7780337139829616,0,1
-0.19057890924941415,1.0423930049975063,0,1
-0.6964571850001208,-1.208789273513304,0,1
0.4024377666613542,1.360110595597052,0,1
0.4396144388749855,1.9372233875552067,0,1
-0.12613731000830958,0.7423381029470315,0,1
-0.017345712780637,1.310142936292838,0,1
-0.2554034491471685,0.7298482578725194,0,1
-0.9515402811215367,-1.9748273368360074,0,1
0.4600413226990314,1.7552122219129722,0,1
-0.4572996574726769,-0.15197716785706622,0,1
0.517562934119992,1.5845424752489752,0,1
-0.18265943402175905,0.8062402914374153,0,1
-0.20636580873910285,0.6957839088731853,0,1
-0.2890691452644607,-0.18724554270146412,0,1
-0.39570985625207805,-0.19521106372930624,0,1
-0.4305096766411378,-0.4617729534748739,0,1
1.7016797314963699,2.5321230897044673,0,0
0.06782842890106751,1.4201470351594643,0,1
0.4157288312228284,2.11551001683169,0,1
-0.18298179604077533,0.3357077983743835,0,1
-0.267283061461559,0.4602752408809807,0,1
-0.6146892643879285,-0.6992647329971655,0,1
-0.4823097552638018,-0.6659925855147208,0,1
0.1545312749455596,1.1930551485589664,0,1
-0.26521347331147366,-0.2014548628344005,0,1
-0.05195525998631672,1.2761526412812005,0,1
0.7093646881220161,1.9988559902408405,0,1
-0.17252688611833777,0.14287429130755067,0,1
-0.41258139579864095,0.26891024414020037,0,1
-0.33748549683156437,0.2663381249761876,0,1
-0.6735810655645148,-1.0109293594160629,0,1
-1.0673808924268913,-2.169667788195179,0,1
-0.679153625626132,-2.35433242601785,0,1
-0.29055313247647274,1.020854698991034,0,1
0.7423382988507454,1.9954453433150035,0,1
-0.20255929952492044,0.3230343082649367,0,1
0.24120534664109683,1.6883949466275343,0,1
0.11805115957070127,0.8814741649131157,0,1
0.37338632621327383,1.3306045658058872,0,1
-0.3899224579697027,0.12232561522751456,0,1
-0.13904848033200923,0.7440477445655019,0,1
0.07215499607107789,1.088802349443974,0,1
-0.4382242585066572,-0.06190954546806126,0,1
-0.352878509274793,-0.3486066327083141,0,1
0.3193768069767985,1.400456096625055,0,1
-0.14921973602795618,0.3736561249172673,0,1
-1.1297933917272813,-2.7912778925180026,0,1
0.12200900849721205,1.0339822765313655,0,1
-0.6920836629223179,-2.324942030765426,0,1
-0.11150794483313556,1.5428013890753025,0,1
-0.26182099127542985,-0.2558132440866304,0,1
-0.3329811784557166,0.6643614563017392,0,1
0.020352224106147905,1.4285743453447104,0,1
-0.04216973460214308,0.21851784418431544,0,1
-0.3592963800501489,-0.44989936470658115,0,1
0.4236280956893676,2.0878091824427996,0,1
-0.24719604400254733,0.18749947129055597,0,1
-0.20075253014122652,1.1769351945605475,0,1
-0.7404185363459761,-0.8464375214099182,0,1
-0.522640669649367,-0.9826379299271768,0,1
-0.46732318511238935,-0.1483741886261613,0,1
-0.19451433532338705,0.5631889992643959,0,1
-0.5385709724702775,-1.9015417341750214,0,1
-0.6093563751761331,-1.8043625698636518,0,1
0.020522398169165533,-0.030722762376094576,0,1
0.05332380297459912,0.8233289487732981,0,1
-0.09049626108095914,1.0534533371222567,0,1
0.06100739574245048,0.8534968743189082,0,1
0.10273984804743243,1.2316650375046645,0,1
-0.32325857415425874,0.5056176211430716,0,1
-0.07370765225490544,0.6931617866272034,0,1
0.42792822781957657,1.2016628798972684,0,1
0.030353023350045465,1.028630028187512,0,1
0.1418471823279047,0.9499413618809026,0,1
-0.1541481601095941,1.2031868841541862,0,1
-0.4475370371799573,-0.4388560787282597,0,1
-0.18231100498076347,1.0367468444638286,0,1
-0.2804243138674829,0.3415631027354158,0,1
-0.5329816185301335,0.11813423029013356,0,1
-0.5027518845996433,-0.23173239221425918,0,1
-0.36248694276671095,0.8926625809158757,0,1
-0.18161388599956757,0.5828198172666241,0,1
0.11696660274818955,0.06338300228202338,0,1
-0.2444589039818696,0.19782703381875089,0,1
-0.5142628418736827,-1.1310501251901426,0,1
-0.8784845971822003,-1.5128745725573256,0,1
-0.338525342765414,0.1857355517486893,0,1
-0.6094622619182491,-0.3365375981094514,0,1
-0.23988822694787248,-0.48007598282910485,0,1
-0.13618130494606023,1.2238643176289545,0,1
-0.3754252344608315,0.35709677478648616,0,1
0.5693519792374386,1.4864949452704515,0,1
-0.09420428579760558,0.27047732186885703,0,1
-0.6630597892963225,-0.42925466808556434,0,1
0.08229189409609555,1.1984481048717257,0,1
-1.1327109975935916,-3.3914474907570664,0,1
-0.26432518612884615,0.38442136925079523,0,1
-0.4258075407114346,-0.18627409190239305,0,1
-0.8615082341060092,-2.044817085823123,0,1
-0.23561022492254644,1.0390068752456147,0,1
-0.751852404571759,-1.0275916971704027,0,1
-0.09502691125467785,0.5062862740098231,0,1
-0.19111249385200213,0.7163860317774631,0,1
-0.6755800720210631,0.013697913281694236,0,1
-0.2965402415658566,0.46191469060153395,0,1
0.12201778896658469,1.0703267362782116,0,1
1.7201651403698537,3.333672801552713,0,0
-0.35962240598801953,-0.27778668460532774,0,1
-0.6226735440557546,-1.0762737260069397,0,1
0.14922276149270394,0.4179514459262879,0,1
-0.502344441243499,-0.46936804002462357,0,1
-0.38495842151558424,-0.09463553770982831,0,1
-0.7520497373187978,-1.3877813178595462,0,1
-0.39338683993694207,0.12005343241302766,0,1
-0.08629038725167587,1.1351241235824148,0,1
0.1401166289692613,1.1354018910152142,0,1
-0.09214349727888202,0.9408634763816255,0,1
-0.10697596996819646,-0.07417852459558798,0,1
0.2995621227738739,1.333547989909956,0,1
-0.4083887155870282,-0.36130713763081895,0,1
-0.8103147736229611,-0.961242259147659,0,1
0.12276552146378975,1.5729728262687221,0,1
0.04859912779836267,1.1889265523338954,0,1
0.07871867387750515,1.2149225467191134,0,1
-0.10267670662536922,1.0914974465456755,0,1
-0.6611936859568337,-0.7394614816542289,0,1
-0.7963107115385631,-0.9987714952172936,0,1
-0.9059448448496623,-1.3606280358617908,0,1
0.054617608150537234,1.2906860193867684,0,1
-0.5039301811122561,-0.7995962584535633,0,1
-0.5592474024104184,-0.5431370584526971,0,1
-0.4184734162864755,0.2695019752035078,0,1
0.13624776241433192,1.2987328977924857,0,1
-0.08947792335166334,0.1825740591096625,0,1
-0.4096480356550601,-0.2551962284745778,0,1
-0.1802204499471223,0.27661149662812345,0,1
0.16428851811989745,0.7297132470045962,0,1
-0.06897279693883097,0.4297056565744945,0,1
0.2868686134266174,1.1465078325232925,0,1
-0.026575747685999303,0.07597938220433376,0,1
-0.19440534246689292,0.9525869988154159,0,1
0.05159454508441685,1.5633016792795698,0,1
-0.5835908465969049,-0.8161251718288883,0,1
0.34774620414665963,1.9623578171363927,0,1
-0.4346063174327684,0.12426586859598156,0,1
-0.5522977896074454,-0.6373909224179057,0,1
-0.6464871081983801,-0.42636675456568124,0,1
0.3648020160953782,1.9264834228040295,0,1
-0.6378519256079818,-0.4676184185021504,0,1
-0.021596549492127935,0.8580418088987858,0,1
-0.007159336170814304,1.1673577420082208,0,1
-0.10378049190973833,1.38663215855551,0,1
-0.13930922422168363,1.1138826817728664,0,1
-0.3337951432902149,0.5574289503638118,0,1
-0.2622245543386043,1.0803586104692138,0,1
-0.2467645950541926,0.3247930978209379,0,1
-0.7341966978009794,-0.8811947281589825,0,1
0.23354021500589098,1.094231467317187,0,1
-0.10002432271564406,1.0151009540982587,0,1
-0.4553472622656962,-0.8806645065932198,0,1
0.15504314385338006,0.7467550964664774,0,1
0.05264447174003999,1.1948393471311045,0,1
-0.48902596802005377,-0.9195041105089985,0,1
-0.3021143706416523,-0.8798605606709764,0,1
-0.8184369396662982,-1.3979619098007907,0,1
0.056671540829045894,0.6742848514253218,0,1
0.22347899001582022,1.4105222753618418,0,1
-0.3897453966436478,-0.46166980464220697,0,1
-0.16442880652253192,0.5941332006210488,0,1
-0.4175724046614668,-0.2396240388956588,0,1
-0.40016287632788944,-0.7132279188117875,0,1
-0.563154323474643,-0.28895623921217595,0,1
-0.5789854459285378,-1.1391944661200577,0,1
-0.21879067664128535,0.21464587548747344,0,1
0.07394066663658831,1.2007028710373753,0,1
-0.3034901056346132,0.7767179975788379,0,1
-0.03393448423649904,0.571966785723126,0,1
0.05441096729656693,1.009598826332097,0,1
0.22294750834962937,0.7054470593379366,0,1
-0.06461302979668263,1.0821163493852737,0,1
0.09343077613905312,0.17604759573736503,0,1
-0.8371767722238813,-1.60762165793981,0,1
-0.826098913874203,-0.8963945036971074,0,1
-0.195187709530057,0.2354670583263358,0,1
-0.19748007293144337,-0.16201944813268646,0,1
-0.7969748472342717,-2.234075622046912,0,1
-0.506876666030685,0.10781043712733562,0,1
-0.004221062026900446,0.6737829926142329,0,1
-0.5703687608984617,-0.7647707791180555,0,1
-1.2805367534059677,-3.392222330778226,0,1
-0.027095970331294645,0.5066214454626061,0,1
-0.4411260784898743,-0.2754549871894901,0,1
-0.25857266314325245,-0.43940354689747657,0,1
0.43473060576455164,1.227936259560517,0,1
-0.26161599733883,-0.6429474104055513,0,1
-0.7459072563676439,-1.2253564894985227,0,1
-0.7582222306518195,-0.4371670631439704,0,1
0.304394172314704,0.6085919597919731,0,1
-0.16219165385176249,0.4631313889756726,0,1
0.1791767676708465,1.3670726535089688,0,1
-0.348307957035846,-0.3138919914110765,0,1
-0.7515102555902735,-1.4866298378031502,0,1
-0.14081511200749655,0.8015101268123556,0,1
0.3999228001551493,1.3522835940558855,0,1
0.24183835892437455,1.0616075673067085,0,1
-0.02890638803524603,1.1018946429036018,0,1
0.30684212627391777,1.3589440407415638,0,1
0.4655816862113752,1.4975793631192023,0,1
-0.1588857322580675,0.9723124146571015,0,1
-0.6692886126497106,-0.7351907727145567,0,1
0.14115837483208726,0.5987968112036435,0,1
0.10229623635839309,0.9594305779351365,0,1
0.18512873771831329,1.1394112457009866,0,1
-0.35536574072889443,0.6738723208992952,0,1
-0.3730621110079971,-0.34684221547660704,0,1
-1.1084471463679892,-1.927780881293954,0,1
-0.37563332111086195,-0.2691980488254715,0,1
-0.14016077887623196,0.24940645531447347,0,1
-0.1597905783082658,0.2957314589833567,0,1
-0.3043799589258466,1.0261005276797301,0,1
-0.343669583548165,-0.5709356224665855,0,1
-0.44708163895568837,-0.32331004718819073,0,1
-0.49856577323386103,0.19462965219640652,0,1
-0.38064643369406237,-0.5369594405056612,0,1
-0.38124135061703057,-0.4106371211455089,0,1
-0.6366269319721115,-1.2802373731816814,0,1
-0.275054732281557,-0.0620222681231856,0,1
-0.003915508781458008,0.29482710025592695,0,1
-0.10368516236981398,-0.29490127307782266,0,1
-0.042632558824419284,0.6303716774114675,0,1
0.4681036007148428,2.373893060733754,0,1
0.44724847646806265,0.8447852137237085,0,1
-1.1518271138541472,-2.24319175693963,0,1
0.09206233208474779,1.0828369166277931,0,1
-0.3966474979832597,-0.5248569328837583,0,1
-0.25027617689552506,0.4503428001601902,0,1
0.3301413237010792,1.7149202075834942,0,1
-0.23829407762970198,1.0078573682575886,0,1
-0.8429772087144489,-1.0028282218150952,0,1
-0.42620555481623823,-0.13109986790759026,0,1
0.12424806439203095,1.0609292668042647,0,1
-0.6143199152091747,-0.3707904929013566,0,1
-0.43976212427807976,-0.0684084448395783,0,1
-0.37872814957253026,-0.457591224438844,0,1
0.3049612877493929,1.5069638759306825,0,1
-0.5667484053097769,-1.6233413473252765,0,1
-0.38244156557642023,0.3790838309753659,0,1
-0.44351896619256853,0.16332432976678776,0,1
-0.0602588661207598,0.5861557821857198,0,1
-0.39702197121038596,-0.3606852421610954,0,1
0.8723884746240987,2.220963398996294,0,1
-1.1395614253102508,-2.816775573987283,0,1
-0.7261337717100547,-1.1814954154501836,0,1
0.017540018660049245,1.4435706523728282,0,1
0.42814919791152933,1.8178269013337314,0,1
-0.7623353904854361,-0.9668464275055533,0,1
0.22653152165039667,1.3073939732347983,0,1
-0.8093218373065056,-0.7879985768898935,0,1
-0.05940896015313962,0.40108068877765324,0,1
-0.21494699985343488,0.03867639867101541,0,1
-0.4264242608683259,-0.5225856998430845,0,1
-0.4006325429657344,0.024618494963751788,0,1
0.5304875941553213,2.1152194244860723,0,1
-0.47231054778350456,0.20047861670470835,0,1
-0.36134978584021976,0.5583415836933279,0,1
0.27585064371394524,2.043297342048987,0,1
-0.2427719028412324,0.3143372206299172,0,1
-0.23032608253756082,1.0741976414009773,0,1
-0.0737789325659555,0.2509403509526642,0,1
-0.44970308098385214,-0.340788665979541,0,1
-0.3192067851391298,-0.117337904629214,0,1
-0.10751519331468888,0.0057376206033024684,0,1
-0.5733440511649421,-0.47662566166097586,0,1
-0.9490005093334968,-1.352099151487249,0,1
-0.3384413002580181,0.12161205420354769,0,1
-0.16735644707143385,0.08864397397671295,0,1
-0.5620185263770937,0.15802211203818556,0,1
-0.07174815043941801,1.2378960855547385,0,1
0.14291204211666858,1.6027442949780628,0,1
-0.36525813526817824,0.40364691005501174,0,1
-0.4279727990222862,0.2791504558688403,0,1
-0.9879370581537761,-1.8583653604236758,0,1
-0.34756931535455243,-0.4148367550695205,0,1
-0.6693942980286867,-1.2784016683868806,0,1
-0.17840702414030488,0.8242548997347509,0,1
-0.795063286039422,-1.0741874388947696,0,1
-0.08451256218092036,1.0354172733944411,0,1
-1.0970199939484808,-2.7390051667683624,0,1
-0.5139926362706078,0.49513407775333923,0,1
-0.19072496785577434,-0.14104071986245317,0,1
-0.7265619452005391,-1.3717725259076599,0,1
-0.7698270232453458,-0.7304299526374707,0,1
-0.45243696276306106,0.17228008882582546,0,1
-0.26297805886457615,0.654233605736256,0,1
-0.45312267730243316,-0.4543485118677467,0,1
0.1579403817775394,1.5886820745620132,0,1
0.08776353578152352,1.6912915587554311,0,1
-0.36245847590537084,0.4662796624418023,0,1
-1.04502037033599,-2.578426034720936,0,1
-0.28154927720054096,0.18876308228148553,0,1
-0.6035512508899579,-0.5083115474606047,0,1
-0.5239778948902967,0.08253130857703499,0,1
-0.514307687996984,0.07621059143785788,0,1
-0.2989681154383692,0.09175780704195499,0,1
-1.0184262323838837,-1.5144025982674896,0,1
-0.10703138948406678,0.8340056141182008,0,1
-0.5451292212067391,-0.34291941122417396,0,1
-0.5317628603775266,-0.2867780417823775,0,1
-0.1071490802478233,0.9747461975832726,0,1
-0.3098377886585925,0.6466462582837467,0,1
-0.48648558413971554,0.0034951227866459145,0,1
-0.21812480625994626,1.0686445959757516,0,1
-0.2955800926789675,-0.42724339251522286,0,1
-0.7115373832986811,-0.5217212396440768,0,1
-0.10087826518133662,0.5120486645346977,0,1
-0.4487559360107352,-0.24994268613277276,0,1
-0.2245675009069468,0.6078904753656944,0,1
-0.6736983058017325,-0.7877799022515798,0,1
-0.014188296168122018,0.4912779443286112,0,1
-0.37615729834649897,0.8643864952794567,0,1
0.3609279223210264,1.6924085122863024,0,1
-0.766415358448992,-0.8961261330718377,0,1
-0.09272680409317591,0.6001040649923045,0,1
-0.24519991315879625,0.5378825763091584,0,1
-0.4596294920979438,0.19863639344723877,0,1
-0.4047303729716339,-0.2613321781702205,0,1
-0.42525487555101005,0.27712674595628756,0,1
-0.026679412286431947,0.481988571864307,0,1
0.04932650489946833,1.6857811863405876,0,1
-0.09609043028639712,0.8971795508267822,0,1
-0.7991563912608126,-2.0738445705453636,0,1
0.5171648928704009,1.4165176367074943,0,1
-0.383336319267663,0.3618927097399547,0,1
0.28175494721120325,1.4272891676468684,0,1
0.3616577700816191,1.2307193088970578,0,1
-0.39198218478270763,-0.4392853494380818,0,1
0.5332966822873911,0.037195065310438744,0,0
-0.03341668673080014,1.504449487315737,0,1
-1.0031544832667807,-2.246328030175882,0,1
0.2174886672986772,0.938338971430683,0,1
-0.41942766425790123,0.4041093891746337,0,1
-0.05510696430982414,0.4072889498581291,0,1
-0.6438159971468451,-0.9274145439377224,0,1
-0.15896129691817287,1.0278437154333986,0,1
-0.698774160072345,-0.7187456973984574,0,1
-0.26808036377266875,0.5608729974530939,0,1
-0.2275055255640013,0.6187844177642454,0,1
-0.21588534536621562,-0.8556453292795299,0,1
-0.11450347697526937,0.035479753671938064,0,1
0.17824824645227455,1.8070809793532174,0,1
-0.21774391069356186,0.2586135586740825,0,1
-0.11524759642325083,-0.08842210814145758,0,1
-0.08958947811255481,0.776459415425697,0,1
-0.5110730385044002,-0.31933605542665605,0,1
-0.25339639417469156,0.648803323619031,0,1
-0.2814086378434134,1.237830094393072,0,1
-0.006019174053424404,1.3498752113767718,0,1
-0.9595402472897977,-1.5800867361161977,0,1
-0.32520717752686096,0.0866927971375449,0,1
-0.1301156192186772,1.3022867507184857,0,1
0.12711838714076534,1.0093907376853606,0,1
0.09403681666002768,1.0487958540329068,0,1
-0.6399155779891773,-0.18132322442080984,0,1
-0.5783888489328796,-0.12400274909801838,0,1
0.1442192029701874,1.2949095826256478,0,1
0.06550494955250293,0.8997565889591569,0,1
-0.25882973207364524,1.2950573018675287,0,1
-0.41154469490513557,0.23576971042623845,0,1
0.593028304490379,0.9008871280119933,0,1
-0.834987395728159,-2.2980424404360007,0,1
-0.6126896499588024,-0.8265598338967296,0,1
-0.48064187508410955,-0.7157310062056281,0,1
-0.9493018038471736,-1.9783320170599887,0,1
-0.18182958026667995,1.5376642769119655,0,1
0.14984836233222298,2.050049041032773,0,1
-0.9222329027113515,-1.2637500498452692,0,1
-0.28168408312542154,0.8708279466956945,0,1
0.2658714591138117,1.6702230498522235,0,1
-0.8913431389177068,-2.02650430728471,0,1
0.4757791052589174,1.8013639692466306,0,1
0.0503420044794814,0.8514137893924596,0,1
-0.4077026333135831,0.6098085953940324,0,1
-0.06590666678387376,0.8485216522759206,0,1
-0.5535128796328207,-0.43607016439502005,0,1
-0.6975536980678432,-0.17994292884944307,0,1
-0.9402410701007348,-1.3215163036769564,0,1
-0.15142935420981601,0.9959719490483734,0,1
-0.4158887086719164,-1.1934109426169415,0,1
-0.5876383192542408,-0.48781818204356936,0,1
-0.5798598616655722,0.25647084653059327,0,1
-0.19032155090482636,1.4039740263867846,0,1
-0.27738850410560884,0.07021556512862773,0,1
-0.34559510935724025,0.29534268320358104,0,1
-0.2724345610165087,0.6569811956598814,0,1
-0.9318921228812951,-2.0974569233508964,0,1
-0.26796267839975785,1.3291732303629238,0,1
-1.1482503910231432,-2.608741145869058,0,1
-0.2244173475129817,0.13040233506238189,0,1
-0.8049545112414574,-1.8548825481569935,0,1
-0.5571207510138242,0.3832976328999227,0,1
-0.12340544460806718,0.1661147998948168,0,1
-0.33952597397698425,-0.011991654286082886,0,1
-0.2319048220687461,0.20306215481902662,0,1
-0.13889049455899255,0.8612544765509409,0,1
-0.6506105522763358,-1.0979732853769006,0,1
-0.24661223665524412,0.9113430179500015,0,1
-0.8276831910792775,-0.7449036138697068,0,1
-0.23823466141527458,0.9853069674420667,0,1
-0.471184572667694,-0.575573346680584,0,1
-0.4079834066042166,-0.055176989988371644,0,1
-0.32853040297488706,0.6833975732887207,0,1
-0.25787312090830156,0.591409664903505,0,1
-0.3517745533795093,0.6139615365318777,0,1
0.10359838980693868,1.1866572849900279,0,1
-0.9186963042196578,-1.8442687177154256,0,1
-0.5313761261751527,-0.21475243069096206,0,1
-0.37112847463596815,0.562358399093605,0,1
-0.4960533859873177,-0.7188739284919121,0,1
0.25263297588782996,1.9723460258150693,0,1
0.6493630755721398,1.5968382952039704,0,1
-0.33930937313864906,0.1118383626232137,0,1
-0.1881609932461206,0.008443785799511667,0,1
0.20334153801910906,1.0277982955604348,0,1
0.13057844088007928,1.4128363420512844,0,1
-0.23968842887743783,1.3979287823016464,0,1
-1.0200254967820612,-1.8732068611151635,0,1
-0.16412984842235012,0.6772363511333612,0,1
-0.8939920878807981,-1.3644663133705186,0,1
-0.639200661984536,-0.48738173087108105,0,1
-0.7564897616504194,-0.9109588163374912,0,1
-0.2720001675343134,1.29898495202111,0,1
-0.4579075674116631,-1.0342309392781772,0,1
-0.4648675590810436,-1.0484225826821012,0,1
-0.8572511432350496,-1.5894505469677958,0,1
-0.346549210941705,-0.20258392110025378,0,1
-0.3132096507345678,0.9312562985263207,0,1
-0.3684783363814116,0.1540234252725216,0,1
-1.0628538021841398,-2.3274329957959417,0,1
-0.3493851320501403,-0.015062588617040849,0,1
-0.5967953084966747,-0.3485694583619639,0,1
-0.41703190129736223,0.4348068115601412,0,1
-0.8416265458848183,-1.9702023540833504,0,1
-0.36779608274210185,0.5450018246899299,0,1
-0.30790216277253135,1.129145119855414,0,1
-0.3876990474124998,0.43483743313038786,0,1
-0.7110219112650575,-0.3665092893543108,0,1
-0.32285916359161015,-0.4450865893628457,0,1
-0.24202496053385425,0.3938022265696028,0,1
-0.5236168283357527,-0.3905052417189151,0,1
-0.0639700744903975,1.530588781465567,0,1
-0.8566267136403236,-0.7510134881217613,0,1
-0.5767236947572781,-0.2291348978553888,0,1
0.13992811276266895,0.7833765417903004,0,1
-1.0060906290363372,-1.2132498842689012,0,1
-0.5604998912807464,0.10503892610959055,0,1
-0.15845829154729316,0.03201285568843517,0,1
-0.6101548283994777,0.1745374335660208,0,1
-0.49357121118055297,0.6157919356597262,0,1
-0.7477252186940105,-0.8821158137492535,0,1
-0.05665740971458657,1.408370300801489,0,1
-0.4043576019562031,0.5286586612213782,0,1
-0.39186347476383615,0.3913404684295572,0,1
-0.48533979350883727,0.20757722839703147,0,1
-0.16195141845853114,1.35772374525403,0,1
-1.081061507780391,-1.931009942251631,0,1
-0.7611202301891927,-0.8953869823986139,0,1
0.04413120472954458,0.7751086674848796,0,1
-0.6365283047912036,-0.45764612176749153,0,1
-0.9720620584869291,-2.5616704600826217,0,1
-0.012688058556741372,0.832809890854248,0,1
-0.6052585246635322,-0.4836004496794016,0,1
-0.3763893465901818,0.7291152565135719,0,1
-0.3279917975796226,0.25263298249424543,0,1
-0.19634131871208385,0.5409084262277294,0,1
0.12325353873424096,1.430520877202162,0,1
0.22193650804203363,1.30305144143469,0,1
0.25533237041747275,0.7969818377753156,0,1
-0.24740105177521082,0.16151853085412302,0,1
0.43478702769789396,1.9338651855868283,0,1
-0.42003184073299016,-0.5941218607255213,0,1
-0.8475987744343727,-1.0739491862131978,0,1
-0.4040802673726578,0.7851301432692795,0,1
-0.10965411817859017,0.7752715179867479,0,1
-0.7843625221998417,-2.3964276981750636,0,1
0.02253023859193576,1.4865793520070882,0,1
-0.9086686343096948,-2.4376988898878995,0,1
-0.011894267247866455,1.4631549742038448,0,1
-0.6594895889832835,-1.0083764183800232,0,1
-0.42789694621308444,0.47813479612389626,0,1
0.3040488158083424,1.8698411611195533,0,1
-0.6840773399512963,-0.7717879110871841,0,1
-0.19148136304527721,-0.0882067203269183,0,1
-0.30778801824868446,0.2369244566968933,0,1
-0.04777511405415747,0.9344452943104545,0,1
-0.35514527360041936,0.2236725183269153,0,1
-0.0016371228488949172,1.02157256772451,0,1
-0.38422126618140345,-0.14276503044536518,0,1
-0.45936554941203084,-0.29684480038958155,0,1
-0.275263741664448,0.4032802265961126,0,1
-0.43702119865780176,-0.08942156030462904,0,1
-0.4086887757832498,0.026328029874098612,0,1
-0.5794111127911034,-0.5982899423946055,0,1
-1.1499467793883842,-2.654035208592502,0,1
-0.8468235524433261,-2.292358687053637,0,1
0.09584477989422625,0.15398051356415113,0,1
-0.21488519784351923,0.11697511761379556,0,1
-0.7559206508404577,-1.9196865425706886,0,1
-0.9493169369556403,-1.6148285642271347,0,1
-0.1606500960073278,0.4348491031832255,0,1
1.4245267946846392,3.1847182480006504,0,0
-0.8258010832053471,-1.2067608070287896,0,1
-0.24857105541448998,0.5532646132420681,0,1
0.19374237522843885,1.4980703004402933,0,1
-0.30526371066706876,0.8237505216415962,0,1
-0.3130638238243145,1.1443091513220174,0,1
-0.12353364337086013,0.9277420545300837,0,1
-0.20029204957340216,-0.6912836113923784,0,1
-0.946886274289002,-1.0384314640604826,0,1
-0.8365347322232326,-0.746958937126868,0,1
-0.07936990869240163,0.2760082418423468,0,1
-0.07779565295466594,0.4510784403863383,0,1
-0.9306860966370949,-1.5382130401681944,0,1
-0.05704973610235822,0.059273659730839895,0,1
-0.02983815492282529,0.9402918848255502,0,1
-0.37023009581981625,1.037748748219164,0,1
-0.40101682027998065,0.24715375525611585,0,1
-0.653706645967043,-0.3870499200562772,0,1
-0.04185740988808149,1.0993043350667047,0,1
-0.09368831162794408,-0.6156700437960229,0,1
-0.8924829214376202,-1.6818861586318956,0,1
-0.008585211485449738,1.0049731257391916,0,1
-0.6683510976429118,0.15951049835750922,0,1
-0.02849430023519323,1.1089300353959524,0,1
-0.6218051672673056,-1.4131939325973832,0,1
-0.5424289707950475,0.3919736142801531,0,1
-1.0535941528108852,-1.5983784972635169,0,1
-0.9533158980252967,-1.8936108720144862,0,1
-0.06680508838508098,1.2326302150603916,0,1
-0.39182498259369697,0.5835791207075718,0,1
0.09655661833311611,0.4753043997362965,0,1
-0.12446662393721473,1.3248565511512396,0,1
-0.40282202165231845,0.45781147970651276,0,1
-0.5674294082113004,-0.8299492461899086,0,1
-0.5634867601652034,0.3860761811271249,0,1
-0.05269000976561819,1.1608929871485059,0,1
-0.7173839153450622,-0.5951190261850723,0,1
0.11886078344867584,1.2242595413867459,0,1
-0.07149352319469832,1.3151363012424462,0,1
0.525496884431258,1.8518778179733562,0,1
-0.1521483767809205,0.32291531677975144,0,1
-0.8653588865944967,-1.1631970169213757,0,1
-0.8303996736342466,-1.8175863041893865,0,1
-0.9011944432873633,-1.5607893364311647,0,1
-0.4179169529857801,-0.692886088423417,0,1
-0.1280666903498172,1.4169488186669685,0,1
-0.403416002199302,-0.07931531273342518,0,1
0.11708432025244518,1.2642679970486244,0,1
-0.38470480170005844,0.3285294512430112,0,1
-0.3432537247076854,0.8829613836360162,0,1
-0.30586869383918264,0.07583860697330377,0,1
-0.7390759779160014,-0.7620600144671505,0,1
-0.4378031569162487,0.5913651125553273,0,1
-0.20258887379659318,1.1851125442807662,0,1
0.35076709069641826,1.3209850729925083,0,1
-0.5416629974514294,0.34038693962231364,0,1
-0.3764997767251199,0.02334609759417424,0,1
-0.6329926434181462,-0.49182129984088835,0,1
-0.19260861281529723,0.9316639382920968,0,1
-0.8420684701794794,-1.348720486857899,0,1
-0.27551380829541255,1.075649200202097,0,1
-0.7611811020291027,-0.6846623862756062,0,1
0.13158546216850384,1.653106663665826,0,1
-0.5911103677636297,0.30086166233930606,0,1
-0.21873096672563264,0.7809517171191042,0,1
-0.1689793417973836,0.914300272144362,0,1
-1.0849615186447,-2.6550315016704387,0,1
-1.1922872927556771,-2.1613742179474484,0,1
-0.07178656471436624,0.9664916443323366,0,1
-0.7754421615675269,-0.7813781834256954,0,1
-0.7887150107445443,-0.715870391169917,0,1
0.4012015285614301,2.0795748532116853,0,1
-0.11611637886788712,0.2631468420362154,0,1
-0.5619166008883375,-0.523126027971643,0,1
-0.3798204466183667,-0.26973478554292923,0,1
1.55026851085872,3.3465828463563723,0,0
-1.1359420629875592,-3.279450917125644,0,1
-0.4483493924122897,0.3437709318386869,0,1
-0.025104408851541377,0.4981312203167143,0,1
-0.4312376557997295,-0.5004940910541881,0,1
-0.05915179027282154,1.112885350097652,0,1
-0.35672010586271446,0.18198810945031837,0,1
-0.984411279991968,-1.9084623265291567,0,1
-0.5664410504939914,-0.37300632573985876,0,1
-0.1523385598108019,0.7713324932156753,0,1
-0.0066918087768950765,0.49578976225175553,0,1
-0.0941601426136414,1.735049158097419,0,1
-1.0220736802676869,-2.1414889979765963,0,1
-0.5507159047864496,0.3408790063461667,0,1
-0.12607248992744938,0.48904321091999114,0,1
-0.013993262495488873,0.6904762026314882,0,1
0.050126020685636284,0.4892129980235694,0,1
-0.6329905906549873,-0.8895094908878753,0,1
-0.9202000963727993,-2.119024811599028,0,1
-0.7568320986939929,-1.3766497848792225,0,1
-0.634459985605845,0.06119594137279514,0,1
-0.4886821802622236,0.507489323252745,0,1
-0.7482971391138026,-1.0538275202906244,0,1
-0.04700965128095819,1.1217309301789429,0,1
-0.5231863279549577,0.21760111158136355,0,1
0.28583988004453803,1.394072192267219,0,1
-0.5038241972311905,0.15022014804379613,0,1
-0.8250719530704576,-0.6047351816650146,0,1
0.12714668439034268,1.7341869046066727,0,1
0.2407875925158248,2.174931297870102,0,1
-0.5721108525748873,-0.04434807158540861,0,1
-0.15027779657496587,0.9615602105042407,0,1
-0.6611970174996314,-0.9581565713642584,0,1
-0.40877971598947305,-0.17615267493653716,0,1
-0.44948699874462833,-0.1241610344950434,0,1
-0.6541758254855067,-0.9746801640185131,0,1
-0.6036301744723807,-0.8399582004112334,0,1
0.13768875978844558,0.8086108388612623,0,1
-0.9052294285914824,-0.5410500741601637,0,1
-0.14530391077793448,0.10721656648602336,0,1
0.11184305522295424,1.5506506745539255,0,1
-1.1750717048915535,-2.394536210258066,0,1
-0.3105230864366154,1.113546787812601,0,1
-1.3090860212557474,-3.064962174923156,0,1
-0.2473811480580054,0.7551359813361318,0,1
-0.2226007059376055,0.7622984372004886,0,1
-1.0164664631879754,-1.9325644561967712,0,1
-0.44305629554696463,0.49488944725630507,0,1
-0.6159114815714617,-0.0703382453544579,0,1
-0.49601989806606434,0.40269599814775286,0,1
-0.3582781631373924,0.05903798162952292,0,1
-0.3939382834930963,0.5089086317722613,0,1
-0.33669661265783435,0.08097638023302609,0,1
-0.05372373370167741,0.31978045667287786,0,1
-0.9155874663098197,-1.375171544362271,0,1
-1.0385768597343317,-1.779428130479474,0,1
-0.9602450222392844,-1.6138225713822072,0,1
-0.3250145626855521,0.6958309419929253,0,1
0.5541781914241568,1.6767178866673742,0,1
-0.0900286975531855,1.742345340266392,0,1
0.025497014811434626,0.9387439617277304,0,1
0.37075788289493933,2.014520835015149,0,1
-0.6848343977724788,0.015758575509136803,0,1
0.3748559009810078,1.3814320749256512,0,1
-0.5593848642904109,-0.4673157288906045,0,1
-1.0896608370395546,-1.779312734796764,0,1
-0.8087133615535629,-1.1660563071147236,0,1
0.20276547084842164,1.253451300908882,0,1
0.31960281638911325,1.9474690895675575,0,1
-0.26515698219937867,1.2879428522056278,0,1
-0.7977356404147216,-0.5410321467977854,0,1
-0.013309157968852835,1.302474268144496,0,1
-0.7222105625864609,-0.9170278023679383,0,1
-0.8344587145552643,-1.1371840735695664,0,1
-0.3922979685292408,-0.2566634202456858,0,1
-0.6860092370003096,0.005967671246682854,0,1
-0.804950424636251,-1.6836575960253506,0,1
-0.7359736202446695,-0.747749244507448,0,1
-0.5757385693543765,-0.7551099800469823,0,1
0.22242077775355826,1.380551115763552,0,1
-0.32985942023162695,0.4214238463795148,0,1
-0.46784966669105404,0.6994558847341601,0,1
-0.2034459032343598,0.17394353015753214,0,1
-0.5505872450292115,-0.20804043867512212,0,1
-0.4847235566086055,-0.3557788125227002,0,1
-0.6025463505080795,-0.06424727989961032,0,1
-0.542356557560496,-0.08874597237201239,0,1
-0.2639149618074924,0.0926960523772149,0,1
-0.40441904600544437,-0.3732846395402915,0,1
-1.13025775072153,-2.517865099119362,0,1
-0.3240073614917747,0.5357935358580698,0,1
-0.8346377615364835,-1.558441788606692,0,1
-0.41994004518257916,0.46771566383053637,0,1
-0.6019618505185014,-0.21129815354674406,0,1
-1.362996762785869,-2.6115445641141357,0,1
-0.20295447807499223,0.4008521100891682,0,1
-0.6549435245638143,-0.7262799618425679,0,1
-0.2751838374856105,0.9713479285039085,0,1
-0.6405079699657584,-0.6629998188032239,0,1
-0.5457987330116089,-0.8306421810381841,0,1
-0.6440253054454873,-0.06061883898868633,0,1
-0.10592133463717535,0.5342474094635951,0,1
-0.4689738966437698,-0.3247565484685225,0,1
-0.1607614274930725,0.5958810868446818,0,1
-0.5637408051838172,-1.312737079098894,0,1
-0.15320698159491147,1.222622462617533,0,1
0.1625114989916384,0.12246685703326624,0,1
-0.4758142822054729,0.35878929135128373,0,1
-0.6142827460733942,-0.4995218614910894,0,1
0.11309981911347955,1.2889625519760979,0,1
0.1901425828416911,1.3584891384855295,0,1
-1.0142940443259636,-1.8593644999848777,0,1
-0.4996691778698785,0.6350210768078496,0,1
-9.578176019642637e-05,1.0763321881584222,0,1
0.6094167128971445,1.9719938238676689,0,1
-0.6950161994914782,-0.37917921373082,0,1
-0.7492753895192679,-0.4922564516304343,0,1
-0.531403565309377,0.0012784336664793802,0,1
-0.16361024802495763,0.060223909268192884,0,1
0.16234914468219772,1.2925764044479646,0,1
-0.4946577254724248,0.242378291392454,0,1
-0.5692171668789632,-0.20111114338504915,0,1
-0.28929034655999675,0.45113071245665887,0,1
-0.3798356120112886,0.2568152559960227,0,1
-1.2641465005652797,-2.8649788854699474,0,1
-0.7967405004296715,-0.9006717418027239,0,1
-0.15443947074863107,0.41380623575657116,0,1
-0.020286142435814458,1.4296330138073778,0,1
-0.14284315863996222,1.0994887827335145,0,1
-0.45250335683911647,0.5222740168404894,0,1
-0.9096791540397907,-1.5414653254581032,0,1
-0.19762812732577004,0.47574346854644883,0,1
-0.42043657651578054,0.5418333532546974,0,1
-0.5215114156869175,0.2460151715391227,0,1
-0.5074796304277286,0.38770561549822063,0,1
-0.22100950249162166,0.6041462391701536,0,1
-0.6090283981706753,-0.37316654195556526,0,1
-0.5055366607506734,-0.7458140710401786,0,1
-0.732508215593588,-0.8454615806540228,0,1
0.1361058924782573,1.8865863156515754,0,1
-0.7432831450248364,-0.33594738527261464,0,1
0.5190693071274126,0.9492269635709739,0,1
0.09197547708521353,1.703422241791204,0,1
1.0758503356185167,2.702786555258399,0,0
-0.443623018823445,0.644178387615558,0,1
0.44170275541459497,1.1300128976490031,0,1
-0.47714426606028526,-0.5573861407840944,0,1
-0.2061841810438231,0.08923470023131896,0,1
-0.3394268358125288,0.8817274495617246,0,1
-1.023204253428241,-1.557668755631556,0,1
-0.7876646234998831,-0.9328354160084593,0,1
-0.3575305917568366,0.309903370638285,0,1
-0.14258954125823964,0.5261463357628423,0,1
-0.39297948920523396,0.745141058119735,0,1
-0.7805130171026996,-0.6796026387349678,0,1
-0.5818909898486535,-0.6058203856787984,0,1
-0.575764934525072,0.7571061923947126,0,1
-0.40303814794860154,0.6250003820927946,0,1
0.15151433378262485,1.717438702306963,0,1
-0.21677029150526264,1.3455709662566282,0,1
-0.9768398113458338,-1.5233802634430265,0,1
-0.8497370347325565,-0.7170801362666482,0,1
-0.9308193876794562,-1.1092129603936611,0,1
0.09806827827015185,1.4599295638875551,0,1
-0.045605133428851585,1.2369420118689523,0,1
-0.5856119695010816,-0.4728107440420143,0,1
-0.12693912553774375,1.74933907590248,0,1
-0.748673942037902,-0.1382804803103703,0,1
0.12597997025227792,1.214773261869913,0,1
-0.8422048041114408,-1.10809253727001,0,1
-0.713813127263345,-1.721085874910533,0,1
-0.23073606588708143,0.8565526817564104,0,1
-0.37805441659291883,0.3483880987125685,0,1
-1.0171344961551336,-1.886424146704814,0,1
-0.5932664557530164,0.21170747999179,0,1
-1.0144608636181653,-1.801952910843573,0,1
-1.4784864375548763,-3.897434841569442,0,1
-1.0456037623760015,-1.6394570002348492,0,1
-0.2544256456642433,0.5986687730675582,0,1
0.22874285660855762,1.478813906671723,0,1
-0.027925383883965014,1.553923089765457,0,1
-0.3092217660764482,0.018951009291494385,0,1
0.24273981895016813,1.205537205789254,0,1
-0.07442959155229151,0.8110815649861556,0,1
-0.40953257027142265,-0.15728591023260252,0,1
0.14965344364224925,1.7201628501048314,0,1
-0.6196813931549041,-0.5107882379819093,0,1
-0.574199300055175,0.16765457146247068,0,1
-0.1881842378712245,1.2809547264905747,0,1
-0.4220548641626995,-0.5641677543373617,0,1
-0.3344630910731968,0.26506917071848735,0,1
-0.6097634905712698,-0.10227093841990874,0,1
-0.43921410047681486,0.670012384896014,0,1
-0.9880800510544634,-1.5379179789164137,0,1
-0.29304656729008866,0.9412714584947203,0,1
-0.6872092526010998,-2.173766678677897,0,1
-0.2026692205574699,0.6149834067123221,0,1
-0.1739745070649818,0.27053154811927466,0,1
-1.2251801591271383,-2.0591654229759224,0,1
-0.3867901428727845,0.44190318643099646,0,1
-0.030899446480854707,0.6360605454154002,0,1
-0.16902878401717703,0.8780386998881199,0,1
-0.17934552323441086,0.39065118207590355,0,1
-0.5882346377648088,-0.3084032603962366,0,1
-0.5802280058068636,0.2786919883308744,0,1
0.0410280429317178,0.9948050873661605,0,1
-0.6320283845073578,-0.7545140823966031,0,1
-0.6442264143797154,-1.4400778849285092,0,1
-0.044172063020578856,1.5925405200540623,0,1
-1.4957050375926875,-3.148270549190979,0,1
-0.6477939827491174,-0.25851723883886363,0,1
-0.6762007207994747,-0.864341656842921,0,1
-0.6819624526376424,-1.1274433002707196,0,1
-0.143433002357152,1.5111738846848246,0,1
-0.15037904634862392,-0.6201303176492357,0,1
-0.752632221759465,-0.9042608333560024,0,1
-0.2907113780254216,0.997111415570892,0,1
-0.16074314719676713,1.5341130433898083,0,1
-0.21406201376679954,1.3442571076740901,0,1
-0.7197589302560404,-0.339731357103407,0,1
-0.6481602749289588,-0.6811370537245317,0,1
-0.358398495703193,1.3621636628342517,0,1
-0.20179409523858224,1.2605691231728162,0,1
-0.5736365191454323,0.45601498548221336,0,1
-1.2596028851033436,-2.84582894203782,0,1
0.11624108346814858,1.1224540377374446,0,1
-0.4504918370181637,0.18142911867735878,0,1
-0.3223736542873892,0.06736606740472015,0,1
-0.45066331765515316,0.43028484455974825,0,1
-0.8968715740888714,-2.0086916642839165,0,1
-0.5590049947994912,-1.0182018345875172,0,1
0.1503489313848751,2.0871234580227385,0,1
-0.3308808801757496,1.3574070670148528,0,1
-0.8047994590643983,-1.0729346731657694,0,1
0.03335293885131576,0.8886854076553127,0,1
-0.16835933508056866,0.9592324691488603,0,1
-0.14699092032344324,0.8230563711373162,0,1
-0.7433472376468324,-0.2859753688441009,0,1
-0.2525303338685702,1.1051882514636466,0,1
-0.8838088210907941,-1.291020757231371,0,1
-0.3883804237692447,0.6101126899426729,0,1
-0.24217575075800069,0.6573695557885489,0,1
-0.36202593657533594,0.16252823257558915,0,1
-0.122068963856897,1.4656459574985086,0,1
-0.4032751001670839,0.19596586723783166,0,1
-0.657153177935354,0.10495857080200922,0,1
-1.1074905105007784,-2.5170005388911827,0,1
1.9963186230443972,1.2418059468617002,0,0
-0.04066984880187139,1.2727920425024306,0,1
-0.34896342018478305,0.11965090169221192,0,1
-0.5695253598871459,-0.1487362060295602,0,1
-0.2771137900655793,0.7985441365465468,0,1
-0.8065285759930512,-0.26072389742340063,0,1
-1.0131165894812755,-1.2995639673573722,0,1
-0.642101055795342,-0.16290921225244284,0,1
-0.4090389358571048,-0.029390485460582857,0,1
-0.38747515077576494,0.16025688483435968,0,1
-0.5052957376050288,-0.38508599608966354,0,1
-0.3425998685024426,0.9333423245785943,0,1
-0.6547088819816415,-0.7332384370821241,0,1
-0.06700923620475323,1.1385448273590926,0,1
-0.0633313339061781,1.0070001688044707,0,1
-1.0885105936725308,-1.4054387243910829,0,1
-0.6953160782997226,-0.12451814546233612,0,1
0.25438022956200207,1.8165761297118999,0,1
-0.6005752378163691,-0.5199612671795164,0,1
-0.5224408370361598,-0.6513923094886878,0,1
-0.07624831668797273,1.4870248277095153,0,1
-0.8998951691322871,-1.4241234227299684,0,1
-0.24786909052882167,0.39250048935587184,0,1
-0.6845908049693563,-0.24312618120344856,0,1
-0.591413771192065,-0.3467696579040202,0,1
-0.6409796702175375,-0.9735257194071629,0,1
-0.17856972974673463,1.0128291790495159,0,1
-0.8110683438279481,-0.8259994618871597,0,1
-0.23680415477835257,1.0162055978812017,0,1
0.384490679728156,1.5626589381137288,0,1
-0.518266042876689,0.5030288540926536,0,1
-0.4133977128572941,-0.3679332412790116,0,1
-0.2644648561778022,1.000630315665621,0,1
-0.5137984815272596,0.30941540880157004,0,1
0.05348930939216408,1.5948537780913368,0,1
-0.9256069754450413,-1.8363851871167303,0,1
-0.8683578749275093,-0.8462659755348908,0,1
-0.6186705834675192,-0.9226457375770927,0,1
-0.35800138160208966,1.0332947029600772,0,1
-0.47645874153445505,0.6070157430145247,0,1
-0.5540916819101978,0.27896163088356524,0,1
-0.2240646702198526,0.6551543780473972,0,1
-0.14174022849526105,1.7357122093797281,0,1
-0.05742400022114942,1.3685081222238207,0,1
-0.2340457881965367,0.8802702941430262,0,1
-0.43234058195946107,0.8403831970629084,0,1
-0.2657170230892121,-0.06924455516675093,0,1
-0.08729474266915907,0.47730585325331537,0,1
-0.7891755469537505,-0.9377485842279718,0,1
-0.7291315407961239,-0.32286037821567287,0,1
-0.4218996534549727,0.8154078951271277,0,1
-0.852142587968955,-1.5814356948847252,0,1
-0.841076047756239,-0.7615603907836408,0,1
-0.36792275071501335,-0.10769755332803396,0,1
-0.22364437165194004,1.011535239699795,0,1
-0.5597204021309464,0.16107515835699932,0,1
-0.5334369256095769,0.5623659693013602,0,1
-0.1713722103536036,1.5100790775801616,0,1
-0.3873210380481237,0.48316093829591844,0,1
-0.17878160332358226,1.1346483514217214,0,1
-0.19877893945608258,1.176041031488939,0,1
-1.0297551645786567,-1.6143132288384556,0,1
0.021448416308425703,0.8532391639941751,0,1
-0.42755139645045387,0.29373021928483484,0,1
-0.27874679588259527,0.8841987963193492,0,1
-0.3965821575275386,0.6862712487043484,0,1
-0.4992243732828548,-0.6645101694093403,0,1
-0.0038636524836467745,1.7574109496213126,0,1
-0.5147192886565644,0.4734274120206671,0,1
-0.14506541274620657,0.6937439047931084,0,1
-1.0862908809002758,-1.6758057205099124,0,1
-0.6952938602017587,0.06681133794644589,0,1
-0.41606861166302533,0.884390007668064,0,1
-0.8833153746912814,-0.42234995571121703,0,1
-0.9747941707830499,-0.6875676137072734,0,1
-0.5714423689910749,-1.2138110128041655,0,1
-0.26252354266098876,1.3988731246605837,0,1
-0.10470554544706517,1.099676437346255,0,1
0.2078802722589441,1.3209952720712936,0,1
-0.44718221116537077,-0.05619348302965105,0,1
-0.8376508446872709,-0.638758556348088,0,1
-0.6823792049057875,0.1396196178308916,0,1
-0.18285454458306286,0.6092513830503725,0,1
-1.4997197330851768,-3.588818101488961,0,1
-0.6991909664293883,-0.6018060577712308,0,1
-0.8725630127429523,-1.524411694238064,0,1
-0.8506166037857429,-0.5558090798977564,0,1
0.33767132016570733,1.896801297703341,0,1
-0.49793555453207977,0.15445685258784708,0,1
-1.2536886919151666,-2.660203720940455,0,1
-0.5570381866872806,0.23416110036487883,0,1
-0.14932123854840337,0.7651772099837738,0,1
-0.185326398697036,0.7427481493185286,0,1
-0.5269762013367464,-0.18973638346852267,0,1
-0.1289646649734854,0.9865533148305643,0,1
-0.8089661171266777,-1.0436133756261508,0,1
-0.9037421534314694,-1.724940002678821,0,1
0.1677066092621783,1.5085072549400582,0,1
-0.4178609606145432,0.8361659163316172,0,1
-0.7569268913408463,-0.9679186644859895,0,1
-0.012910883073146,1.9203273104357053,0,1
-1.1418668909656555,-2.0396965108787315,0,1
-0.14508466187339983,0.41115238276999827,0,1
-0.315046974242125,0.20840700348502486,0,1
-0.3629503216117637,0.09393430511878638,0,1
-0.578775416970226,-0.3622625844928805,0,1
0.05035781470517103,1.3105632939810394,0,1
-0.3969429062188795,1.2466347403539382,0,1
-0.17368777941660332,0.7615838867633439,0,1
-0.03988909197176994,0.86116885392848,0,1
-0.38826745484369435,0.8985376591842126,0,1
0.5422327516359308,2.140301520184469,0,1
-0.48824061083932535,0.042070862907096426,0,1
-0.24560140123349167,0.969185464231496,0,1
-0.2844579636600629,0.630466275318927,0,1
-0.12197168385062929,0.5688129450048932,0,1
-0.08991481027614073,1.7422940493831898,0,1
-1.014022789483944,-1.947405893869242,0,1
-0.4255586222613993,0.9263441785973349,0,1
0.38374796452255233,1.6086771809149258,0,1
-0.336312546128791,0.5420982719376825,0,1
-0.6064062378255214,-0.25974878625154374,0,1
-0.46554261977865624,-0.222013325665135,0,1
-0.49538443014510936,0.7970003502728689,0,1
-0.42379887945073413,-0.3809385780611465,0,1
-0.9166228489315562,-1.5486440353419741,0,1
-0.7544659117740282,-0.08235272866758003,0,1
-0.5180599854539731,-0.8994528612786842,0,1
-0.3260867650447226,0.8563534701073358,0,1
-0.9900344079316439,-1.7363200438220232,0,1
0.09183960221502598,1.193343306061045,0,1
-0.5873291043566884,0.2544250319264791,0,1
-0.4652252363280234,0.7250428820871474,0,1
0.2429403765536893,1.5425729322582593,0,1
-0.7524056920187443,-0.23759710933906092,0,1
0.006891612362346248,1.2598270535626293,0,1
-0.13886430259254728,0.005070550799418649,0,1
-0.2593215113416604,0.5675387485296434,0,1
-0.4124041711918408,0.9887290254706788,0,1
-0.3669231268686023,1.036654148218836,0,1
-0.3840387321289623,-0.0007422863774255899,0,1
0.19317320132701865,1.7548906886062652,0,1
-0.7508817952953278,0.00085706755260819,0,1
-0.08299931916773234,1.34225101581961,0,1
-0.39452063480453803,0.2242524102290794,0,1
-0.528664499646412,0.5838980998426879,0,1
-0.2003756248156477,-0.16715984506009854,0,1
-0.9170129483483247,-0.8537898651642494,0,1
-0.4230753991778739,-0.058216592715934226,0,1
-0.5614504284840337,-1.1385614383754485,0,1
-0.7754680646291815,-0.8453984986799136,0,1
-0.06815604607591494,1.1980726847328993,0,1
-0.23392384555583326,0.8432907610926185,0,1
-0.20654865187382684,1.5926475348361615,0,1
-0.6890914055958534,-0.5487145749413317,0,1
-0.9945623449034883,-1.8726905315012854,0,1
-0.6758223559807535,-1.1145052689258759,0,1
-0.23300432210869607,0.5421447815328672,0,1
-0.1387110048123597,1.3917661507276013,0,1
-0.39389791477970787,0.5673433057353213,0,1
-0.5887761881887641,0.6251826386088802,0,1
-0.31415706481393035,0.5578109771479219,0,1
-0.14718188577581046,0.43223455438375263,0,1
-0.49588642458364096,-0.20343107737379892,0,1
-0.8602316271656362,-0.40791999119735156,0,1
-0.81119662529601,-0.43178286323777454,0,1
-0.5681889234900644,0.40372895006690407,0,1
-0.5856034374577739,-0.04072431078799559,0,1
-0.5956999217659593,0.3919161945546473,0,1
-0.7476939437433426,-0.4634581570629828,0,1
-0.3556844547690698,-0.07689430523768635,0,1
-0.10077378998105008,1.07340308136673,0,1
-0.3676369875274545,0.5147094224154167,0,1
-0.8776048883748009,-1.9005462991824296,0,1
-0.3688665517041527,0.40403856183389775,0,1
-0.7189787372179557,-0.43197216714402337,0,1
-0.29013152995609226,0.9436329835697944,0,1
-1.0721314239789332,-3.042260367907961,0,1
-0.32647379584574865,-0.28594353677735085,0,1
-0.06573716388212571,1.409261505261384,0,1
-0.5283084513255196,-0.1554840368529799,0,1
-0.3399614509423024,0.09841226126643653,0,1
-0.42301554314974493,-0.05154691237134027,0,1
-1.637298301327056,-3.534742199113982,0,1
-0.0845249600660591,1.6229520800178983,0,1
-1.0619105282778813,-2.1912033530396795,0,1
-0.30704992588429086,-0.7986965251867841,0,1
-0.2526068750801474,-0.18337641230142268,0,1
-0.5287893242016288,0.15274149837936882,0,1
-0.2535559144408224,1.1080228749066288,0,1
-1.249835734099994,-3.559230750648718,0,1
-0.4217312731863543,1.190393984020856,0,1
-0.733430081582197,-0.8224173941207905,0,1
-0.09833313634513616,0.858144170546239,0,1
-1.1824800651213792,-2.8873906867895567,0,1
-0.4342460095917838,0.41296763706063394,0,1
-0.6733937837612551,-0.6377356400375778,0,1
-0.37538811994804977,0.6011160908957908,0,1
-0.5748386259427444,0.30394764874860536,0,1
-0.3632207826332947,0.8446454778076583,0,1
-0.23973706301191894,0.48714104333839237,0,1
-0.31828702553061206,0.9644447120593563,0,1
-0.984726173846772,-1.1443933962435058,0,1
-0.9684731571661239,-1.3314271378119773,0,1
-0.4951587222215065,-0.5603388849422801,0,1
-1.4713722935975964,-3.5517779129699276,0,1
-0.8334444949647871,-0.3215946617983545,0,1
-0.7144484033641416,-1.4634847614865245,0,1
-0.7587225834140245,-0.2600886587710275,0,1
-0.9985657021032114,-1.3102827241821446,0,1
-0.7642470394188275,-0.5066733253776902,0,1
-0.5303810036337767,0.40937260180787144,0,1
-0.92241289196707,-0.6205669897681624,0,1
-0.24219807442646013,1.1459179919204712,0,1
-1.304308479043225,-1.4052814312721233,0,1
-0.14366395470250143,1.36337524726389,0,1
-0.6744847147034964,0.11032858930278182,0,1
-0.8642999057901609,-1.446813412309101,0,1
-0.8926917083350843,-1.7039820324621422,0,1
-0.2765579922911922,0.7717178691454262,0,1
-0.051471863152914264,0.5093058258191792,0,1
-0.3765686308494006,-0.1973063231822706,0,1
-0.5178618827904976,0.6580183114898082,0,1
-0.43378269624939625,0.48399967158378926,0,1
-1.5211031546299556,-3.2066410211664076,0,1
-0.6502918887578538,0.08701807823663893,0,1
-0.4086318417384828,0.6262850795510244,0,1
-0.00159772729990202,0.7599719146237308,0,1
-0.25198629627247987,0.6385970485458132,0,1
-0.3136511075495186,0.7094869819262941,0,1
-0.7768021543361724,-1.3778551098762484,0,1
-0.2591241924590675,0.3184777281989442,0,1
-0.4021793968701212,0.9291779518876494,0,1
-0.3618339772426353,0.12114691818102036,0,1
-1.1183121475598514,-1.5930579197059345,0,1
-1.0023120191739352,-1.2449145303569165,0,1
-0.7746244930906782,-0.543767853558707,0,1
-0.3125598849292652,1.3041325215921566,0,1
-0.7856089852685223,-1.1830663702889663,0,1
-0.8529804938519085,-0.6685043864449488,0,1
-0.862193604562814,-0.7621277558901808,0,1
-0.4443431479329923,0.5936807228328309,0,1
-0.48690174981584106,0.70913850394867,0,1
-0.9095258657735658,-1.2108379832291385,0,1
-0.4650857503335026,0.728305770717447,0,1
-0.4662664716435788,-0.0073149227440069955,0,1
-0.3751381455261329,0.2706030630986342,0,1
-0.8264493398386628,-0.342512649229441,0,1
-0.8517032513211972,-1.0522999530177184,0,1
-0.3261772545614206,-0.011021578762151792,0,1
-0.44617075936001344,0.5565139796467677,0,1
-0.2702353286185151,0.24862543286455746,0,1
-0.769139974393262,-1.21409851538371,0,1
-0.24432502925362606,1.445081219723976,0,1
-0.7498829471549269,-0.04543469810237585,0,1
-0.43977310929684255,0.28920677165168557,0,1
-0.2523671985969245,0.9889328787531243,0,1
-0.601879595559214,-0.22910648625875585,0,1
-0.38370499735164015,-0.6375368635501608,0,1
-0.9533710350553067,-1.030423277891166,0,1
-1.3213505948306064,-2.3651456277133045,0,1
-0.11222886313381349,1.4984195424734035,0,1
-0.17754975161239764,0.47761616390139977,0,1
-0.4856082515330566,0.03139058132143941,0,1
-0.5189619565463217,0.6517401052740978,0,1
-0.3415638599875259,0.8704661979424831,0,1
-0.48706880806180086,-0.28311595635222153,0,1
-0.722904316565938,-0.9952588268051494,0,1
-0.5779947689809198,0.28440192190735153,0,1
0.48817349515785957,2.5042433862178815,0,1
-0.6047906050599844,0.5532624431412024,0,1
-0.5120760169077625,-0.39114198590429594,0,1
-0.6247625212795824,0.06921222132874895,0,1
-0.9065940080534995,-1.2959624792475,0,1
-0.18998126358114475,0.9817054290952977,0,1
-0.1271769351400244,1.5790979267216274,0,1
-0.7555398750448925,-0.0551613342473841,0,1
0.19922081831305552,2.203914106772261,0,1
-0.5751966516924512,-0.020419594737333187,0,1
-0.7834842489548992,-0.7014242988343736,0,1
-0.38302208303570207,-0.25523457488062706,0,1
-0.6755484998283632,-0.6590896854136218,0,1
-0.8274161161747957,-0.6056960982782227,0,1
-0.17258425895590038,1.18087337625782,0,1
-0.5364319197045277,-0.7498376969757357,0,1
-0.06811880581727484,1.0492553583011495,0,1
0.10799609443194619,1.8957293996382534,0,1
-0.5686451523227128,-0.19959022055520936,0,1
-0.05986604592785326,0.9833797077098263,0,1
-0.9327479300415576,-1.3190338950940672,0,1
-0.2981025539927273,0.883474817070912,0,1
-0.876072256092974,-1.4484014685658466,0,1
-0.6707445965086584,-0.6728599718415863,0,1
-0.30813430944244746,0.12889012198878874,0,1
-0.5026428018926407,0.5224723992659802,0,1
0.18750262250743804,1.7351348332620042,0,1
-0.9437662991549581,-0.7900170294672919,0,1
-0.35829912292997323,0.6510964555420646,0,1
-0.6242458088451578,0.2980922645165442,0,1
-0.6059509006726189,0.44524995933736666,0,1
-0.31729821592976265,0.9442535244074085,0,1
-0.49200506546254513,0.34921706356640925,0,1
-0.49873993173317827,0.5327667971605605,0,1
-0.16404902888783615,0.9375499203516043,0,1
-0.2647884952733586,1.2208087158847054,0,1
0.03915001732465599,0.4735471208200847,0,1
-0.8014091107145739,-0.5503240672150348,0,1
-0.21130876932737383,1.017802554977623,0,1
0.19557070438092283,1.3991005101651874,0,1
-0.5984437485854047,0.08669576474884462,0,1
-1.0212380934840815,-2.017977323827648,0,1
-0.3902875880726076,0.08725824547633443,0,1
-0.7408513336240151,0.08541720252239289,0,1
-0.7404092275308415,-0.9530535136363749,0,1
-0.9073940433280477,-1.520538988292312,0,1
-1.5126216599431563,-2.891992044580155,0,1
-0.4320917205294608,0.8790929440575562,0,1
-0.4425385479196548,0.399108237788278,0,1
-0.4332603064868058,0.6879630276185896,0,1
-0.7691104594573646,-1.5303422239676658,0,1
-1.2562301724809788,-2.876510254468554,0,1
-0.6023599550900977,-0.708633588403053,0,1
-0.044519029805194975,1.6296126396734085,0,1
-0.7383389188294839,-0.4785028618627089,0,1
-0.015603976679044671,1.0583522834361707,0,1
-0.5020646598927561,0.2750081812220041,0,1
-0.4189049524063357,0.8901467830665818,0,1
-0.7618029884028477,-0.7033116145754331,0,1
-0.06469074354006905,1.243820856549422,0,1
-0.0009084974796196697,1.806854282128856,0,1
-0.6434147525110688,-0.5972573170038941,0,1
-0.771843289607789,-0.010428248875396322,0,1
-0.8320476178209945,-1.191601115954338,0,1
0.02471013027520621,-0.3783225693075809,0,1
-0.16241528053989485,1.6129819155520535,0,1
-0.15807149491541211,0.7931019756583537,0,1
-0.43296861333897735,0.5132274557725107,0,1
-0.8573849927941921,-0.656175646216904,0,1
-0.3108122132409391,0.8166832843183616,0,1
-0.9800396161234918,-0.6934268279956048,0,1
-0.6803407129845243,0.2200648815998409,0,1
-0.6028525955036383,-1.0251818480958743,0,1
0.02231535795906595,1.7221443521389486,0,1
-0.3920217608320161,0.9414569285116837,0,1
-0.32356424546719303,0.9261582560260422,0,1
-0.7653435889810642,-0.10315617289041838,0,1
-0.5802427979909986,-0.3010902350980549,0,1
-1.2157855880914281,-2.441469177279025,0,1
-0.5633267823829629,0.7449419168644752,0,1
-0.45803031671354755,0.27798365539729736,0,1
-0.6442830476432292,-0.14488476863236815,0,1
0.01649940185587057,1.5478133316349019,0,1
-1.02413037328678,-1.761125874886928,0,1
-0.08018147279349071,1.6833630842662917,0,1
-0.3171735135196407,0.8429436341690928,0,1
-0.31370312565708497,-0.601291197973954,0,1
-0.635532016434198,-0.2459681413751646,0,1
-0.5196492591631641,-0.1350451931916637,0,1
-0.17902511163730556,0.6971170934949782,0,1
-0.8567520571722116,-0.5395773184155552,0,1
-0.36228941541844867,0.8844254135867302,0,1
-0.7756283054119743,-0.6787350244566623,0,1
-0.767651858444762,-0.7674313488636914,0,1
-0.6957658235228831,-0.2174993791323242,0,1
-0.17312027661085877,0.17379611744913423,0,1
-0.4063415901248973,-0.21457976380449417,0,1
-1.0326256026455185,-1.0245216595608528,0,1
-0.6079460394900393,-0.10077201587915945,0,1
-0.5164462583056458,0.2596043828449227,0,1
-0.5525531748145475,0.18847497754974957,0,1
-0.5718877779194956,0.33130770050600744,0,1
-0.3832161768827661,0.19734435171916304,0,1
-0.23378271684760157,1.0030515926935175,0,1
-1.0950399149818562,-2.0465631095120353,0,1
-1.1192796919177725,-1.9648083207360691,0,1
-0.44298467204583036,1.1315009473572768,0,1
-0.5183758647161926,-0.6656735771538926,0,1
-0.5020075483328647,0.23881364451890386,0,1
-0.40151081319418874,1.0477042048888214,0,1
-0.12297372540807514,0.8184833790626738,0,1
-1.0065781942614709,-1.223772171597617,0,1
-0.5057101288459255,0.6632303082360912,0,1
-0.5085971876454383,0.04831024940659357,0,1
-0.36102069346845067,1.2127289075181567,0,1
-0.36652631795207496,0.1017483876266438,0,1
-1.0166036118751016,-1.268457447979183,0,1
-0.38714651411962264,1.0449075048078733,0,1
-0.058900181425047396,0.7989152802921301,0,1
-0.7417142492256887,-0.5754950387282403,0,1
-0.7323344477437403,-0.4575015409165587,0,1
-0.5240501739303502,-0.4406887495728612,0,1
-0.7788328977300754,-1.0751612922749445,0,1
-1.0773483561633665,-2.30223577907773,0,1
-0.13928366419994717,1.262740781910213,0,1
-0.8651271383297803,-0.9734220103822248,0,1
-1.055767678313158,-1.6392791053925357,0,1
-0.5871842026769173,0.5408664532006954,0,1
-0.4127391365395983,0.028755557879250004,0,1
-0.4942796759760455,0.23438028262925556,0,1
-0.644556635731401,0.026296926904030262,0,1
-1.0066833755045987,-1.3189925151452595,0,1
-0.11371880661181308,1.9579732429544672,0,1
-0.9513395030910454,-0.8245127254061323,0,1
-0.23428257645108114,1.0898301487594313,0,1
-0.6580981410214803,-0.7681034327208612,0,1
-0.22703580125445982,0.41734557618492707,0,1
-0.5516524360652078,0.4258588884429689,0,1
-0.6537827256010508,-0.25535674877856335,0,1
-0.7906099410011509,-1.387032205709419,0,1
-0.9430043782271158,-0.9502119374727657,0,1
-0.7355114745112845,-0.37123802394623184,0,1
-0.12661867512639124,1.069594962371606,0,1
-0.4538018617125357,1.0979729341370204,0,1
-0.17295143050928713,0.2043597679210332,0,1
-1.158963990733061,-1.4698144914682012,0,1
-1.0878936049167902,-2.1659603922913075,0,1
-0.7496851496059426,0.14477030473001662,0,1
-0.4967702615502066,-0.639554847912961,0,1
-1.1544460874486357,-2.1944703574983637,0,1
-0.2398294491934708,0.6166582331417195,0,1
-1.3293378738307349,-2.327300147793141,0,1
-0.3526590063526125,0.29843053217881604,0,1
-0.3856602210485235,1.1115110221663973,0,1
-0.0779569797442402,1.7631865298253016,0,1
-0.928567593161554,-1.639546051167598,0,1
-0.5740228933435476,0.44552286430453214,0,1
-0.2782856665981546,0.9902366550736174,0,1
0.2674743366451938,2.470533525409933,0,1
-0.3721297485418618,0.37512345044582723,0,1
-0.6425182788877072,-0.8044453094988911,0,1
-0.8617501670274478,-1.3262333733049543,0,1
-0.28646561910902113,0.166647645637347,0,1
-0.2816592548769391,0.01362465412372781,0,1
-0.6809021762594226,0.4927173262912608,0,1
-0.7445749089909633,0.13030474592837823,0,1
-0.5911727188573165,0.39654435331026205,0,1
-0.573286283470235,-0.061593709262959324,0,1
-0.4850295229765131,0.6630993551341214,0,1
-0.8532170859276175,-1.7319550625534388,0,1
-0.07815085460877187,0.8317760290714351,0,1
-0.34227901589166554,1.520654766266945,0,1
-0.634075559298295,-0.3998887151678014,0,1
-0.5865562243753123,-0.3807142536833511,0,1
-0.115488118649387,1.2747841993250273,0,1
-1.0364588470202403,-2.011320894093094,0,1
-0.7316260687633032,-0.16634381169204582,0,1
-1.1418861898277983,-1.770737556459801,0,1
-0.8105500054350009,-0.5699736601368309,0,1
-0.9409326376836666,-1.193286795488999,0,1
-0.5252573282181522,-0.1242841582688322,0,1
-0.6283927880879083,-0.20014120299704155,0,1
-0.8053486536332287,-0.6615039801435425,0,1
0.019992318492434654,1.2444334089742188,0,1
-0.23774488441923003,0.8038937176842449,0,1
-0.3913392085741074,1.3449247756773932,0,1
-0.9143618785632159,-0.7283154823336648,0,1
-0.7692086731292763,-0.2515810611184219,0,1
-0.6355437096878294,-0.13704074813266254,0,1
-0.036453909160973415,1.0106166907233225,0,1
-0.41967460815150553,0.9134062343637759,0,1
-0.5392536647363649,0.828346201971632,0,1
-0.5198213656922839,0.6982475988086575,0,1
-0.8832574060931798,-0.45310165764916066,0,1
-0.23970668381341376,0.6283884606209141,0,1
-0.6280876504854107,0.2877815547717373,0,1
-1.1395791416571706,-1.5508153845355623,0,1
-0.7710385045426487,-0.6342629441113027,0,1
-0.5271633796960904,-0.9618031180871339,0,1
-1.0287489799398848,-1.0528935328513611,0,1
-1.2697987899065102,-1.8538261064167239,0,1
-0.2971453615529303,0.4608728830416554,0,1
-0.38450722616189853,1.1667055834746973,0,1
-0.9645365592430801,-0.620044276091548,0,1
-1.1956867112730687,-2.0082757011383414,0,1
-0.584869782767318,0.06100122200463238,0,1
-1.141213960939436,-1.3837097731850323,0,1
-0.18459052779355445,1.3270117787899176,0,1
-0.319994238587632,0.5968174127273194,0,1
-0.940661238553832,-0.711160661541847,0,1
-0.6675399660821487,-0.6430169283047303,0,1
-0.03747994980354525,1.8803415934354706,0,1
-0.6986057603293793,-0.3247548231823931,0,1
-0.4246816079233647,0.3458370808941788,0,1
-0.672849335968174,-0.7409135972991377,0,1
-0.1712394038861661,1.355185832551643,0,1
0.2617966487668265,1.6205839946200828,0,1
-0.9177212449221167,-0.6907394387102544,0,1
-0.3158854301262753,1.1007468327785261,0,1
-0.8226036969297589,-0.7743841409393681,0,1
-0.27612121105741827,0.6792475611015242,0,1
-1.120041966203205,-1.364274693416471,0,1
-0.7639477871370273,-1.1273256150491167,0,1
-0.554803995773292,0.19378962393418062,0,1
-0.08524718880488902,1.0883357326638081,0,1
-0.25692306470154413,0.6220921655385537,0,1
-0.7011982676831502,0.09653031627090645,0,1
-0.6859789982090886,-0.333273179813182,0,1
-0.8325489709201723,-0.4310794080582223,0,1
-1.0637893744474378,-2.1241337572130425,0,1
-1.1380689788014549,-1.8840381026842488,0,1
-0.8293444784783816,-1.1768403776389835,0,1
-0.222676832455572,0.7072893000368526,0,1
-0.7544320889219079,0.20679239844649724,0,1
-0.5479719524627251,-0.35258514367751465,0,1
-0.6543443023880664,-0.006617360556040499,0,1
-0.6498379633961439,0.4066104179986324,0,1
-0.6642545556615712,-0.42159794607594686,0,1
-0.44609911376412303,0.7285369322864879,0,1
-1.12731726121622,-1.4146782087087413,0,1
-0.35400769925564285,1.0866958087805023,0,1
-0.8225776331308355,-0.5594169359362167,0,1
-0.3651749625714372,0.5485730793234364,0,1
-0.6004246151913343,0.4657250993080792,0,1
-0.8403688632798427,-0.2395455992947105,0,1
-0.35155537097836675,0.9817865854689272,0,1
0.23836975977638183,2.4319678388641246,0,1
-0.4701243324924331,0.08222745841787726,0,1
-0.5876505092199035,-0.4410166868356309,0,1
-0.10365673687959873,0.27913508564274236,0,1
-0.28730250686357023,1.3630019216391591,0,1
-0.3543512260470113,0.3642818761559955,0,1
-1.0368364092120999,-1.288989356354191,0,1
0.11513006774886006,1.2671015484659076,0,1
-0.4632791376868797,-0.5781300556471436,0,1
0.3363757196671097,1.8956466253065805,0,1
-0.6078888071792443,-0.03604486435735056,0,1
-0.269583654102901,0.9075572300565633,0,1
-0.7102067003413571,-0.7526904884712242,0,1
-0.06879225486052633,1.2709256957494295,0,1
-0.8058566696466998,-0.36033335213285217,0,1
-0.5556274573726456,0.7350133656367355,0,1
-0.37531949345507576,0.8741699775896162,0,1
-0.7930982480721153,-0.2688144836248556,0,1
-1.4177406232385397,-2.8992663493031876,0,1
-0.27581809033169286,1.3583835512935927,0,1
-0.7288635822902578,-0.341995534440887,0,1
-0.7712405669979557,0.08725136933774026,0,1
-0.25615863981545256,1.0647252747080782,0,1
-0.6159838259608784,0.23206795085367798,0,1
-0.2648933085271128,1.4880831684736524,0,1
-0.33394227577802027,0.8991860507142353,0,1
-0.5303781077949793,0.7255967669497391,0,1
-0.3588461258063353,1.2188429152733424,0,1
0.9681405935666603,2.8080391436323717,0,0
-0.13457390998262936,1.2677389800399699,0,1
-0.8348710123898856,-0.20805836967076874,0,1
-0.421821713894549,1.0594706617846426,0,1
-0.6034980656997568,-0.010174135774614403,0,1
-1.2503064275476843,-2.143336160139188,0,1
-0.5008405629826246,0.37133601038681646,0,1
-0.6910446644128027,-0.1177386002443204,0,1
-0.8154612177449015,-1.4574071522609455,0,1
-0.8517145870071047,-1.8884271387906977,0,1
-0.3555128732004049,0.952643279426898,0,1
-0.7081478027262348,-0.8597309646377503,0,1
-0.4069236270061384,0.5870024776986674,0,1
-0.4803832286506266,-0.17436632768312663,0,1
-0.7989250918880929,-0.5283240580619113,0,1
-0.40573082500654184,1.5887898938786986,0,1
-0.5642346441619903,0.1496929624309937,0,1
-1.461710051875961,-2.3208779694823765,0,1
-0.6040407456424999,-0.4923427488816435,0,1
-0.38767215125192755,-0.2318469272080613,0,1
-0.6880116510855406,-0.8441161080619737,0,1
-0.2829473278317671,0.9873449653103175,0,1
-0.5947935957448865,0.3751166101262517,0,1
-0.37323238308084805,1.0341362311236255,0,1
-0.10549531161251992,1.491886760162791,0,1
-0.3707855982069347,1.1911384701102181,0,1
-1.076067707860188,-2.5305348928811586,0,1
-0.2989192107185541,1.1776654366611985,0,1
-0.27733650077962363,-0.12788724485376893,0,1
-1.069470184198184,-0.8260059784809943,0,1
-0.3470407896904246,1.0091888289794368,0,1
-0.9352686327828216,-0.880844349794826,0,1
-0.9504711010026079,-0.8965725899387342,0,1
-0.5511686665801944,0.3532390787076586,0,1
-0.8663491329455821,-0.7741962795374729,0,1
-0.3956603541355516,0.650391241242986,0,1
-0.6622512111827684,-1.445660082141314,0,1
-1.2633972723668205,-1.8866412586338737,0,1
-0.42417165775479104,1.1030462494530797,0,1
-0.49388559235993595,0.3815067548999599,0,1
-0.7824431841792007,-0.49232788784400894,0,1
-0.6006294482145064,-0.37484977724399465,0,1
-0.3037625206995773,1.4220351211429783,0,1
-1.0542325957052467,-1.248602051621304,0,1
-0.7815488781835737,-0.3405729698433713,0,1
-0.2757450917353821,0.7108269776750804,0,1
-0.618160791470422,-0.5437049600387717,0,1
-0.5670892354744537,-0.07652652763100941,0,1
-0.8700711602260246,-0.7146901437339557,0,1
-0.5050337939989156,-0.29810340640804633,0,1
-0.007220365689131594,1.165721677163624,0,1
-1.2939793125548384,-2.247382178157394,0,1
-0.6752360114817105,0.06889195458812035,0,1
-0.5128843483351385,0.6073070352380745,0,1
-0.7623343363383822,-0.5144191733493073,0,1
-1.025195818918983,-0.6622496293336018,0,1
-0.5895903130268427,-0.05375424554247068,0,1
-1.0244228071309673,-1.2543372882629598,0,1
-1.126863218303946,-1.4093633142587974,0,1
-1.1051325826516734,-1.512108897162697,0,1
-0.25173686485962815,0.6807360349705756,0,1
-0.8002336892574907,-0.928426997492466,0,1
-0.5882258027519566,0.5214920679459389,0,1
-0.15525535270743196,1.0248700923284588,0,1
-0.4179260152963217,0.3740306246423638,0,1
-0.9986534046288574,-1.7538346927516137,0,1
-1.1141567777357682,-2.2664253553517386,0,1
-0.720867888242738,-1.454599373965174,0,1
0.5645780564323769,1.9501920968258455,0,1
-0.5996789262508051,-0.6643106939254982,0,1
-0.6914698915827824,0.15053700519430274,0,1
-0.8959020962438832,-1.3991286285826545,0,1
-0.46172485293194815,0.4057673749664144,0,1
-1.0671194086325242,-1.024788572525257,0,1
0.010492121304349386,0.6875672767293296,0,1
-0.21743431451062506,1.0586151740101453,0,1
-0.9511985933590913,-0.5763134721145686,0,1
-0.35275357880887054,0.4046127636550733,0,1
-0.3114815151013016,0.41732578782406726,0,1
-0.5736291984489394,-0.6695353548914884,0,1
-0.7999525863468144,-0.7399941792961324,0,1
-1.1293728195290325,-1.0520486292671705,0,1
-0.4231219981691669,0.8467834094930596,0,1
-0.7180869098681014,-0.7423164264332434,0,1
0.19554649607786512,1.7712215426434437,0,1
-0.9361282301864079,-1.25489128142279,0,1
-0.7402473545836864,-0.10818881711269496,0,1
-0.292372098702246,0.6642340822258623,0,1
-0.351264987915458,0.4806727650422654,0,1
-0.08128325308880616,1.7863101509045682,0,1
-0.41182627529805876,0.1504058948119348,0,1
-0.44012389461312157,1.1811794955078634,0,1
-0.3153110717869836,1.3412346630531233,0,1
-0.7417111215658312,-0.7276822489764171,0,1
-1.0844170088975345,-1.8409810947104972,0,1
-0.39542863548244217,-0.3758826413261402,0,1
-1.0207388616323423,-0.41400813963586985,0,1
-1.0328096145027712,-1.0995108925780235,0,1
-0.37931069503936377,0.3112934915805891,0,1
-1.1360278795772059,-1.8936114642605895,0,1
-0.5521420725403271,0.015083401830540693,0,1
-0.4554987915435938,0.6443713874524626,0,1
-0.5051448279098586,0.7071794899832421,0,1
-0.3948502597770422,0.687874441042539,0,1
-0.3401353221845586,1.128273507164043,0,1
-1.3126110661925725,-1.9635945496772609,0,1
-0.7551667947666496,0.08603485851544451,0,1
-0.7262738483823938,-0.2674308632682293,0,1
0.2210693941079323,1.2885432628727773,0,1
-0.8011229761510092,-0.04974122999500576,0,1
-1.1344430577908486,-1.4581829115546643,0,1
-1.0329213834501347,-1.43848878632343,0,1
-0.8227183578169371,-0.334517249273988,0,1
-0.24586835987234543,0.2760172376430355,0,1
-0.6243265483562273,0.7247348401933184,0,1
-0.27921120608170924,0.6834146730735751,0,1
-0.4718117162713573,0.8990433804059376,0,1
-0.7028127227833845,-1.1904584951731592,0,1
-0.9894537799571061,-1.428820736828728,0,1
-0.8972630923829769,-1.50904813224582,0,1
-1.0595376438318183,-1.2512439276874086,0,1
0.32556334608249254,1.5767526258618387,0,1
-0.8530327887219334,-0.976142938104013,0,1
-0.6325140017276959,-0.6206818970844235,0,1
-0.13776072994691949,0.8396304618290745,0,1
-0.827218935639726,-0.7190790433709403,0,1
-0.6091886516155736,-0.028112197698450643,0,1
-0.9898141282841463,-0.9110023496835031,0,1
-0.5894937449319027,0.1436003061841027,0,1
-0.48010487535490737,0.22195269300063933,0,1
-0.9003148201589911,-1.501163970380301,0,1
-0.714553840189123,-0.04501792613582982,0,1
-0.20472700480325728,1.0661971584219354,0,1
-1.2233248669277226,-2.380190577565991,0,1
-0.624052455202268,0.1945047512798389,0,1
-1.1101271514378213,-1.6400106261331835,0,1
0.020777713395542737,2.01575835131207,0,1
-0.926531642514175,-1.7589257571893842,0,1
-0.6411359618772903,-0.19715254628034684,0,1
-0.5707102798275931,-0.14310297445542708,0,1
-0.7041957983919483,0.02186325798269991,0,1
-0.7433950169005239,-0.44474172106954823,0,1
-0.7056622826923196,-0.36084661785021893,0,1
-0.4796559249755147,0.8274660433124763,0,1
-1.199921195738757,-3.0899696657776503,0,1
-0.7795533983929235,-1.6269825492953909,0,1
-1.0311124751706986,-1.6951566221537466,0,1
-0.8376462479191435,-0.7360220129835802,0,1
-1.0594741428769312,-1.6966192588123115,0,1
-0.7551360839583842,-1.4543918889007637,0,1
-0.6136385789951209,-0.857112176430375,0,1
-1.023975136617179,-1.1864225528868393,0,1
-0.22063235100436424,0.22559333291035238,0,1
-0.7402715702181158,-1.1026168308106765,0,1
-0.903340119618649,-0.45067918781740807,0,1
-0.4321552970917476,0.6340379766449803,0,1
-0.6273957103404127,-0.4427053291839166,0,1
-0.41627965334470995,0.6140461452299684,0,1
-0.4938136040665917,0.002835001741814289,0,1
-0.8092816065226253,-0.15662446626458926,0,1
-0.8007847929274475,-0.2803641223014144,0,1
-0.5355329299466438,0.3023470991742478,0,1
-0.43687517693537864,0.6578313946512271,0,1
-0.9230255932929502,-0.7895736697670427,0,1
-0.814010532727323,-1.2426059214211997,0,1
-0.4242345153235944,1.3858650836733266,0,1
-0.32666029608542074,1.44542252234447,0,1
-0.7478713955347608,-0.5578836788540535,0,1
-0.6593520200400498,-0.08497877838272211,0,1
-0.8619172958386343,-0.6788942308287448,0,1
-0.6951365122251252,-0.6577194134484461,0,1
-0.38930361681940584,1.3907632471964233,0,1
-0.33521988987850415,1.2029938492563812,0,1
-0.42666425483798287,-0.04136898932904086,0,1
-0.4200781072125717,0.49016016474971164,0,1
-0.4089248402656768,0.28984738142022287,0,1
-1.5646585982947152,-3.2509631804108787,0,1
-1.0970782831129597,-1.1047414083999512,0,1
-0.42134583907101225,0.13798793089628777,0,1
-0.013549526328485799,1.5019938619346775,0,1
-0.6243606165229031,0.4814388244491579,0,1
-0.33573568221582134,1.490284704895338,0,1
-0.5186692593406472,-0.2278612912625331,0,1
-0.4170044614285687,0.8124733884530764,0,1
-0.23334336403001488,0.36317501064867563,0,1
-0.13295971480626123,1.4584535082959316,0,1
-0.9749056267742682,-0.305438777414705,0,1
0.9761232889010772,2.4722124296141588,0,1
-0.7396167666613883,-0.6088591698313012,0,1
-0.7739859758850128,-0.36086445613165347,0,1
-1.574625328645349,-3.041116644059563,0,1
-0.9326150620745132,-0.8924175717219381,0,1
-0.28203799204560887,1.3186665974456995,0,1
-0.9878237406057487,-1.513455727608935,0,1
-0.5703789522139371,0.30392598422703615,0,1
-0.534308418700626,-0.5587532386206521,0,1
-0.9326466652273597,-1.230416881646791,0,1
-0.8055260168838635,-0.5472864239042228,0,1
-0.9917103957061517,-1.4833476922677113,0,1
-0.7737099656532175,-1.049987773684983,0,1
-0.09595690868429395,0.6152108318231743,0,1
-0.2029909030854052,1.1696087075688661,0,1
-0.9747945985221241,-1.0394346772475982,0,1
-0.6616449886727829,-0.15397474774139772,0,1
-0.982942022645557,-1.3087782316750773,0,1
-0.428676951645386,1.0494358474520071,0,1
-0.8109612036670568,-0.5294037234387978,0,1
-0.24331093714714855,1.1163082908972548,0,1
-0.5684917175684846,0.3714146479566484,0,1
-0.7183005324323616,-0.14418612686391252,0,1
-0.4911188396913867,1.4230604498234358,0,1
-0.47433657038426535,0.6827660865581456,0,1
-0.7435501351068389,-0.324268127250288,0,1
-0.10058104348513554,0.8241985312229403,0,1
-1.0072746077303563,-1.0607715304017504,0,1
-0.5433250699371349,0.709624240626965,0,1
-0.4836039412982136,1.0882915139565288,0,1
-0.5076981517990576,0.6430131079800842,0,1
-0.1478963592439494,1.4772304833557643,0,1
-0.4540113323576517,0.6410940919263367,0,1
-0.45668710339095503,0.8410040206924403,0,1
-0.8655560015293985,-0.6310263341910252,0,1
-0.30852153687626277,0.9952278491172029,0,1
0.14179147094251437,1.52621160409781,0,1
-0.5811352456715116,0.16686144686755772,0,1
-1.423621957308917,-2.745068658284139,0,1
-0.9832992421021809,-1.3979098928323817,0,1
-1.1070146244772192,-1.8282794991651312,0,1
-0.1385982799789197,0.8615287255352465,0,1
-0.7529099749547608,-0.554320108067439,0,1
-0.862216023466198,-0.8036637779616208,0,1
-1.0125484729075336,-0.992480869543612,0,1
-0.5980829703954749,0.5846711689263705,0,1
-0.3633636501485564,0.2766409392575421,0,1
-0.9909467189147196,-1.8560202348462809,0,1
-0.9550433958229297,-0.8449032939779834,0,1
-0.36488932540797525,0.929932361486406,0,1
-0.7015849376326453,0.19165385897919002,0,1
-0.6097291990882852,0.00025251414317586105,0,1
-0.9930674378164558,-0.7611277952695917,0,1
-0.4827824845244269,0.8644987790942458,0,1
-0.77873153943482,-0.7147052802344667,0,1
-0.2306266371896211,1.7504109819408045,0,1
-0.49909480651890936,1.091852518263628,0,1
-0.15272259961640353,-0.05203575096881186,0,1
-0.3555947456757298,1.5309586323290683,0,1
-0.5769042482768361,0.5868180293541255,0,1
-0.2361964238813704,0.9369042433916879,0,1
-1.5312788588481976,-3.330297140842137,0,1
-0.5463751366745367,-0.2191018983423558,0,1
-0.5408224872689976,-0.27914772296680823,0,1
-0.763494901113343,-1.0191699391553963,0,1
-0.7692461454932195,-0.21018360546198675,0,1
-0.9803666931568957,-1.2113957737687377,0,1
-1.018685600573715,-1.2427403762486817,0,1
-0.4771630118931576,1.1119881895855754,0,1
-0.31479951155288377,0.763196992993174,0,1
-0.6395108802806396,0.03232737781136393,0,1
-0.620353535909186,0.2698335765561089,0,1
-0.5071888657011419,0.12471560106259919,0,1
-0.4684258779656164,0.42588186077988566,0,1
-1.1495007123559697,-2.121974444400895,0,1
-0.2836703762326463,1.0667066832103702,0,1
-0.5019263655230459,-0.45167596932293125,0,1
-0.8144610640420044,0.20120094616871023,0,1
-0.8427429083759804,-0.2238749565073611,0,1
-0.22142998613051607,1.4528385444052463,0,1
-1.2669400024840933,-1.7948365312090193,0,1
-0.6007419178720081,-0.11937291923153688,0,1
-0.18945258121324673,1.545385071139143,0,1
-0.41638011124613455,0.623543815575292,0,1
-0.8765062171897176,-1.1129060845499508,0,1
-1.8171671301014571,-3.678717870088474,0,1
-0.8166514110419234,-0.6432429239668839,0,1
-0.9762004803403597,-1.4143701740863408,0,1
-0.6956210966459835,-0.26549532065369574,0,1
-0.5883774485346623,0.021360253366173317,0,1
-0.9248967887020323,-0.8108950356130417,0,1
-0.3775567767395474,1.2202359325963483,0,1
-0.5111705326631983,0.6701379481883899,0,1
-0.8623960182838957,-1.3909709996777229,0,1
-0.337990278216655,0.48369245263182475,0,1
-0.9594428030962158,-1.8003500405232689,0,1
-0.6132033036857552,0.5520571567763736,0,1
-0.6962097184060841,0.04735956484783523,0,1
-1.1432369506527236,-1.59664537916581,0,1
-0.788010784689437,0.04654521484729262,0,1
-0.7646546158787244,-0.6668337163512753,0,1
-0.3208539242977792,0.791747199220869,0,1
-0.6885388504138654,-0.4288278169604412,0,1
-0.5393019859605743,0.48231168272057334,0,1
-0.911274896644648,-0.41209014348835876,0,1
-0.8424808550469927,-0.22335012872809232,0,1
-0.9014215568612154,-0.6372982483097464,0,1
-0.7119448837407463,-0.7146892906406489,0,1
-0.8101319573393304,-0.6760755932220148,0,1
-0.5483645739061712,0.723618165480889,0,1
-0.9589499500802909,-0.5785602720363792,0,1
-0.49530669050426124,0.13894287583541184,0,1
-0.2287602209294081,1.1443265463754406,0,1
-0.8436303313004819,-0.6459346134670712,0,1
-0.02678989173549059,0.6815226785334585,0,1
-0.2861208875445652,1.5692105105132141,0,1
-0.398741754868417,-0.25565748202017313,0,1
-1.0245790992254271,-0.7026399925999093,0,1
-0.7660844038116169,0.09012582336773721,0,1
-0.15704093352724147,1.0441779328441847,0,1
-0.8110747415635347,-0.831123373000699,0,1
-0.9043978736195906,-0.926785219243355,0,1
-0.8814047353624355,-1.1254255507783169,0,1
-1.4586681743856427,-3.604636695767167,0,1
-0.3388125830783872,0.7959063401974251,0,1
-1.4474584598907043,-2.8974072770293584,0,1
-0.9988730842450299,-0.9957308311443972,0,1
-0.7613984205792649,-0.01222755464079294,0,1
-0.8494585224844371,-0.5929876568663917,0,1
-0.5500640434279104,0.35450505301678936,0,1
-0.48200368145011707,0.09912650473306116,0,1
-0.4378015520510671,0.9699471620889439,0,1
-1.1312553469009106,-1.712499970304055,0,1
-0.23312623284988487,1.3138331496301052,0,1
-1.0452796439427259,-0.8388055804185757,0,1
-1.1551795913731913,-1.1080444008751642,0,1
-0.02661611357672685,0.9116238608228586,0,1
-0.5608225336904025,-0.23911121329137144,0,1
-0.4330781132802561,-0.9732960826305308,0,1
-0.615350567584632,0.4558838946351312,0,1
-0.3599215090510949,0.9313712837690135,0,1
-1.717259870519552,-3.755135026844274,0,1
-0.32779973882345587,0.5933442013541124,0,1
-0.7624562012729583,0.08736409060428658,0,1
-0.5730778498969206,0.0726813593513758,0,1
-0.698148248128928,0.10619987125538359,0,1
-0.26825975350473846,1.4694404489744235,0,1
-0.33811980156142396,1.0548486278141362,0,1
-0.5348973528369513,-0.016045757440344727,0,1
-0.5279218260743891,0.6567112560642979,0,1
-0.8965700880244108,-1.1062186461215726,0,1
-0.3142934085504389,0.280767913460591,0,1
0.8969105722935495,3.003589107288651,0,1
-0.7619726773879759,-0.15316553414072168,0,1
-0.6510813884651464,-0.30416034563055006,0,1
-0.8724143644255681,-0.508779292558764,0,1
-1.717134332583492,-3.401931518774019,0,1
-1.0633151460347532,-1.263671813655755,0,1
-0.30768285697934994,1.0339137270300738,0,1
-0.2818402874906064,0.7145879928044337,0,1
-0.17258910516613604,1.3436971905602138,0,1
-0.5661885019393327,-0.5087509433083978,0,1
-0.5330843561142059,0.7858877556448717,0,1
-0.5344281773410667,0.8140092914939767,0,1
-0.08443030111807039,1.368296901721894,0,1
-0.8696916316656511,0.053821675548022876,0,1
-0.5490185289210523,0.3886177736901187,0,1
-0.28789411690182776,0.6957343819887709,0,1
-0.6581371845223082,-0.01693602120016775,0,1
-1.0210888339138677,-1.0282325446934413,0,1
-0.443067324504327,0.7048259172787965,0,1
-0.3259112643165771,0.5381782988434911,0,1
-0.5028379242089794,0.3234314573755998,0,1
-0.7564501255179452,-0.08976643430459795,0,1
-1.423877978821172,-2.491736753167351,0,1
-0.2700751087313647,0.5254353866515638,0,1
-0.18877593671660464,1.4337537010607833,0,1
-0.9361781530744523,-1.3576343379216635,0,1
-1.0747603706021365,-2.0450381843464616,0,1
-0.530015582875829,0.11745427112022852,0,1
-1.3834078696436565,-2.0286084945681,0,1
-0.7747374737256784,-0.1929446122096386,0,1
-0.35566050327066423,1.3575181979755309,0,1
-0.8448323647821351,-0.8947458924283938,0,1
-0.45656066189512157,1.0991756855118586,0,1
-1.0772594244771736,-1.6969765962304226,0,1
-1.160965349528792,-2.75172957068251,0,1
-0.3765931355215274,0.4213237106194491,0,1
-1.0390681994692432,-1.2778892434427858,0,1
-0.17362676325210613,1.6004086043613899,0,1
-0.5803455053663209,0.9817956124951289,0,1
-0.881877800184168,-0.8652752659330228,0,1
-0.4704653589504023,1.2005798182452345,0,1
-0.5837963306991252,0.05501753441602856,0,1
-0.6267991299433143,-0.004372929460366644,0,1
-0.25894868615672284,0.5761151715719224,0,1
-0.8117193043365059,0.01707705452742924,0,1
-0.34108617495304333,0.8156977243910339,0,1
-0.10464253318300991,1.4445684622411492,0,1
-1.0677611151930786,-2.142085602618077,0,1
-0.6768146950476592,0.30482278790636314,0,1
-1.7959676994845208,-3.978850222346434,0,1
-0.449610053751992,0.1785754997110658,0,1
-1.1351218191949908,-1.3933157172580333,0,1
-0.5989692081204647,0.03888707528463248,0,1
-0.4717250565566784,0.6933110384600127,0,1
-0.5538576096607036,0.5645888354283702,0,1
-0.36014349642042204,-0.12762175023055738,0,1
-0.6312393133619445,0.655550362128903,0,1
-0.5241784185782389,0.5383481122033508,0,1
-0.3299018355996857,1.2383674445948276,0,1
-0.43720671827114105,0.7740677955695839,0,1
-0.5347292749682122,0.7865209559557618,0,1
-1.171747163666392,-3.688841682672967,0,1
-0.7023713383200202,-0.11557645673465779,0,1
-0.641578478775249,0.43629506763471293,0,1
-1.1345097933112036,-1.6892180284468234,0,1
-0.43470881732122385,0.09008935991609353,0,1
-1.381195667015353,-1.68379248160697,0,1
-0.30303373445180615,0.247675685497644,0,1
-1.1639054721843478,-1.3722907534436828,0,1
-0.8705358489194783,-0.6787092982044213,0,1
-1.1524426981014682,-1.0054785137231155,0,1
-0.47278007985620296,0.48229672576869986,0,1
-0.7300576026311639,-1.055196548551135,0,1
-1.283429702989114,-1.3094949259472075,0,1
-0.8937031555081518,-1.3136645192200957,0,1
-0.4373255416006825,0.17944280667502177,0,1
-0.43727580912348474,0.21357463422079892,0,1
-0.3507096889967286,0.6272255936569615,0,1
-1.1608807146833802,-2.312694637090148,0,1
-0.4680120615228167,0.6996211290834798,0,1
-0.624247998472011,0.29243066489671304,0,1
-0.8315043143364879,-1.3037409343532742,0,1
-0.5818824703632882,0.24546040186429272,0,1
-0.2218648549624594,1.7417032124237468,0,1
-0.4915601346088303,0.8102924410202789,0,1
-0.6489402680933335,-0.12797601511594545,0,1
-1.0574520464057084,-1.8796882270296205,0,1
-0.23426200829068053,0.585762932940151,0,1
-0.7029603883479423,0.2770284543885583,0,1
-1.1822475678467734,-1.9673903179773287,0,1
-0.6814375538603338,-0.587386776586916,0,1
-0.6909640079046546,0.5127111560489683,0,1
-0.6122379519719356,0.06447349615185831,0,1
-0.4131804815598262,0.9904390865135015,0,1
-0.8452357524924171,-0.14233539284263536,0,1
-0.8346748127105363,-0.770417322757112,0,1
-0.6231553465877296,0.4509380152485531,0,1
-0.5316920043109435,-0.32195999299649036,0,1
-0.9987939770078786,-1.0923339662799707,0,1
-0.5598545796194319,1.2062887937178421,0,1
-0.850499252007434,-0.07931575983977741,0,1
-0.459444700144331,1.0601750393216411,0,1
-0.4638846635538063,0.25930731813139835,0,1
-0.7951501042103104,-0.5313025485910856,0,1
-0.86186937225367,-0.7844883503282406,0,1
-1.1912744959881278,-1.6627059938237922,0,1
-0.9493022535967732,-1.4061209928910696,0,1
-0.7126813489175359,-0.9793461155734592,0,1
-1.4781009916551893,-3.442676236651415,0,1
-1.0963717661668124,-2.587747012913924,0,1
-0.6264661314901361,-0.15860303131248588,0,1
-0.7304989698957679,-0.26119553581663874,0,1
0.07905312630271706,1.5300055874879752,0,1
-0.6257445830031172,0.617928826453412,0,1
-0.880170077763009,-1.430336635782658,0,1
-0.6776889240038012,-0.15998126250173506,0,1
-0.8467024187969902,-0.8022098687599798,0,1
-0.4574516239335101,1.2938523881257324,0,1
-1.2673797871923131,-1.753001298728266,0,1
-0.15306003180831726,1.3909313604086089,0,1
-0.6498927542289565,-0.19832132579926345,0,1
-0.7089968679673019,-0.10694158114897608,0,1
-0.4094285764524905,0.15590567761414276,0,1
-1.306886354173754,-1.4588087723561085,0,1
-0.4039539412013693,0.6322478086786054,0,1
-0.6790558715076604,-0.23622500014021866,0,1
-0.5690343722478715,-0.5276657766812478,0,1
-0.9388726617069477,-0.7434314992150531,0,1
-0.5392028632404846,-0.4876823651134785,0,1
-0.43392060775099844,0.9854245054752782,0,1
-0.8358898315331103,-0.789254729581878,0,1
0.1100434127679656,1.1040510221984468,0,1
-0.2661058083388061,1.5937061352251007,0,1
-0.11428582754812178,0.9779615852527734,0,1
-0.93849877637729,-0.8300184728968466,0,1
-0.47457214308496615,0.775063387360042,0,1
-0.8444857028328724,-0.3196077189186642,0,1
-0.44399189454189636,0.8587746922868336,0,1
-0.6480385306838228,-0.3642016218731541,0,1
-0.607801372553109,0.7360756863898618,0,1
-0.8941465284191749,0.06023146709901241,0,1
-0.36017927350062784,0.9804502794955925,0,1
-0.8346165678367206,-1.1197413230327264,0,1
-0.47463422728433624,0.2702486273699544,0,1
-0.9246040074564374,-1.2924426456980727,0,1
-0.45472879677485917,-0.15688841110275967,0,1
-0.5211229215986551,-0.8280337200463659,0,1
-0.6694313440466255,-0.11388494128297641,0,1
-0.5943775576327835,-0.03431811938045394,0,1
-0.5986824056416641,0.654969593257165,0,1
-0.6739787034685747,-0.05788204222918402,0,1
-1.2808796078881501,-1.5857219735201908,0,1
-0.6491296665175091,0.19327950518946085,0,1
-0.6282886276100125,-0.15983170755364548,0,1
-0.5471549391087028,0.633827345540592,0,1
-0.41173004762498133,1.2010777959903838,0,1
-0.315275041199758,1.395322004174299,0,1
-0.8488404444956968,-0.5605691064829179,0,1
-0.9510238076929624,-0.4287388579719883,0,1
-0.6639288646207384,-0.05340001773342222,0,1
-0.9760183784167183,-0.5773720009547523,0,1
-1.2449333583678746,-2.851644628431249,0,1
-0.583016809776568,-0.10210759631649423,0,1
-0.2882207386278511,0.8305814657390717,0,1
-1.2347075564375471,-1.988183793675947,0,1
-0.6853971986751235,0.21109483240823337,0,1
-0.8516274770705818,-0.2033411602752825,0,1
-0.11781273668948583,0.5728868310495406,0,1
-1.1817628208256978,-1.7690211038958799,0,1
-0.75631846523893,-0.8585173025480993,0,1
-0.8033640952825911,0.5046092096000602,0,1
-0.4069549343706489,0.9315724218606521,0,1
-0.6568897177944195,-0.0842007550896598,0,1
-1.0443364752300033,-1.6115252962264908,0,1
-1.1090637587616974,-1.326699670279367,0,1
-0.487392602165716,1.0082109516996145,0,1
-0.7861237944212035,-0.03032618777987581,0,1
-0.530749939555803,1.177510558105281,0,1
-1.2091983247438614,-2.568467878486625,0,1
-0.3790375479700796,0.5309059882683612,0,1
-0.41402669146550986,0.3738855747846238,0,1
-0.1915387872181356,0.48816611009947986,0,1
-0.6232625545885898,-0.20035849794604702,0,1
-0.4295991350087042,0.821467179587639,0,1
-1.0416226972707685,-1.0777309371289026,0,1
-0.8576688599805955,-0.8748973933540859,0,1
-0.6778839261312921,-1.0281094755703821,0,1
-0.5880513478581502,0.5195373660203896,0,1
-0.7645421035314348,-0.755254492031917,0,1
-0.5377699258406121,0.4522898029351728,0,1
-0.5961005176108439,0.16564499240531783,0,1
-0.9891743252541676,-0.9895618066884799,0,1
-1.4304135599649404,-3.0738279102223194,0,1
-1.0232081849907242,-0.29711039433063535,0,1
-0.3422567916438572,0.46920523386213736,0,1
-0.9296667449126605,-1.5229405448901137,0,1
-0.634815901069599,-1.7480310745623096,0,1
-0.7721438781540299,0.13896475515906279,0,1
-0.5131275808830631,0.7123948636621792,0,1
-0.766663370491162,-0.37055088628452554,0,1
-1.0824248689598341,-1.1168575096559652,0,1
-1.3369881722074404,-3.5540839798855552,0,1
-0.7241329551146973,0.3264974786978999,0,1
-1.1635164907029485,-1.957358358327975,0,1
-0.9654197639872036,-0.6464739174987156,0,1
-0.4442380419316021,1.211486345733471,0,1
-0.3465224544425447,0.7543096613114822,0,1
-0.9453010630427888,-1.0371605183092543,0,1
0.024523274164111684,0.6690258981634633,0,1
-1.0082385825648505,-1.817395992535263,0,1
-0.3957982994377165,1.0275593790859265,0,1
-0.7176507720862846,-0.3278265636749465,0,1
-0.35138592175987043,1.5302273980385879,0,1
-0.5916785698146736,-0.16952567774081123,0,1
-0.5244086840745324,1.1646022573958756,0,1
-0.9841072855148578,-1.1017532571807451,0,1
0.017758076584241347,1.6582644908871735,0,1
-0.2897653948755271,0.9543515639426052,0,1
-0.7972926334027006,-0.8760717628590527,0,1
-0.6414314749382621,0.03681878898523403,0,1
0.5161045087875292,2.1522285306551097,0,1
-1.2472661662304385,-2.049200383261144,0,1
-0.6093352873542282,0.30342154951745165,0,1
-0.5931133144783315,0.7766935479400366,0,1
-0.8253879685517393,-0.45319296544954113,0,1
-0.9379059882023334,-1.5529085942645489,0,1
-0.5691311241841756,-0.4361342167748335,0,1
-0.7593971795518811,-0.1675179964747276,0,1
-0.5806291881504141,0.7233625416134222,0,1
-0.7930928424162025,0.10859860523165167,0,1
-0.6854419713601797,0.18595593923841539,0,1
-0.5887424157831335,0.4176588106287264,0,1
-0.7609066755371525,0.2539763919719761,0,1
-0.6265758933199372,0.04179847605499321,0,1
-0.6353094404535661,0.2916423411959997,0,1
-0.5802801721333999,0.3930807438322939,0,1
-0.6089411623054465,0.5862881425023035,0,1
-0.6119508523051383,0.7822111961419366,0,1
-0.680022424389532,0.08345513009349187,0,1
-0.4349123049850765,0.3390692232953225,0,1
1.0463841261459468,2.7589907326961542,0,0
-0.22431951874344236,-0.43977747724286764,0,1
-0.47332747956339727,0.43533429921300004,0,1
-0.8302449159080185,-0.22665638157941786,0,1
-0.7096361486592367,-0.20082076811097044,0,1
-0.6273748158310778,0.6275410898680981,0,1
-0.4474540492157675,0.4952099285593583,0,1
-0.4100670089370423,0.3701085986761668,0,1
-0.49550317417530326,0.5698532103093729,0,1
-1.1860309926426145,-2.507318872751068,0,1
-0.6742858287252709,-0.5084109822634132,0,1
-0.46615366014013704,0.5089900878724937,0,1
-0.785853725654339,-0.5882922715591667,0,1
-0.5528504871660158,0.31596991111626577,0,1
-0.32790762794786393,0.5667351628364552,0,1
-0.6358760114965208,0.32245492957398814,0,1
-0.7865844563152481,-0.6723932559035354,0,1
-1.1393206822035307,-2.4515058155380367,0,1
-0.23586755164575834,0.8569824202883599,0,1
-0.7045632303762648,-0.10341475172842869,0,1
-1.0134255640817342,-1.1399776252529528,0,1
-0.12152134509164471,1.7991773749252657,0,1
-0.9910238381674926,-0.8670322573140101,0,1
-0.4355300135492651,1.0943857377180475,0,1
-0.5518622412419455,0.2785343874359224,0,1
-0.7575093089399967,0.16908340201738833,0,1
-0.8287542247873465,-0.6465087011940398,0,1
-0.5082360073851817,1.127529729850417,0,1
-0.4036181947987407,0.6021711164113357,0,1
-0.8022246686614333,-0.7208353260950816,0,1
0.35136552137177207,1.5938166661563105,0,1
-0.7981801171592252,0.02325337439948351,0,1
-0.6558211335323448,-0.07647695132359596,0,1
-0.9962403558570625,-1.3050672435765573,0,1
-0.2038808998853097,1.5111076792066467,0,1
-0.8220699885341992,-1.3822920370825336,0,1
-0.8906704686615112,-1.5423326618316646,0,1
-0.581695926840647,0.3259015107488006,0,1
-1.0067282539891649,-0.9169808705192881,0,1
-0.430820100953453,0.1726346490202973,0,1
-0.6233511437200739,-0.2298446338287232,0,1
-0.6330521952348158,0.4105854559321696,0,1
-0.7593346452947323,-0.6187868162418543,0,1
-0.5781597072302314,0.8279130085982553,0,1
-0.5429503785478454,-0.08430738298290388,0,1
0.16838142877778373,1.7318236500484159,0,1
-0.5001765681650892,1.037793135968351,0,1
-1.2985696767351183,-2.4783240409964686,0,1
-0.6959872604775417,-0.4114767144122611,0,1
-0.9856347258177615,-0.7443896870731304,0,1
-0.4915197223936369,0.6407840203638517,0,1
-0.40531840421415943,0.705146460215866,0,1
-0.3349562434999514,1.2019962542761884,0,1
-0.4885624786192884,0.9906291737431783,0,1
-0.7591949364216032,0.40202995512634315,0,1
-1.5704864923800963,-3.372632437917037,0,1
-0.3285726438706558,0.9191412529615234,0,1
-1.2216785387732048,-2.527668482174819,0,1
-0.541695657987762,0.17372904082197463,0,1
-0.9252107827135554,-0.49144348312188296,0,1
-0.21481466359791004,1.7046270658807068,0,1
-0.35968760551147133,0.8330062738992648,0,1
-0.6331714694749505,0.16658906499192713,0,1
-0.869984943070385,-0.32233093727484113,0,1
-0.4856428096056194,1.3289339614999662,0,1
-0.43632229672240735,0.41313877659855597,0,1
-0.05619391572877193,1.1607497671463678,0,1
-1.4120747414919985,-2.3954805811089366,0,1
-1.3348541835757413,-2.3147927489386873,0,1
-0.07137828306032433,0.8915397923095091,0,1
-0.8422112496259498,-0.669826475230313,0,1
-0.5332327036626101,0.22540098177630347,0,1
-1.1805355872326746,-1.942497770276514,0,1
-0.5139203403678239,0.9774776610714857,0,1
-1.2931085013512922,-2.1527608063639048,0,1
-0.39118480540515765,0.9963338446744407,0,1
-0.6232249085342837,-0.23892405416870913,0,1
-0.797034281512321,-0.5800898493954998,0,1
-0.7605114664468952,-0.5392285326796203,0,1
-0.8970607881899266,-0.47416919521183565,0,1
-0.5728276098899354,-0.2294179763545491,0,1
-1.4309947240455902,-2.760757742176238,0,1
-1.428877473783238,-2.0020306190843837,0,1
-0.7458729294295701,0.31221018586497706,0,1
-0.9031448181152684,-0.6641019352163503,0,1
-1.3149844869943081,-2.0428535353877515,0,1
-0.9606307925502066,-1.2983814239277647,0,1
-0.6601850799378116,0.07723729240091208,0,1
-0.8613798831254977,0.024690736400121635,0,1
-0.794027457302042,-0.07493289466503741,0,1
-0.9026232697440512,-0.002522020391992373,0,1
-0.7739871341543872,-0.36393746949360417,0,1
-0.4235375266485128,0.16733544428192848,0,1
-0.1954755680526761,1.1920235647584851,0,1
-0.7639210414527733,0.43899327014038486,0,1
-0.8532755859328885,-0.45475228792010847,0,1
-1.09148453018365,-1.5318006438504543,0,1
-1.0177626623053913,-0.5723564760229674,0,1
-0.6579922259867053,0.05854685198574656,0,1
-0.5313889583793793,-0.4991657789832069,0,1
-1.26523320612561,-1.998387770364998,0,1
-1.0857389633686716,-1.1972666324436994,0,1
-1.2453764969711345,-1.9567491708567457,0,1
-0.46843736680495723,1.0421675360916747,0,1
-0.9106720817885277,-1.154076872358656,0,1
-0.6857494801489679,-2.0502336966672674,0,1
-0.8313195616218058,0.12457302410489889,0,1
-0.45661823348123126,0.6285141832849347,0,1
0.15824319388023067,1.4066003593458405,0,1
-0.49083813911683455,0.6635954304720315,0,1
-0.30583527895094814,1.1908383846754573,0,1
-0.8116980875358437,-0.24609403139234937,0,1
-0.3255181864062814,0.46592118727933757,0,1
-0.376816299968709,-0.11039402118054534,0,1
-0.6314000809839675,0.7883851973003303,0,1
-0.9771595800320666,-0.37693405436791333,0,1
-0.7374052874624419,-0.32510473112342053,0,1
-0.5353392537535032,0.12362758999939179,0,1
-1.025812560212471,-0.9537711641633572,0,1
-0.42703468163640107,0.3245168239583992,0,1
-0.4712324359932217,0.7748211791848971,0,1
-0.6395356661782282,0.3035473637607846,0,1
-1.5022935281181882,-3.085675424271953,0,1
-0.7650164437734644,0.15841182704843992,0,1
-1.3438064826639498,-2.0189015251165343,0,1
-0.7125671462709389,0.2169390898276112,0,1
-0.5613667294825875,0.7559009222565801,0,1
-0.4116406762547133,1.077486632709011,0,1
-1.497007206429021,-3.3390812747536787,0,1
-0.5697115032387802,-0.15543737868865262,0,1
-0.8624462825834309,-0.27412467490961273,0,1
-0.8103989833563152,-0.296345352096359,0,1
-0.46969808121401047,0.46191392081913907,0,1
-0.5877020674073345,0.3588717206762627,0,1
-1.0095508509407862,-1.0417665562360594,0,1
-0.6488533216652058,0.07896837327083642,0,1
-0.5613232396112363,0.448150236960249,0,1
-0.6050235316081378,-0.2224723013708289,0,1
-1.2921279113311954,-3.336853315547414,0,1
-0.80032152474574,-0.9854880666864718,0,1
-0.9114583594189449,-0.4106414620462296,0,1
-1.052806288929077,-1.9016885481518413,0,1
0.5368118861979791,1.758647960888281,0,1
-0.39603563062369096,0.8843006449153141,0,1
-0.3937105878907298,1.0444490662004158,0,1
-0.5369591235547783,0.0351168263392039,0,1
-1.2014563503413331,-1.7906140850958527,0,1
-0.8692807898714481,-0.3142078478488222,0,1
-1.312377192825491,-2.1070839082974806,0,1
-1.6566087281818185,-3.216123756960061,0,1
-1.0410983195534842,-2.351787541335256,0,1
-1.088638859494774,-1.8101907347668802,0,1
-0.7384776227744632,0.19534101755605063,0,1
-0.28426478711659325,0.5810514319711536,0,1
-0.5358769585336044,0.7245169782742236,0,1
-0.6061107303667743,0.7265221531910964,0,1
-0.5131658553834739,-0.6267302676616977,0,1
-0.919947598658612,-0.34331750828212576,0,1
-0.7377780300749197,0.1689590039606315,0,1
-0.7385612751226697,0.30890622521723277,0,1
-0.2999064022557326,1.4914621930124843,0,1
-0.3930527623857812,0.44921606252390894,0,1
0.26540626352181096,1.539957185094327,0,1
-0.5367916867910489,0.9733188680627062,0,1
-0.6328558957796036,-0.051429415442470476,0,1
-0.33346802118922414,1.2853645239067448,0,1
-0.7647618167983854,0.5279981244157566,0,1
-1.0184391281562057,-1.539757973230885,0,1
-0.09461623212677484,1.59708319106638,0,1
-0.6484158262682365,-0.5561501250247958,0,1
-0.7990522326843806,-0.3255526496037392,0,1
-0.7539000073781493,-0.29511988218401614,0,1
-0.6445287710089775,0.6116821951388994,0,1
-0.9541119121223001,-0.7240574441148614,0,1
-0.7917781078197405,-1.06362037409291,0,1
-0.784065730980273,-0.9631002343151783,0,1
-0.5907231233613658,0.5194643666481648,0,1
-1.163235036559637,-1.3783836410461914,0,1
-1.074058515961455,-1.4006954304625718,0,1
-0.3362322341944636,0.6552153513862696,0,1
-0.5527739681449663,0.8406829027775066,0,1
-0.5783387519164833,-0.34772067845275034,0,1
-0.02212019849105868,1.5318232750798657,0,1
-0.09822498764943555,1.3681709898954517,0,1
-0.6427809228781269,-0.4366790554691384,0,1
-0.717850642819474,0.23474595121618524,0,1
-1.0655164287543741,-0.7768931136057317,0,1
-0.38486124731766275,0.764659499731964,0,1
-0.4399382576797591,0.20167596529846618,0,1
-1.0529756595417517,-1.2621023595407037,0,1
-0.7107279233544547,0.4520980989532975,0,1
-0.7625474996391814,-0.4651901358613888,0,1
-0.6679083101012712,-0.22883112532556718,0,1
-0.47340508511153084,0.3818128697291818,0,1
-0.8505635115873744,-0.3024268708327829,0,1
-0.9969815918417393,-1.8913124062430375,0,1
-0.31693543272528063,1.218497003372091,0,1
-0.6682287247472705,0.7771908268113961,0,1
-1.084006614786411,-1.4567414836531603,0,1
-0.5608142327385593,-0.36306937126351013,0,1
-0.9217764225702307,-0.8635135812948451,0,1
-0.7428723178432829,-0.41423536513865056,0,1
-0.7858036555849025,-0.34167377743084293,0,1
-1.8547544562705098,-4.220415759730668,0,1
-0.6049695155727846,0.4488613301615159,0,1
-0.3715772804296623,0.6646586013557139,0,1
-0.514015062762296,0.7206293842897875,0,1
-0.7292682215837112,-0.7667880864685139,0,1
-0.7534636184955381,-0.8093263070337238,0,1
-0.6212934094289756,0.3716481589136382,0,1
-0.6790868004819771,0.6008543698495658,0,1
-1.5138570922649377,-2.3292131803863487,0,1
-1.0156587358125564,-1.0815641098615776,0,1
-0.6092723598028787,0.40043629922598106,0,1
-0.8372012985517228,-0.43054298904094146,0,1
-0.7376855460295841,0.43129371909419967,0,1
-0.8607096009410532,-1.2657556910162155,0,1
-0.3939217296042492,0.299092918660445,0,1
-1.2810759242567382,-1.6819199748218188,0,1
-1.4066807268442647,-2.518185484568738,0,1
-0.7165235264462056,0.16341061986648536,0,1
-0.875823142536254,-1.046965479313617,0,1
-1.1017369182960821,-0.768845818921885,0,1
-0.6131694274606135,0.006722996854853828,0,1
-1.2356463015686392,-1.8320473317108619,0,1
-0.9810023638382137,-0.11724662021551832,0,1
-0.9582586442660084,-1.8898468535978163,0,1
-0.6403561075932693,0.5413473256038103,0,1
-0.3676252531337522,0.7146748029604069,0,1
-1.2129888452530817,-2.1806315292494483,0,1
-0.7247071975768277,-0.5433667272480296,0,1
-1.1602460081701562,-1.191471245207797,0,1
-0.8284571898800823,-0.22833639604954659,0,1
-0.33235401736231757,0.8902138454842627,0,1
-0.7242892409434152,-0.6383056296779611,0,1
-1.0894698584486808,-1.5567464190876974,0,1
-0.952677036379087,-0.856349929636938,0,1
-1.1412673855407134,-1.2722014176181855,0,1
-1.4328612356719475,-2.827361762961589,0,1
-0.6313426041051957,0.1859346644733382,0,1
-0.8190015754017728,-0.5035485263652714,0,1
-0.8152131796678023,-0.20255634505718384,0,1
-0.7719704745748578,0.40273633768483635,0,1
-0.5821367636357657,-0.10618130551699437,0,1
-0.7722035221635348,-0.6124748778806989,0,1
-0.6686936802999833,0.5062393481848159,0,1
-0.39660255789233884,0.650627631057061,0,1
-0.4416730031529583,0.8574793655285236,0,1
-0.9093312456149393,-1.1788035171288624,0,1
-0.860811159992316,0.2418780126980606,0,1
-0.6960788420811005,-0.9568185934544008,0,1
0.3420911734268427,2.365747516889533,0,1
-0.41720793145647633,0.7078336652860828,0,1
-0.19253865462713013,1.2235791777261347,0,1
-0.8861264738566702,-0.8027101546372503,0,1
-0.9944647356571042,-1.0331463454261174,0,1
-0.9613811093271938,-0.2954627629655202,0,1
-0.5510668858188256,0.847294100705721,0,1
-0.5377640754134293,1.0571395041580312,0,1
-0.7212443933163079,-0.05277016610903836,0,1
-1.6016288538031327,-3.8545354793574838,0,1
-0.7372000525500627,0.5951206363624465,0,1
-1.1897943778668705,-2.4028929482995216,0,1
-0.5755492599975863,0.8210921980333633,0,1
-0.4771266077287346,-0.7200873584459545,0,1
-1.1176217371557657,-2.588088964034432,0,1
-0.9333354099101925,-0.8512372579105648,0,1
-0.7148824855031932,0.0012046889939164725,0,1
-1.2946780545607475,-1.813465482967417,0,1
-1.0248917922198824,-1.3309152622735092,0,1
-1.1083598280438092,-0.7794565122794157,0,1
-0.9525284192768295,-1.247284002270473,0,1
-0.7048042082239953,-0.29538407942515404,0,1
-0.284734113513186,1.0087808545731032,0,1
-0.5529560520710969,-0.12388878054971196,0,1
-1.1230623793906964,-1.9860965935258135,0,1
-0.8801363095768714,-0.21717130308803742,0,1
-0.35691347195495765,0.4870367814054542,0,1
-1.2018676294259316,-1.2532092046741783,0,1
-0.6149181066729147,0.2749827163270472,0,1
-0.05384941024037099,1.9422572835977645,0,1
-1.6419695122384035,-3.327136269701882,0,1
-0.9500537273869532,-1.6423508641928002,0,1
-0.192349733897883,1.7747407267219284,0,1
-0.9733286029825763,-1.0978920422943659,0,1
-0.702377287506188,0.22928574142270633,0,1
-0.5967066072930367,0.9159994235120092,0,1
-0.7468158369911939,0.11384461784869052,0,1
-0.3997253158647405,1.4345300490326225,0,1
-0.9952924063839652,-0.597120861281526,0,1
-1.168516288928992,-1.7204647372279585,0,1
-0.7390959670736396,-0.3561913999706054,0,1
-0.656571420418663,0.27336028525727873,0,1
-0.6971470434105004,-0.6069008953497345,0,1
-1.1073472049060158,-1.0091142236797817,0,1
-0.8214189428903776,-0.532434970814237,0,1
-0.7134374196545551,0.0821006375327872,0,1
-0.6998218581682609,-0.8944398180289777,0,1
-0.4721441299822304,0.7752233424999515,0,1
-0.396544292558201,1.0997995482580065,0,1
-0.6663840347837762,-0.46353233886740935,0,1
-0.9467550610962124,-1.259723411172619,0,1
-0.8490586773219762,-0.19187362052081025,0,1
-0.8510605803173962,-0.4591248827441738,0,1
-1.157829392999174,-1.5151241342733848,0,1
-0.7055876203125189,-0.011186507991111906,0,1
-1.2910111256587464,-2.381785707626769,0,1
-1.1170803306105122,-1.2976034078132872,0,1
-0.7763136548977307,-0.2747269231388558,0,1
-0.6392642045073952,0.29390466984713143,0,1
-0.3867969830991486,0.7032475901933678,0,1
-0.7941559808980969,-0.004165239868077676,0,1
-0.6862581479568762,-0.23464557845377196,0,1
-0.44425118842372613,0.8191708704891947,0,1
-0.4549253312253067,1.124391425543777,0,1
-0.31993076496079237,1.1743331777321857,0,1
-0.09136390498826559,1.1340229875405203,0,1
-1.5520768641400957,-3.561465250803402,0,1
-0.23252264869032355,1.183502955929932,0,1
-0.5271736143694685,0.6660706905528215,0,1
-0.6125082888181843,0.012929253745868445,0,1
-0.8209259811351426,-1.0107525388595686,0,1
-1.617164442456146,-2.929014027731139,0,1
0.16060477779905324,1.3501568644390323,0,1
-0.5106735094329314,1.0765944687084592,0,1
-0.39149237797692465,0.6161012156102943,0,1
-0.6887501410723469,0.15330209028600897,0,1
-0.6441939251132588,0.06194956673813876,0,1
-0.6265431259226385,0.5013826580536985,0,1
-0.8044844941771183,-0.25079733039844665,0,1
-0.6800144531758794,0.015753437248456743,0,1
-0.9588384885303102,-0.28758625858942666,0,1
-0.883160819822879,-0.7099593210767393,0,1
-0.9808027721548971,-0.9414913303912601,0,1
-0.827187208186109,-0.5000605590304852,0,1
-0.8954675908976417,-1.3256887203472234,0,1
-0.6293145616040757,-0.1904734104296663,0,1
-1.2157940807097543,-1.711856759406391,0,1
-1.582166645838845,-3.081247457356122,0,1
-0.880124508217792,-0.754907650074592,0,1
-0.7010620029939272,0.3261249966878625,0,1
-0.6645733155189569,0.21915522503300966,0,1
-0.657963151003285,0.47153823311378057,0,1
-0.6104427535839793,0.873527226403301,0,1
-0.8257934893844842,-0.6637553523078613,0,1
-0.6477933003814552,0.5311578784926881,0,1
-0.3699149793010457,1.5223748236028682,0,1
-1.6177273899665523,-3.0310981706232973,0,1
-0.43532414924625207,0.7642006242124064,0,1
-0.43738808777592725,-0.08472530317089612,0,1
-0.5856947769943269,1.0674592230802102,0,1
-0.2567101835598309,0.8125796688951129,0,1
-0.7972932044641442,0.015711860250765347,0,1
-0.6153414792990872,0.23958706047081824,0,1
-0.533881207183752,0.952044948037055,0,1
-0.547688547460873,0.9503313632244643,0,1
-1.2034266961430544,-1.3068082416194764,0,1
-0.8893347795835163,-0.8893872556167642,0,1
-0.346206846955679,1.183377945477333,0,1
-0.5102962569143873,0.45645891846353637,0,1
-0.8866342851780356,-0.9588209079614431,0,1
-1.3747641326545206,-1.8991978477146847,0,1
-1.1365986581483791,-1.5714783411098803,0,1
-0.7431595811005683,-0.20716721005597713,0,1
-0.22076240559507815,1.15490112448701,0,1
-1.1601879410845366,-1.5161816515928548,0,1
-0.2929501821711518,1.2073255020021045,0,1
-0.5255765513033943,0.8649840714335946,0,1
-1.1949524813560068,-1.5676487236899534,0,1
-0.5062937406743373,0.3777470193406263,0,1
-0.25750521667586124,0.8694199269138985,0,1
-0.4484613637674463,0.6141566033914676,0,1
-0.30590837761872447,0.6532657208544687,0,1
-1.0006301932300072,-1.093022613473738,0,1
-0.20574265473744943,1.297873635276569,0,1
-1.104842667558075,-0.942363985532989,0,1
-0.7658171826710626,-0.17070913223472844,0,1
-0.4367634083064546,0.7919005943009062,0,1
-0.7696440280854769,-0.21716276898772666,0,1
-0.7863818548616405,0.16087082566839755,0,1
-0.7414610570213286,0.2968471642741255,0,1
-0.6485475545703042,0.228736148638657,0,1
-0.5599500252417523,0.196442223627313,0,1
-0.21555361421301558,0.9697270088318929,0,1
-1.5271447200702835,-2.0354938072224518,0,1
-0.8772092199344738,-0.7497912067410691,0,1
-1.0254653905780882,-1.2749483784865665,0,1
-0.5048721224404784,0.5774471400340522,0,1
-1.0083240713143962,-1.00338420417886,0,1
-1.1211621914240832,-1.2972082240302474,0,1
-0.43829380532641826,0.9533282018522573,0,1
-0.5369796022337676,1.0471537071004142,0,1
-1.1243534701803293,-1.2657146385600646,0,1
-0.37670428554635427,1.5216530477493324,0,1
-0.6053754120043965,0.7614716315427505,0,1
-0.5704209173572454,0.34334163746724733,0,1
-0.18186087999768819,1.4518267442415334,0,1
-0.9828052107207167,-0.7512159532271987,0,1
-0.8073113210929174,0.0264332123215482,0,1
-0.5418332955573724,0.34624847070413756,0,1
-0.6779317159502629,-0.34400723742160993,0,1
-0.17798476417484113,1.3704258388688921,0,1
-0.7233703315150706,-0.467924402804495,0,1
-0.39997323037405885,0.965896116257401,0,1
-0.37748398528570537,0.644214612763503,0,1
-0.5792297191290395,0.9981470236412958,0,1
-0.319560573901922,0.8923117114002103,0,1
-1.055866818379251,-0.6216277502024578,0,1
-1.0572705091661232,-1.3359123988178563,0,1
-0.5883702601990841,0.9181206637902163,0,1
-0.6850782307612338,0.3383176472957191,0,1
-1.480790870415534,-2.799220323271878,0,1
-0.25986971989161434,1.1806385034736029,0,1
-0.9343990109119008,-0.48990868892327477,0,1
-0.4877239605260322,0.90836325307479,0,1
-0.9851196653656565,-1.080228195643432,0,1
-1.159361589273609,-1.175182873642628,0,1
-0.9801660961461811,-1.0414213561611063,0,1
-0.8720107756938908,-0.6969140747853344,0,1
-0.6339188137491515,-0.10376298517479388,0,1
-0.4711396275098712,0.8290182337756397,0,1
0.01086791087905316,1.5085785526734705,0,1
-0.9656715531396096,-1.017881375759539,0,1
-0.5877004091154087,0.8535070469849473,0,1
-0.32244057134725096,0.8001542014469049,0,1
-0.7295819675776845,-0.19085313399736098,0,1
-0.7991967526031495,0.020401253716595433,0,1
-0.6236804543180535,0.22334254281393523,0,1
-1.6151050595649579,-3.446824943400924,0,1
-0.35663484813339136,1.653922491271965,0,1
-0.7203077270086892,-0.05429259289264102,0,1
-1.4458762832370413,-2.4847559883363095,0,1
-0.3269032204897915,1.6247492143583186,0,1
-0.34821488780206517,1.2838160278754458,0,1
-0.8481647444458299,-0.20541881436529488,0,1
-0.4819029493888112,0.6733670175533092,0,1
-0.6221969163040049,0.18873913606278703,0,1
-0.7169039212780436,0.7694593295092682,0,1
-1.0391855120557334,-0.4769566581119362,0,1
-0.428519438289517,0.9267171321997625,0,1
-0.5926800460401928,0.6878882746591741,0,1
-0.7646904686089216,0.2722109601575158,0,1
-0.643327758995821,0.48873248655733165,0,1
-0.7358276866613748,0.04563454126408983,0,1
-0.8870399790574197,-0.6605954647245588,0,1
-0.4749251920037588,1.017156547981286,0,1
-1.2715926305227847,-2.491209193996327,0,1
-0.5784942490059625,0.25206512222683886,0,1
-0.581718138795412,0.40004429828394744,0,1
-1.1134988642189096,-1.254704601551887,0,1
-1.3353051937408513,-2.2000740403551,0,1
-0.5812185920720776,0.651638467401254,0,1
-0.9369318723242501,-0.7389350463222786,0,1
-0.800014566845156,0.11246334703399512,0,1
-0.8787476312693452,-0.6596143713358281,0,1
-0.658758245356071,0.2361776392398235,0,1
-0.7101208048956312,-0.30006952335146847,0,1
-1.2245821161082362,-1.8188212336818983,0,1
-0.3020139734011937,1.8487177580637817,0,1
-0.3479402646133384,1.1741969709038271,0,1
-0.0771438358692157,0.4058003925800051,0,1
-1.2205290435269314,-1.7550592097592554,0,1
-0.6035621546402189,0.12666290433724436,0,1
-0.738499074949915,0.46695041298355505,0,1
-0.8328171773015584,-0.11234685456283912,0,1
-0.5611282008835359,0.34660285148181913,0,1
-1.011514732908106,-0.4924931841918781,0,1
-0.331051612185658,1.1154211836652068,0,1
-1.104943832091248,-1.2179108824704543,0,1
0.1850921725373285,1.6966942320094154,0,1
-1.0238606955840845,-1.9169272564891167,0,1
-1.0669453081133344,-0.9444189689020105,0,1
-1.1633828310103882,-1.7187298092309446,0,1
-0.7567541126751357,0.0064313343807463445,0,1
-0.5438841589142289,1.0425690688242346,0,1
-0.5452121853775536,0.9090715905206256,0,1
-0.6233629705164183,0.2847208345470287,0,1
-0.5424380239755054,0.35287459718995356,0,1
-1.1628554758031717,-1.359542900389863,0,1
-1.5317146682275695,-3.283019593520055,0,1
-1.341255478554299,-2.2131631194837795,0,1
-0.3965721660860149,0.9783148772223755,0,1
-0.5529425350930888,0.0013615409078336091,0,1
-0.401774966248381,0.8256027633382402,0,1
-0.45761901145060246,0.8113105376123289,0,1
-0.9242677793045763,-0.630692650157208,0,1
-0.29139605131723006,1.1626992490927976,0,1
0.29880395871461146,1.718727862568719,0,1
-0.2599804538727521,-0.07788644019026118,0,1
-0.31909841392210775,1.191277217316414,0,1
-1.0547016505249143,-1.7509616037151918,0,1
-0.55339639843596,0.9808111301527791,0,1
-0.7636543570317003,0.145086368920756,0,1
-0.8095687961448911,-0.23420261576344675,0,1
-1.3062186765299026,-1.7779094708567151,0,1
-0.43939514623499853,1.168597127353544,0,1
-1.5742797601143705,-3.567678321109548,0,1
-0.37052433771170057,1.16224864551624,0,1
-0.5844308329612765,1.0512300603178109,0,1
-0.9341506456879235,-1.144938614236308,0,1
-1.4490533372013525,-3.3157879771287444,0,1
-0.7788389521376676,-0.30367306625175633,0,1
-0.4980777053268229,1.2124448913304977,0,1
-0.7778511732826989,-0.16374709008286473,0,1
-0.9348945398252702,-0.48446128523046234,0,1
-0.37996874539693126,1.4183225060702827,0,1
-0.6844779648315493,0.09160043497335837,0,1
-0.8451903545857569,-0.32189144643101264,0,1
-0.7950389328750799,0.27391900127767077,0,1
-0.6541284090001387,-0.5378211282858445,0,1
-0.6412593836632994,0.5354205904874195,0,1
-0.8926776858848537,-0.20358920486729956,0,1
-1.1762733033546555,-2.34911252652621,0,1
-0.35862238143853814,0.026619700272225943,0,1
-0.6474867343778388,0.06468228897109352,0,1
-1.9418843707114346,-4.259286438622615,0,1
-0.6308972015860841,0.9500015335485975,0,1
-0.6189766716200651,0.5949500044032272,0,1
-1.0620309556720482,-0.9459465786395471,0,1
-0.521371874706731,1.1722701677185114,0,1
-1.0911916548437328,-1.2298723358912436,0,1
-0.25598730397542363,1.101287491022254,0,1
-0.6793195638566389,0.08741815004363832,0,1
-0.9130333192309242,-0.07886471664730392,0,1
-0.9500649059411925,-1.0816996596225197,0,1
-0.5635428833093847,0.9096469574927202,0,1
-0.2029783830016577,0.8877637470174499,0,1
-0.7491638899031643,0.5204595807864164,0,1
0.5432495239198054,2.378269529121057,0,1
-0.8372667871186404,-0.009201754364027663,0,1
-0.33627119844334374,1.137900627892212,0,1
-0.45552889605075686,0.8121871934299905,0,1
0.43900099025622985,2.730597318091954,0,1
-0.3997447505651648,0.9783638128207957,0,1
-1.8016350907142322,-4.550510014121705,0,1
-0.4549439508331493,1.0299683002289468,0,1
-0.7352209865387405,0.513306082014733,0,1
-1.0886747685771678,-0.7904679383788124,0,1
0.329445608261407,2.5433585724307064,0,1
-0.7133438187248673,0.3419408758299738,0,1
-1.3366903782421602,-1.9536308400413105,0,1
-0.6921503114854698,0.6132115350603624,0,1
-0.2712672142900054,0.8356761422167445,0,1
-0.9174379074256755,-1.3334755827788667,0,1
-0.4316104610461656,0.8355332216923632,0,1
-1.2714350453557213,-2.534161511580169,0,1
-0.7896584128915125,0.19901997183866538,0,1
-0.8386949977681342,-0.886673201978531,0,1
-0.8323209816588155,-0.28862697667175763,0,1
-1.0458540700215908,-0.9166858539743016,0,1
-0.6533884799899871,0.5615985014409258,0,1
-0.8224652927958589,-0.49498140056043677,0,1
-1.1342742548809681,-1.8771267997882544,0,1
-0.4506339103357333,0.9017368692697366,0,1
-1.151311579474798,-1.9098102757150186,0,1
-0.7522136785982765,-0.3591062216673754,0,1
-0.20743613329198696,1.057609710469323,0,1
-0.5222526318982859,0.4418666107543273,0,1
-0.45918809491316576,0.500837477293149,0,1
-1.0337761121086255,-1.3560582328721016,0,1
-0.6993318996928889,-0.10075327690226185,0,1
-0.7313872235708105,0.6552103983894143,0,1
-0.6966563714160676,-0.6117525963100054,0,1
-0.6388450069746258,0.4002399573122759,0,1
-1.0422197844270706,-0.5340947511885373,0,1
-0.8471538312110887,-0.37746288988159427,0,1
-0.5425456347601099,-1.1103044450669863,0,1
-0.8996858636584933,-0.0338902881938813,0,1
-0.5404397211482792,0.7183889260527617,0,1
-0.6629049595104367,-0.08824558192495678,0,1
-1.687520195540936,-3.5540089912901283,0,1
-0.5845086927880626,0.3254786937589764,0,1
-0.9872672748950874,-1.1170673567514524,0,1
-0.7101500891849865,-0.008981913969990532,0,1
-1.239871144694694,-1.4162764681846214,0,1
-0.7181682886509012,0.7221078958012269,0,1
-0.6368473142578629,0.5528020367726106,0,1
-0.9995109477031361,-0.9705886490265031,0,1
-1.5083616655786332,-2.840653238325145,0,1
-0.5317388905126245,1.1524268741432473,0,1
-0.17343227148607998,1.1793119706361481,0,1
-0.7293985130229729,0.5846823212872967,0,1
-0.8065618130853387,0.1780816223596709,0,1
-1.3032091403508586,-1.8497686181677364,0,1
-1.1794392679964267,-2.080454140467049,0,1
-0.6038566242710268,0.39692773075479476,0,1
-0.5285060891988723,0.38565252530620475,0,1
-0.8582414410378902,-1.7579204383476443,0,1
-0.2493479684007699,1.2152330844977348,0,1
-1.1013482835595965,-1.0110078819797328,0,1
-1.4176240213337439,-2.5538816881630875,0,1
-0.4414043203790183,1.2187614317364688,0,1
-1.0741985682597064,-0.899005275155426,0,1
-0.5657224669258013,0.5346874466174187,0,1
-0.06469734271733728,0.9755569011461078,0,1
-0.8358106921072707,-0.4523047206307432,0,1
-0.9356369821568665,0.01134683561251045,0,1
-0.8569812361534622,-0.09259977976972153,0,1
-0.8319584750431304,-0.06924785186624681,0,1
-1.0918510947662305,-0.9082539424128535,0,1
-1.0983924249015198,-1.1310347845634738,0,1
-1.25663559498487,-1.9908392458140756,0,1
-1.5996036045460005,-3.682424261968376,0,1
-0.6522866527826441,0.7047535633361545,0,1
-1.0391226827300704,-0.9568979888738439,0,1
-1.8856923054961012,-4.404950954783559,0,1
-1.3195793581828492,-2.320855228072133,0,1
-0.9251947925231201,-0.3997225458593718,0,1
-0.44021359279784816,1.0576334571685762,0,1
-0.7392168027722487,0.14814704860892686,0,1
-0.47270507344289786,0.5466139287030556,0,1
-0.9951793703297005,-0.8394112274286353,0,1
-0.5462490794854596,0.8295512011958641,0,1
-0.46654491148893584,1.0429381333093544,0,1
-0.9829296023545173,-1.2701220498728272,0,1
-1.5271911974743395,-2.808083554806579,0,1
-0.6251231156737596,1.0500512223511738,0,1
-1.8054912353805352,-3.753268529743501,0,1
-1.2536114546615247,-1.5661923496579369,0,1
-0.4347006841075931,0.9424033164120935,0,1
-0.8111225333088606,-0.019562519783192213,0,1
-0.9372305107100991,-0.3128673379333068,0,1
-0.9833913511072916,-1.468600174079403,0,1
-0.7568148556452969,0.02164166020288974,0,1
-1.016414077364052,-0.3380348843820265,0,1
-0.9068422395059529,-0.49350612953072975,0,1
-0.1859718103007717,1.1575879375877305,0,1
-0.3782390301499046,0.9112938637598179,0,1
-0.31328800572459997,1.2438949910753798,0,1
0.24200782065688334,2.5379585334624797,0,1
-1.0949295798607654,-0.6065023758389163,0,1
-0.8318491704884858,0.35047182147913547,0,1
-0.795170706452601,-0.6441246294483486,0,1
0.03494933343994619,1.501702326446924,0,1
-0.8205109472526433,-0.1449369556282701,0,1
-0.6647802736171857,0.36240970341765194,0,1
-0.5658114698991885,0.9197141100652358,0,1
-0.5066633785914018,0.03953854266509721,0,1
0.357454810085202,1.776770167086464,0,1
-1.0381418733615861,-0.44275239193230237,0,1
-0.687793788310286,0.354009976270907,0,1
-0.6081730829075145,0.5208343142475765,0,1
-0.9958698065391342,-0.9404063008818776,0,1
-0.9278639444475428,-0.554824529650463,0,1
-0.7560520257850011,-0.5036351650289672,0,1
-0.7815952336666172,-0.09718651889811436,0,1
-0.9010957288528167,-0.7439686319029278,0,1
-0.47431476544094586,-1.6138657612004608,0,1
-0.948787010663375,-0.3521427416457961,0,1
-0.5927436450761115,1.1568466626583367,0,1
0.09544238366411195,2.1775508894617754,0,1
-0.7579615372570622,-0.5608016219603289,0,1
-0.8701976224424264,-0.94100269116512,0,1
-0.7627470737725093,0.015079512846420862,0,1
-1.3830753469596027,-1.3987090342571935,0,1
-1.1974734796457724,-1.367809749553658,0,1
-0.5040324845628426,0.5302757210314076,0,1
-1.2900744299247469,-1.78705211641511,0,1
-0.4800926558695388,0.9536617191959004,0,1
-0.9608179844139665,-0.040052477741413184,0,1
-0.9459815879103698,-0.7986673023165759,0,1
-0.7953774946988629,-0.1995060262668833,0,1
-0.7588619206034328,-0.12310290034387213,0,1
-0.21121418352510962,1.4527867320578778,0,1
-1.2499160688546873,-2.2536329371099355,0,1
-0.35654635267320267,0.751731674739087,0,1
-0.23433556060876318,0.9724276543192758,0,1
-0.5793661048998182,0.739330465293474,0,1
-0.8972689864092381,-0.8844223494880277,0,1
-0.7656610459054979,-0.18673900375006905,0,1
-0.6813612477446848,0.13313219684838914,0,1
-0.8990796714296445,-0.3324986636393782,0,1
-1.7713570130433556,-3.896084027616583,0,1
-0.3143091490364585,1.448802035449862,0,1
-0.8234267927837222,-0.25981180512338836,0,1
-1.5226431958867443,-2.9609145811810325,0,1
-1.4074944321527434,-1.9375468264826385,0,1
-0.3162993564324671,1.2328674279660226,0,1
-0.7065018433027831,-0.1714314767636198,0,1
-0.6512070568589202,0.24329562446777422,0,1
-0.8670827286327212,-0.3387508609008921,0,1
-1.7293648820160121,-3.905284060861291,0,1
-1.2051609080248211,-1.5809021675755122,0,1
-0.9742792468487455,-0.446064366714124,0,1
-0.864457211267537,-0.8379421115142293,0,1
-0.8197817040849171,0.6938468027320988,0,1
-0.7848500329462439,-0.26461185508829593,0,1
-1.0355250311687885,-1.5321988835701528,0,1
-0.44228950478869944,1.031715238292565,0,1
-1.0502403155913203,-2.7922728133646957,0,1
-0.9276767710600751,-0.6264778631101234,0,1
-1.1274555683161223,-0.9896320094859555,0,1
-0.6507191876947321,0.7492943557738301,0,1
-0.7419279043972945,0.3969186284834785,0,1
-1.0292596473249962,-1.3159796080151365,0,1
-1.0720387360717647,-0.8888447385851342,0,1
-1.027624271065759,-0.487630121652113,0,1
-0.6646719844670943,-0.21284808054577098,0,1
-0.444369404670637,1.1307878140090235,0,1
-0.943747904366803,-0.6223627410541132,0,1
-0.427623777536619,0.6465599817236928,0,1
-0.5646806432560973,0.41643738296672395,0,1
-0.967411090462961,-0.21665774076678412,0,1
-0.8567265834195352,0.14917557565688855,0,1
-0.5956817316912423,0.4078594302942725,0,1
-0.8485426235708577,-0.06562622779534619,0,1
-0.9277281145170613,-0.03369124455498761,0,1
-1.0742132190619769,-0.7818702598467151,0,1
-1.3657678960940192,-2.9595307736080545,0,1
-1.2377311859233677,-1.413420872370446,0,1
-0.7903265276281352,0.18569361603614445,0,1
-0.6208467641375646,0.8020594425590049,0,1
-0.5311915883797441,1.1238561116011356,0,1
-0.7231656193105951,0.49140997657438895,0,1
-0.3332937996154378,1.4032188967038255,0,1
-1.2352845696991395,-1.5028314162460528,0,1
-0.42737903346642026,0.8612742093909261,0,1
-0.07747969313562196,0.998435633431137,0,1
-1.5381326292893744,-2.7684625078333447,0,1
-0.07887754775393703,1.2523072548732752,0,1
-0.5749057585027556,0.24022431819593246,0,1
-1.0261936520817458,-1.8059833478707348,0,1
-0.8164814974993304,-0.014286902828750659,0,1
-0.8318863628578745,0.026910340299813252,0,1
-0.4469115296617064,0.7981312686873462,0,1
-0.6484602672526429,0.23015010845653688,0,1
-0.5969699891500829,0.523209510213283,0,1
-0.9486322402497956,-0.4281444406374124,0,1
-0.08842318290406062,1.23246112040414,0,1
-1.2026088245354607,-1.628557197051814,0,1
-1.0020107995308924,0.000765858323452984,0,1
-1.2026883732261684,-1.4577026987231603,0,1
-0.6338896743004753,-0.2590156038767857,0,1
-0.6634601391075046,0.6593820784307299,0,1
-0.9542151541999265,-0.4139497017525978,0,1
-1.2897345406364649,-1.8690410419107952,0,1
-0.8897064275996202,-0.43312326529953327,0,1
-0.7528699869086763,0.08189081757865206,0,1
-0.9476047083844824,-0.08349669812135362,0,1
-0.4134874351506393,0.763190044927667,0,1
-0.8270191037577981,-0.0019936559050759924,0,1
-0.7886885213240193,0.06422037346283467,0,1
-0.7588043606770121,0.7628402926815995,0,1
-0.6769154591330522,0.13564065108131562,0,1
-1.2428471884950978,-1.9280255467893699,0,1
-1.0734774816026857,-0.8173450848423266,0,1
-1.02463741395903,-0.721392491169775,0,1
-0.8366027124222246,-0.3335518009978747,0,1
-0.4627215279421919,1.0468773714402797,0,1
-1.0079343631041904,-0.7098962681514484,0,1
-1.4899021386025935,-2.8126389905612497,0,1
-1.1105392006478962,-1.2704589616832447,0,1
-0.9973465969082335,-0.3721182932506862,0,1
-0.8549227317117424,-0.3914422579910011,0,1
-0.5973611661783896,0.6174861286456482,0,1
-0.48587407979675545,0.3482227327020222,0,1
-0.3979396911578363,1.0636137454122065,0,1
-1.0379243887585399,-0.6646050083754558,0,1
-0.5701483329534288,-0.01743283583802516,0,1
-0.7871807736151402,-0.1291896043571618,0,1
-1.6203587907637633,-3.148647765995033,0,1
-1.5446069149991077,-3.4091153429358365,0,1
-0.41324667210487614,0.6492059203771221,0,1
-0.7133112156403371,0.45121623735924526,0,1
-1.4171777690549219,-2.610574945413355,0,1
-0.689208780280723,0.10088023162852602,0,1
-1.0775659108767597,-1.3377747008276715,0,1
-0.7484673348666842,0.47170328884854645,0,1
-1.1451299678941438,-1.4537527284165888,0,1
-0.8901544930186797,-0.678476540905464,0,1
-0.229336291924285,1.2994701297068676,0,1
-1.1981608667531976,-1.4830518939047783,0,1
-0.733923093181641,0.7214668389330884,0,1
-0.16025144416737142,1.5048822562463788,0,1
-0.5651508740379854,-0.1512239587877433,0,1
-0.43433475263332494,0.40431060961180637,0,1
0.1447535140221423,1.5528127068948945,0,1
-0.9459778807931852,-0.5056340130287177,0,1
-0.6118681725833388,0.42902597084744787,0,1
-1.5455298802300346,-2.8476636310841914,0,1
-0.25937323047452854,0.44122026834560507,0,1
-1.2493611391260007,-1.331226540382717,0,1
-0.8797858203180732,-0.4268855581235459,0,1
-1.0302085091645505,-0.7998860770703428,0,1
-0.8039060073888986,-0.00015944468264302797,0,1
-0.43140965566944234,0.9748699716153831,0,1
-0.3235950016929251,1.5536758890210687,0,1
-1.5022575982765385,-3.659156788119342,0,1
-0.9465513739679695,-0.7591883001565328,0,1
-0.9762153612960571,-1.3342980703419245,0,1
-0.5245019150302155,0.9471057428068211,0,1
-0.8697761305999558,-0.478272573442047,0,1
-0.5131863935127005,0.5468085571327677,0,1
-1.5871050610037598,-3.6875714235600885,0,1
-0.735041473562492,0.040233769721191824,0,1
-0.7118594685866323,-0.039847475521781715,0,1
-0.7148692472974929,0.469499937985381,0,1
-0.5521583744196539,1.1777376997527595,0,1
-0.0031691936128225113,2.22794494292456,0,1
-1.4659617398688178,-2.174451030866205,0,1
-1.3129072328336449,-1.2573715562801782,0,1
-0.4025261996370035,0.8468893367400958,0,1
-0.6870295129593434,-0.36874025762362334,0,1
-0.44448780512635244,0.7932112772907127,0,1
-1.287627083305218,-2.087884963126202,0,1
-0.28883451022390155,0.9648492479095813,0,1
-0.9998369384461397,-0.38230679920340344,0,1
-0.7435424240176272,0.10106655973555026,0,1
-0.681077486633346,0.10482076400394269,0,1
-0.5270783110757459,0.9322288173122198,0,1
-1.2309609894102493,-1.5430604669302292,0,1
-1.790475617253057,-3.682632550967732,0,1
-0.5723875680220392,0.1083050880560388,0,1
-0.6751582040900668,0.23933951299464803,0,1
-0.6935849307331003,-0.7742368905462892,0,1
-0.8738069156891096,-0.09438905986115861,0,1
-0.9290145623246923,-0.12299680167586567,0,1
-1.0932723657645667,-1.4192738060118968,0,1
-0.5632796657793114,0.549474375554541,0,1
-1.205902838269738,-1.1126919882846495,0,1
-0.7721781224457575,-0.01864838381028402,0,1
-0.6014465670064177,0.8213783752909991,0,1
-0.874353014491027,-0.2731942894564913,0,1
-0.20222636429833085,0.6650426842067731,0,1
-0.9672459122253959,-1.8799482728134718,0,1
-0.6561901828267211,0.41310681919265096,0,1
-0.7612946723178315,-0.939085893173946,0,1
-0.7407467036941074,-0.26763992385260205,0,1
-0.4739425830321895,0.8079887083829852,0,1
-0.579943537979451,0.835380048459663,0,1
-1.0121745605121826,-0.6312563013036399,0,1
-0.779605013825761,0.0686635813170841,0,1
-0.43534429760918003,0.6961385719569131,0,1
-0.6671447307039918,0.43387160725147955,0,1
-0.5023833180871452,-0.17573817910348866,0,1
-1.7541014568934095,-3.4328132379237237,0,1
-0.5327532557281008,1.2854934466037553,0,1
-0.8901877191458424,-0.22646353563355862,0,1
-0.6378116801145778,0.24483446215897967,0,1
-0.7702222913493119,-0.09405432401252946,0,1
-1.1055411642110258,-0.5785108386902184,0,1
-0.7259087709724799,0.28768562671279707,0,1
-0.7667886965269629,0.5989253297846029,0,1
-0.6169292519882763,0.7479876443549106,0,1
-0.808594131076766,-0.1420694747668941,0,1
-0.5334933015348099,0.5990783253954511,0,1
-1.8473546350991579,-4.263300089452891,0,1
-1.0669991133003887,-0.9237901177723948,0,1
-0.726060577708127,-0.34472384711349346,0,1
-0.6622086739645662,0.7363974362375153,0,1
-0.7430652297457603,-0.3528092945485631,0,1
-1.131933491969944,-1.4026452824552873,0,1
-0.7103380523967406,-0.2698371949460969,0,1
-0.5029569990852467,0.5173777420811164,0,1
-0.8205790140169364,0.21913143405247687,0,1
-1.0393793667598639,-0.9911355375730585,0,1
-1.1337020983228252,-1.6677967512612606,0,1
-1.0241392682375492,-1.3283770552165508,0,1
-1.0344087860762616,-0.9002916561967491,0,1
-0.791151543065853,0.23787364061260421,0,1
-1.2220384829124866,-1.6560851106835404,0,1
-0.3591087980708376,1.4094189556862782,0,1
-0.6101079910029072,0.7485931231103573,0,1
-0.8958068390314883,-0.07199933322382582,0,1
-0.2150013636142459,0.6528679395117056,0,1
-0.6924946257348624,0.5154125953705805,0,1
-0.4275117851660538,0.9759943827017766,0,1
-0.5891036488627904,1.1942937131381408,0,1
-0.26845422943631114,1.287018721334953,0,1
-1.7685141447003425,-3.524983139194675,0,1
-1.6416571165380136,-3.215096460948952,0,1
-0.7885235541398673,-0.025188404954652847,0,1
-1.125276670641508,-0.9138370478093898,0,1
-0.9231599028867293,-0.661447380774523,0,1
-0.8950521189938029,-0.7059684235315928,0,1
-0.8524933722546367,0.1005348784773032,0,1
-0.6428779497695151,-0.9126394561771124,0,1
-0.82547299232102,-0.11229864299836793,0,1
-1.7298846363662048,-3.8611467369305648,0,1
-0.5538280545032289,0.51194129664843,0,1
-0.6628634292701973,0.3621817494584848,0,1
-0.5800481057696989,1.1085291444145933,0,1
-1.088691612416476,-0.7885181621676559,0,1
-0.919790592423062,-0.09572436028351845,0,1
-0.7135505208620563,0.7161803482071898,0,1
-1.4015183388018064,-1.6495065556410275,0,1
-0.7815410093190375,0.5307378303348765,0,1
-1.2766928784785812,-1.8179948485953186,0,1
-1.6049114386505317,-2.9880226232822764,0,1
-1.3827159327669536,-2.3272061380587887,0,1
-0.5849842117195289,0.9028971493838851,0,1
-0.5530098448239391,0.71213752095239,0,1
-0.8775201366678428,-0.26948548307841386,0,1
-0.5955978860523187,0.5952912832879009,0,1
-0.8395319940527293,-0.16913151313324618,0,1
-1.8108913476324324,-3.6731298084022583,0,1
-0.7145646610532376,0.727222475732266,0,1
-1.2592512528544595,-1.1918479915052527,0,1
-0.9889013991923157,-0.5181716804895395,0,1
-0.7202494809313873,0.3809586142673968,0,1
-1.3409491231540553,-2.6642042535288213,0,1
-1.235795171545758,-1.6297825526873433,0,1
-0.6866326262110782,0.49941813762230397,0,1
-1.5948270853593882,-3.316027538499717,0,1
-0.16731984109796721,1.1154181780977244,0,1
-1.1130102555536896,-1.225979635945672,0,1
-1.4858243577473933,-2.293759440867074,0,1
-0.4497319833629311,1.348520389440803,0,1
-0.239916382556864,0.8813882120210786,0,1
-0.6456555704286466,0.9456797416517574,0,1
-0.4121259953435218,1.468466574498115,0,1
-1.1132775604479987,-1.8329502876571202,0,1
-1.3229335412230492,-1.8301697974550606,0,1
-1.6485148062590185,-3.0073215932484865,0,1
-0.8208023548882462,0.10147674970557673,0,1
-0.415178429785773,0.7965584278352044,0,1
-1.29958564977042,-1.8798851134059462,0,1
-0.9801503234859597,-0.5596269310772186,0,1
-1.031546330134932,-1.0682730906483104,0,1
-0.7067446884807868,0.7091240596367472,0,1
-0.583827221046462,0.4089090747488732,0,1
-0.9371911148082883,-0.3512728757555597,0,1
-0.749736293196209,0.6015561094460838,0,1
-1.3840864299305549,-1.948471422021808,0,1
-0.5574678234513346,0.9097373900519946,0,1
-0.7221536321784228,0.20833822431085527,0,1
-1.0407885773747259,-2.141698036057143,0,1
-1.1086346693079778,-1.195507273558107,0,1
-0.6759760858296481,0.4111765025266667,0,1
-0.6949601272002237,0.32946041909395657,0,1
-0.9994484014592403,-1.0282904215553446,0,1
-1.109615094305583,-1.0604529416713586,0,1
-0.774399527423206,-0.413183089431928,0,1
-0.550269452814886,0.8856336495091709,0,1
-0.6811601650134618,-1.0967197456949875,0,1
0.0543523410347041,1.9379324022825541,0,1
-1.1540432122976871,-1.1348434922439337,0,1
-0.7648884639001458,0.28482316991603773,0,1
-1.4387552245976694,-2.7846505874508782,0,1
-0.5899652513502858,0.48129778825307895,0,1
-0.7071507864978454,0.2835343221428458,0,1
-0.8342015980577308,-0.2372884153129468,0,1
-1.7008286366319214,-4.120089646290484,0,1
-0.5731664584915326,1.18287933426242,0,1
-0.9102626697785988,-0.37989143640388107,0,1
-0.6079077862207525,0.8498119520358182,0,1
-0.40112143871261025,0.7731195869135666,0,1
-1.1664369911850359,-1.155829116385467,0,1
-1.5476196608499213,-2.5421861027944628,0,1
-0.8738161365461995,-0.06394410134069411,0,1
-0.9249345188137552,-0.5124902009270352,0,1
-1.5314699419407596,-2.9136644848163664,0,1
-0.2644011666356971,0.9196086394703333,0,1
-1.1196060711861804,-1.5879675952757437,0,1
-1.0076380283793394,-1.3139155718911022,0,1
-0.5571493375345731,0.6093044127498156,0,1
-1.3714703581048904,-2.6137466039313377,0,1
-0.687504953359116,-0.2055299070371562,0,1
-0.9477290380975105,-0.6985273135729619,0,1
-1.079463046927606,-0.42730368370756,0,1
-1.1620453011963354,-1.6270504441181055,0,1
-0.798114346162145,0.05710583720285425,0,1
-0.4657074297406117,0.4140441611066842,0,1
-0.9599130495164216,-0.9246700737079759,0,1
-0.5939266523493457,1.0859985599689421,0,1
-1.1020951612132623,-1.6069696594735299,0,1
-1.3112897947410198,-2.0193758423736186,0,1
-0.8936317958304087,-0.30695042950113427,0,1
-0.92440690260271,-0.7974031099755843,0,1
-0.6915823557533837,0.3519208522037075,0,1
-0.612383553975603,-0.00048343574713344034,0,1
-0.8109803922409579,-0.45742476099324886,0,1
-0.1772949460209559,0.7357177759102279,0,1
-0.8064697035325429,0.051647930109249306,0,1
-1.2551901890170705,-1.349678995757682,0,1
-0.9211472742512258,-0.5813226572039716,0,1
-1.4981488748960636,-3.4676064915455167,0,1
-0.7449602292053623,0.365253486764047,0,1
-1.1406716405876554,-0.9045046000142143,0,1
-1.3389585203676295,-2.2638076813102574,0,1
-0.4833570219423774,-0.1260454895910488,0,1
-0.23819069600519902,1.5660398132900992,0,1
-1.1115275246251275,-0.19466029974005966,0,1
-0.8706594718338351,-0.43763331340217193,0,1
-0.689539233813408,0.22878655354528937,0,1
-0.9861315651409984,-1.1083248980039384,0,1
-1.155650605112128,-1.0690884742321423,0,1
-0.8426347435288938,-0.3015398546680647,0,1
-1.0794683919837837,-1.1215512428304724,0,1
-0.4555520535093965,1.0804652486216197,0,1
-0.9984809971123269,-0.22628343190414335,0,1
-1.0614929795636703,-0.6669954407049228,0,1
-0.5669793897584959,0.3866336971925104,0,1
-1.0155654258436306,-1.2300406497773018,0,1
-1.008858974930203,-0.8445086133768293,0,1
-1.7494934484923341,-3.3603715487214623,0,1
-0.6976455003944408,0.3028869716634018,0,1
-1.400422273481431,-2.1861392755132547,0,1
-0.9313707064706931,-0.16602983683121775,0,1
-0.33351593511848765,1.1560981795594185,0,1
-0.7365430300715062,0.08994427658863378,0,1
-0.7106178059166689,0.6427715648501964,0,1
-0.8184425294007069,0.19278118278226616,0,1
-0.42271778972118756,0.7212994449999199,0,1
-0.4584869141741722,0.11673414902465977,0,1
-1.2504345657888827,-2.4746987583146582,0,1
-0.6829333554247831,0.16474617593636717,0,1
-0.8964444232184241,-0.5545837605809033,0,1
-0.7466413396192164,0.347236639595233,0,1
0.31502061864689584,1.5664998989173,0,1
-1.0539539326129619,-1.2304353305937352,0,1
-0.16297843160796274,1.4622005930237265,0,1
-1.270799365758574,-2.0616175312805067,0,1
-0.908845208304222,-0.15773309169693212,0,1
-0.9218508871580063,-1.2593084230710339,0,1
-0.36739264965417173,1.7172801147413514,0,1
-0.46536620265246126,1.2162440472327785,0,1
-0.5298093858343699,1.1664565738424024,0,1
-0.9813439429679296,-0.3949975719837114,0,1
-0.8699965917689224,-0.21864540058876783,0,1
-0.6273471839148757,0.9755173607393219,0,1
-0.604628632111001,1.219745836231294,0,1
-0.8334564675378754,0.02781413420757575,0,1
-1.358501222316287,-2.9093147587191863,0,1
-1.036119061904698,-0.9281333526864424,0,1
-0.7284748618930491,0.7380072856789088,0,1
-0.8345654269189745,-0.4062704531084974,0,1
-0.5107785068479941,1.2736206216719776,0,1
-1.01966317203595,-1.1254626376050862,0,1
-0.6982064209345682,0.3415919350996073,0,1
-0.6570656852973467,0.4380801143457613,0,1
-0.46751620598574023,0.7201997892461987,0,1
-0.8367140821566434,-0.7476867082255455,0,1
0.4435427811188856,2.847124466932309,0,1
0.4781648728579195,2.4255267400507123,0,1
-1.2177534114744144,-1.867094149005175,0,1
-1.1395365295126583,-1.8399281222693376,0,1
-1.1716211409152681,-1.8430046808589884,0,1
-0.3976791008203352,1.2951609392369547,0,1
-0.8766019846850741,-0.0456485460376183,0,1
-0.8360730025688679,-0.6929321204450676,0,1
-1.0786859828365465,-0.8329203408355076,0,1
-0.6480546963025126,0.1496746539527448,0,1
-0.932754462133976,-0.10188759225857878,0,1
-0.4984809334924411,1.2587602054596845,0,1
-0.8694954864930845,0.1374515218334188,0,1
-0.5819317428319077,0.9691924097317542,0,1
-0.8859662308332464,-0.32981249315586375,0,1
-0.5416805569255264,1.2021477696603133,0,1
-1.0461696758961145,-0.949941365434236,0,1
-0.7711312031857438,-0.016043442946958454,0,1
-0.8231413647022651,0.11666500856521549,0,1
-0.830486276055893,-0.5027283304632486,0,1
-1.2572559383631492,-2.0485941753005936,0,1
-0.8217162921981431,0.05568312301493541,0,1
-1.0045131438545634,-0.7402933339337013,0,1
-0.4599798026046408,0.7499686449515551,0,1
-0.463657384771361,0.5245252100292821,0,1
-1.1664676761421966,-1.251119242611294,0,1
-0.9524803018595971,-0.4785559955041699,0,1
-0.5456822490571533,0.9445114295610874,0,1
-0.7194663837572731,0.22057213857163505,0,1
-0.9992343200543762,-0.8680050942682255,0,1
-0.7231049835042411,0.5591634022538504,0,1
-1.3053743541214768,-2.1032265117398716,0,1
-1.4913025829662179,-2.10745176592382,0,1
-0.9324106909683555,-0.2691580813133678,0,1
-0.7977515341373005,-0.2805796423150266,0,1
-0.6791622940108433,0.7796573554728022,0,1
-1.1793504362160836,-2.3668334114124456,0,1
-1.6050153228157729,-3.0803049169938155,0,1
-1.8636405555031341,-3.800811728725023,0,1
-1.152664289360775,-0.7562280496774959,0,1
-0.5991096711202081,0.24628644020442791,0,1
-0.287790787472276,1.5038314918508866,0,1
-0.2973142008416855,1.3677868111086091,0,1
-1.366961545943638,-2.6409588255052494,0,1
-0.5240530542171378,0.1691168892051438,0,1
-0.6040561122647591,0.9899844456592872,0,1
-0.6072514867742193,-0.3707351778275462,0,1
-0.7518160738736294,0.26233492383738233,0,1
-0.9732538312467314,-0.4526883696332019,0,1
-1.8686757192453123,-4.265035133729434,0,1
-0.8055820893315562,0.1262515143084391,0,1
-0.7569823828077638,0.19308938576997428,0,1
-0.9251608358569643,0.10985611488185315,0,1
-1.990647099153201,-4.8266978744374835,0,1
-0.20802535008687248,1.447650257618262,0,1
-1.6721162117009587,-2.9563068599307267,0,1
-0.6044908796997198,0.11819017177729774,0,1
-1.540345066662256,-2.88888681248132,0,1
-0.53510445654108,1.346752163235892,0,1
-0.4673562590570074,0.8662337673057602,0,1
-0.8506120909064876,-0.058531642007217326,0,1
-1.3674205832579607,-2.3243459060250893,0,1
-1.1230566548020047,-0.7322082637713365,0,1
-0.667235342034737,0.22833816850644237,0,1
-1.6571778055375666,-3.2014806920211965,0,1
-0.438653910165293,1.2245451025198553,0,1
-0.9825997307735161,-0.8878305287559469,0,1
-1.1193583465802366,-0.7295518628018877,0,1
-0.6954287611050849,-0.49423278794829506,0,1
-0.6669155942405306,-0.318061433490497,0,1
-1.836110602709703,-4.578671138940991,0,1
-0.7894820901024188,-0.32338682669513485,0,1
-0.9118436202811229,-1.169922673245828,0,1
-0.8147554080868986,-1.1056216961794894,0,1
-0.692592121208327,0.5474011432185247,0,1
-1.001775587843566,-0.8671812095181781,0,1
-1.2954222152293053,-2.185117968835482,0,1
-1.1723105753209173,-1.5553559502958345,0,1
-1.010790348352107,-1.532475687994487,0,1
-0.9297557156805727,-0.3637934003180525,0,1
-0.8341867374056194,-0.4701852131946215,0,1
-0.7661535244142413,-0.15969468643645368,0,1
-0.8799250922688517,0.011503611801388995,0,1
-1.1453131183488818,-1.4824609554013202,0,1
-0.5137829300119061,0.6656346790296769,0,1
-0.8425257258290145,0.17557175221334723,0,1
-0.2774926711279805,1.2425199023232198,0,1
-0.7093066369451324,-0.18927230671443324,0,1
-0.4522271220620813,1.4282116888805758,0,1
-0.9088247097648924,-0.6696625626712803,0,1
-0.5682467594511025,0.45463753346266966,0,1
-0.6685308647209283,0.9257467805123135,0,1
-0.6407706264904125,-0.255516785881469,0,1
-0.5332594048567227,1.2159991696497672,0,1
-0.609767588618663,0.28635746811173246,0,1
-1.0617309594210314,-1.2233897027134322,0,1
-0.5187572996074554,0.7250837766111703,0,1
-1.279421074598975,-1.9696380232020256,0,1
0.029413278868266866,2.066362591230523,0,1
-1.2303140514071744,-2.071790406385613,0,1
-0.7751678913575596,-0.45146745998485444,0,1
-1.2234772543728343,-1.5573093010402044,0,1
-1.059772714347833,-1.0827416439565365,0,1
-0.9645753304895736,-0.5904581446974753,0,1
-0.9693970727666651,-0.6815852961349658,0,1
-0.8903002048429788,-1.220467065937057,0,1
-0.9681598311004062,0.03357643999351525,0,1
-0.873983463838344,0.16087066461906338,0,1
-0.45580771454455266,0.26000717253484995,0,1
-1.277022297059513,-3.3327239653081433,0,1
-0.8928163409766992,-0.14674525605436864,0,1
-0.654857947272235,0.3204624983981352,0,1
-0.8020697276159071,0.06830996194467631,0,1
-0.884278607405199,-0.39872184976261704,0,1
-1.060421648860214,-1.1781575964188917,0,1
-0.7559822919363294,0.5228254596815245,0,1
-0.9660872436131036,-0.19942433256570893,0,1
-0.8147876419307315,-1.0805093593664397,0,1
-0.8659808407048768,0.08815138370185029,0,1
-1.281241698230647,-1.635502625525577,0,1
-0.8430274560685019,-0.36326691681349627,0,1
-0.3017842584521347,1.0722440019514214,0,1
-0.917738129483697,-0.030606516543576684,0,1
-1.169939968491898,-1.3382354950965878,0,1
-0.7458264078890362,0.2411116514738697,0,1
-1.4520913565539526,-2.9466294938384774,0,1
-0.10769234793735905,2.1458989364552505,0,1
-1.719825008415527,-4.028121394627602,0,1
-1.0384089971942083,-0.7427100039797947,0,1
-0.5645942689398966,1.1837345177681482,0,1
-0.6960089457892018,0.6431761195302068,0,1
-0.6510490003679527,-0.30078386568877524,0,1
-0.24098052486715263,1.6090072109705795,0,1
-0.8871745363196915,-0.5302208506523902,0,1
-0.31015693033886493,1.0876060242538972,0,1
-0.9587457196684547,-1.1344527219149911,0,1
-0.297827789554318,1.6218144408956636,0,1
-0.9274888284217063,-0.07774574425965164,0,1
-1.0076334075461488,-0.40970754652528146,0,1
-0.840567813099675,-1.4510537783991169,0,1
-1.1330334344798052,-0.930552244905567,0,1
-0.5193438489942235,1.1071929997414054,0,1
-0.9508023241334969,-0.7296848565422716,0,1
-0.19568174329651075,1.9809019910137593,0,1
-0.9073262017766677,-0.495862640543903,0,1
-1.0429217799439678,-0.3167918589792501,0,1
-1.1298600218591188,-1.647217666258351,0,1
-1.1755782261635788,-1.0148041697186747,0,1
-0.7905428133041296,0.28204502347680466,0,1
-0.9968914231055395,-0.8224093477676175,0,1
-0.7162739930149246,0.5195663737650085,0,1
-0.493028319391513,1.1672739193733632,0,1
-0.5215482308778132,-0.5165756024909767,0,1
-0.6200820233546959,0.7651754251625852,0,1
-0.7094297014115087,-0.47833715038679264,0,1
-0.6518631772142229,0.9619809987808841,0,1
-0.5803352126927136,0.8307691807328718,0,1
-0.4702721484116035,1.1347544332308381,0,1
-0.6126190044154164,1.2477474415469452,0,1
-0.7771765365265652,0.49607924081900584,0,1
-0.4505120412207336,0.44981993375534696,0,1
-0.5022721829584985,0.986834351607728,0,1
-1.1794475973429175,-0.9401127710602539,0,1
-1.4661043265399836,-2.1907548581353566,0,1
-0.2669921385190786,2.106193371331786,0,1
-0.7431339262908415,0.579303056702665,0,1
-0.7222945430602533,1.0035143006448333,0,1
-0.9044348055612884,0.08856220538115346,0,1
-0.49589795021902294,0.7226009500049246,0,1
-0.7661008209727574,0.4141861791846436,0,1
-0.8747848648687585,-0.02831847156335126,0,1
-1.2170223762748509,-1.7970549508052993,0,1
-1.2999928090604527,-2.0973775982829936,0,1
-0.9869248651977357,-1.9558599136941364,0,1
-0.6093505432227687,0.2143837367851576,0,1
-0.44547548754293,1.1122619135511793,0,1
-1.099874463802934,-0.5863594012853701,0,1
-0.7617000695938791,-0.22386837463016118,0,1
-1.3857114470804435,-1.9845520084797517,0,1
-0.9557644768725813,-1.1103877326698604,0,1
-0.5436780589597525,0.927481044042674,0,1
-0.9972495226360402,-0.820781906493776,0,1
-1.479836166630912,-2.58710296156932,0,1
-0.3203283928754842,1.645847560994168,0,1
-1.098275316621001,-1.5789627012742629,0,1
-0.8647541461234263,-0.31896541596806854,0,1
-1.0069656225082155,-0.5388819002958495,0,1
-0.4023957604295724,1.2732456566488444,0,1
-0.7446151889532515,0.5779357822018165,0,1
-0.9654615936646985,-1.0884179082807133,0,1
-1.2669838920631313,-1.3842348416082337,0,1
-1.1955384939651879,-2.0967863006868614,0,1
-0.5776833613154537,0.056994319093819565,0,1
-1.2662983035245194,-2.6546842371484103,0,1
-0.8275169965001539,-0.011049729066489648,0,1
-1.4074507909032252,-1.9960839703547892,0,1
-1.013017367960841,-0.6901989786620337,0,1
-0.5085389914584987,0.5919449888462518,0,1
-0.832464065832842,0.3860348249194474,0,1
-1.1588704402045804,-1.0676842831707782,0,1
-0.519613513088173,-0.0332711222401785,0,1
-0.7184496520313023,0.5028647725222122,0,1
-1.2973571472241923,-1.499774485123749,0,1
-1.3735421708454703,-3.064383917951415,0,1
-1.0391754105787139,-1.1849444787315886,0,1
-0.6957617670638256,1.0044775559224048,0,1
-0.39290924992520354,1.5346726079586062,0,1
-0.5639498516865078,0.9860079920671839,0,1
-1.0503478015598242,-1.175238547418135,0,1
-0.5924539493909505,0.9250173253893723,0,1
-0.8205367457287579,-0.08985655779643961,0,1
-0.6312022013528594,0.8479511787189529,0,1
-1.2869214413072143,-1.872762071764368,0,1
-1.063654140676773,-0.4309135483907296,0,1
-0.9148987408743984,-0.5899387554658554,0,1
-0.42203128255719086,0.5580438101901025,0,1
-0.8049960548159425,-0.5069708380256384,0,1
-0.1446715072166784,1.8890680980740024,0,1
-0.41264750317164917,1.3962008914635586,0,1
-0.7944388263450232,0.3922966163023199,0,1
-1.4289365153435558,-1.9574372085186587,0,1
-0.776434632580418,0.17706306020732718,0,1
-0.8709868325931018,-0.4452345486508568,0,1
-1.1365191928638736,-0.533461996305536,0,1
-0.9744524898078114,-0.40834747091087725,0,1
-0.8845698262323481,0.12167647355557311,0,1
-1.643951722754863,-3.649970780359931,0,1
-0.3391409899621856,-0.18783037828104407,0,1
-0.7880680578842684,-0.1924936181342249,0,1
-0.6695569399238793,0.914126306588351,0,1
-0.6878176526275396,0.7867786911605528,0,1
-0.7051280796402858,0.29496113508591654,0,1
-1.5454729949357182,-2.3000894464964725,0,1
-0.2556086082262101,1.3117980322120744,0,1
-0.6380737264648871,1.2678117991964104,0,1
-1.1204873042258716,-0.7119208515453573,0,1
-1.1476200313123113,-1.47539665030037,0,1
-1.874567567433473,-4.104612466890658,0,1
-0.8746003417833117,-0.1974456564603531,0,1
-0.9058458935365183,-0.6018237695272364,0,1
-1.2054713936752597,-0.9976105079404263,0,1
-0.8900964769058817,-0.15333432707043046,0,1
-0.775846780994245,0.45241628026337616,0,1
-0.5512331822473768,0.18113739977310686,0,1
-0.47843534940338195,1.1415226654441604,0,1
-1.9076659248909067,-4.363906468338377,0,1
-0.659569059258815,0.5569935981961877,0,1
-1.055626983509848,-0.5003732110687577,0,1
-0.8696567571536367,0.13287948569852046,0,1
-1.41173137056167,-2.3149912094390332,0,1
-0.5918425272240994,0.21084751063908394,0,1
-1.4346657134060643,-2.2949481941027194,0,1
-0.4642550423340309,0.2289907279639348,0,1
-0.7855848371057026,0.21984471897624636,0,1
-0.5155459477997049,0.7764854060437939,0,1
-0.141167364528168,1.9976806024011688,0,1
-0.9513461038657438,-0.6014954825041468,0,1
-0.9696565604357286,-0.46504457006977,0,1
-0.8139985936775503,0.544280433450298,0,1
-1.0397956381057152,-0.8309989553022311,0,1
-1.0945898710368531,-0.5051814087495248,0,1
-0.7579812808492457,0.6087218189029213,0,1
-1.2358171644206193,-1.264406338916021,0,1
-1.6898562589456048,-3.3747063780309263,0,1
2.6818787733236924,4.542862603952911,1,0
-0.6067767862272709,0.36559489999612094,0,1
-1.2973778610581563,-1.5450146360036872,0,1
-0.8257226185420733,0.06885554647521995,0,1
-1.059056788277958,-1.2600721654827938,0,1
-0.22537150416795151,1.4519934335941493,0,1
-0.47979538872329675,0.6673136442451333,0,1
-0.5248929729988919,1.2301045425735775,0,1
-0.5515011664639968,0.9276713187123341,0,1
-1.516822049249486,-2.0882323320677196,0,1
-0.8051974373557164,0.12729306399513926,0,1
-1.3231362367219675,-2.0391755468867014,0,1
-0.796118370928773,0.46665465153771185,0,1
-0.7710140256851717,0.41681057146397427,0,1
-0.561168326909917,0.6589240233222657,0,1
-1.6500260706552314,-2.9279720863080967,0,1
-1.4180874891763238,-2.4140302516415377,0,1
-1.016471434647604,-0.9320418276122798,0,1
-0.8935888514923952,0.1280129464043212,0,1
-0.7350093038082087,0.7783375939346505,0,1
-0.4944663446923374,0.8567224126931758,0,1
-0.8009238462077016,-0.06059416735695872,0,1
-0.8835179565179877,0.01622004442491517,0,1
-0.4412967130079151,0.9935524867575023,0,1
-1.2295490995461495,-1.7059835504596892,0,1
-0.8039567885654876,-0.13881865827816245,0,1
-1.2991601830858714,-1.8260974213773855,0,1
-0.6103630932870334,1.042302289772459,0,1
-0.7166257446053189,0.6830190323718353,0,1
-0.9651455306639773,-0.8420820073407933,0,1
-0.9979330973145624,-0.4981826985725743,0,1
-0.48111830265627925,1.1436766288688838,0,1
-1.0682768715175892,-0.482604886467719,0,1
-0.8667968947892093,-0.20697415693195775,0,1
-0.6941351301005447,0.055002587795180996,0,1
-0.24152631718992834,1.2921639133908551,0,1
-1.2670060356220925,-1.2873649651687629,0,1
-0.37596144167102274,0.9434693135912139,0,1
-0.8317660655533509,0.37960647548837345,0,1
-0.83727746464359,-0.41467149038487106,0,1
-1.065644621950452,-0.828335168288844,0,1
-0.37381009918443275,1.2020807943893013,0,1
-0.7233043825530762,0.040245652323394686,0,1
-0.493548647279721,0.03170873191617309,0,1
-1.284308596305764,-1.2913421266311642,0,1
-0.9164218933776886,-0.043772916617749735,0,1
-0.7208540848631747,0.9949330161846129,0,1
-0.8925280994898341,0.23630714766762012,0,1
-1.460674151560353,-2.6107765227017,0,1
-0.6828370665972051,-0.28702736222582115,0,1
-0.9337244890503991,-1.101514385441743,0,1
-0.5821701296104217,1.235023534787014,0,1
-1.0789859873545289,-1.4068660807011864,0,1
-0.2634577766930626,1.5995800801129616,0,1
-0.9525939081952275,-0.6098015171854753,0,1
-1.120568232019201,-1.3081701354835484,0,1
-1.5921950766662982,-3.2994042818330414,0,1
-0.9399009946785283,-0.20507522699032596,0,1
-2.029509059254184,-4.735323128292495,0,1
-0.5963438121343497,0.843470083122163,0,1
0.24933336535586598,2.3773231107985735,0,1
-0.7612634035529277,0.9017903628392594,0,1
-0.24755894692220376,1.0930150520410205,0,1
-0.5887943431224671,0.5156488550928819,0,1
-1.1757190627149974,-1.4752674861305233,0,1
-0.7109523505278824,0.4861364801710762,0,1
-0.8147163719159318,0.4795034125142665,0,1
-0.6550886787486532,0.9095681953602337,0,1
-0.981395003087274,-0.7245404288169264,0,1
-1.12698456690583,-1.1657048457890524,0,1
-0.690776570829598,0.43116900828288285,0,1
-1.0937914117232928,-0.6273454887366466,0,1
-0.8423558814645281,-0.3159704253063057,0,1
-1.1743568894516923,-1.966384820132271,0,1
-1.4816458577310656,-2.9285672965631386,0,1
-0.6357479494175234,0.9858524482900433,0,1
-1.3057812230733907,-1.383432816882574,0,1
-1.0266279389014967,-0.08364404466582598,0,1
-0.6020869112865271,0.906437241228399,0,1
-0.9654731016540848,-1.3238088646216317,0,1
-1.1122516629287198,-1.6870346279630855,0,1
-0.7929647686106474,-0.04055851778279139,0,1
-1.3037262109005172,-1.5736491825247196,0,1
-1.02874849604337,-1.1151393373149407,0,1
-0.9657036763700102,0.02573214213176175,0,1
-0.6288661079274053,1.0448925957585098,0,1
-0.36987327474454795,1.5979803078221047,0,1
-0.14091784647864208,1.267980334046168,0,1
-0.7734567353496268,0.5587578080438106,0,1
-0.6720335433811723,1.152455903085186,0,1
-0.9443690322846864,-0.10927386818910016,0,1
-0.936976943786952,-1.2808803358007455,0,1
-1.5397705228415048,-2.1226098041614203,0,1
-1.0234834234133057,-0.2903211951490202,0,1
-1.3272219057452044,-1.7021814682868561,0,1
-1.3532600498262168,-2.1615116123519043,0,1
-1.7447764281017724,-3.4925522161406803,0,1
-0.25111882908522876,1.7179142889836068,0,1
-1.0541198954421551,-1.2375549176259177,0,1
-0.3680478886402459,0.8542598702434512,0,1
-0.8171091551259787,0.36539668838477823,0,1
-0.8079452197450253,0.1354028024248535,0,1
-0.8368013300950093,-0.7601775330756991,0,1
-0.8044057567935831,-0.2556125771923733,0,1
-0.5394099699869739,0.5556624602685646,0,1
-0.9209723536389394,-0.8180690617272792,0,1
-0.5093397013146109,0.34573981570525136,0,1
-1.143020527352155,-0.6527781899145624,0,1
-0.5279160508708007,0.7101967263934799,0,1
-0.8738349349486143,0.13301786895179227,0,1
-1.3367459691325099,-2.1062154020720585,0,1
-1.2291386263177477,-1.3967405042965686,0,1
-1.0035483934412064,-1.3839711893938338,0,1
-1.2713233844041412,-1.475617947663869,0,1
-1.0764640191809314,-2.8690814700608307,0,1
-0.5242978619035321,0.2152086844285239,0,1
-0.8916734933762906,-0.2194343016845899,0,1
-1.0553002579142507,-1.0819482563238472,0,1
-0.852314049718556,-0.24997682935816085,0,1
-0.9710092509852952,-0.09334744864225324,0,1
-0.6963683949701223,0.6224135589477154,0,1
-0.7406523125544231,0.03269101233486794,0,1
-0.4108849819036563,0.8602323351792831,0,1
-0.8317792803575769,0.04565419600870608,0,1
-0.53942263309315,0.40973603928539293,0,1
-0.40529796637189736,1.2891411636835466,0,1
-1.1510008213697032,-1.3329872326815477,0,1
-1.1215666436361804,-0.7867254608926032,0,1
-1.1550241275849813,-0.9785213347401324,0,1
-1.1205033144766245,-0.7690497471647975,0,1
0.1261896863411257,1.472861653232152,0,1
-0.6713796851698486,0.9832142007418386,0,1
-0.7720167928089083,-0.23761022325500594,0,1
-0.5981817265347692,0.47012313161474506,0,1
-0.4725757691857701,0.9103741651527377,0,1
-0.919233852085334,0.09379996997006065,0,1
-0.6165838372980763,1.2466118448791685,0,1
-0.3407616548262692,1.2677859778507494,0,1
-0.6250256208218592,0.3640720812190289,0,1
-0.9829863520475373,-1.0459276636007302,0,1
-1.2070984565710403,-1.389868647910125,0,1
-0.9329472982702604,-0.1582188386413847,0,1
-0.9267534205288833,0.013039027533607314,0,1
-0.11613324492207591,1.2232320232486618,0,1
-1.3786362225553301,-2.312664064528213,0,1
-0.6260382949033793,0.8739084410432293,0,1
-1.478981293107903,-1.7057940935260683,0,1
-1.0017919180172814,-1.1772491000248837,0,1
-0.9624675513699353,-1.1703973994908543,0,1
-0.338828916920305,1.1090915351634856,0,1
-0.502905037732141,0.8245820385941336,0,1
-0.5589686050415936,0.8177217803891647,0,1
-0.7844554281076264,0.21962560339718887,0,1
-0.8657445700176869,0.21838933512238304,0,1
-0.9386090514526435,-0.25629014490049085,0,1
-0.7077690532519934,0.5657976375617896,0,1
-0.8111207950731609,-0.08638026485749466,0,1
-0.4566956252671611,1.038546164594193,0,1
-1.723816786070142,-3.5217796342775887,0,1
-1.2893875366540177,-1.5877900382432215,0,1
-0.8118607551436323,0.6521400302505828,0,1
-1.0232413374933174,-0.6584687915454721,0,1
-0.7514502450974042,-0.1807851660648876,0,1
-0.9471190575424733,-0.6575490369640048,0,1
-0.720979260777694,0.770001939328683,0,1
-0.8658966223437862,-0.371429063442854,0,1
-0.9895626911621526,-0.47687880769402774,0,1
-0.7681490997175335,-0.08479197609897593,0,1
-0.698084219264421,0.47730450348513737,0,1
-1.1119418637920353,-1.2570034534661951,0,1
-0.9885707213188832,-0.6134069383517047,0,1
-1.7544679479687895,-3.7540708374968452,0,1
-0.7897430518414691,0.4673435616744976,0,1
-1.6222835901843362,-2.7825308706632836,0,1
-0.6278399017093601,1.106835744572175,0,1
-0.9527544607457673,-0.2949643960352226,0,1
-0.2969611081819286,1.4623647967494602,0,1
-0.5660759179966276,1.2654814051260492,0,1
-1.3152219065417692,-1.7528621629247476,0,1
-1.2293755014880672,-1.3191692029152318,0,1
-1.3716929624874319,-2.8975677586410287,0,1
0.12801226857244774,1.8044409999847733,0,1
-1.1488123061942574,-1.058957343909979,0,1
-0.7982309780906099,0.268391884352531,0,1
-1.147856330590362,-1.657008790713839,0,1
-0.11982399022771717,1.3073520978915816,0,1
-0.8415682749537264,-0.3021379574147145,0,1
-1.7717354866475523,-3.3877415822166044,0,1
-0.6537726414888897,0.6304436573847315,0,1
-1.2448953919378272,-2.2151442797877614,0,1
-0.7029787106531385,0.7705520313857551,0,1
-0.22878346412919112,1.639496124348003,0,1
-0.6356816800665891,0.6832881270286163,0,1
-0.9989855962622111,-0.5649133352942541,0,1
-0.9426806052867724,-0.28293353733589316,0,1
-0.923663386491846,-0.6119964281120583,0,1
-0.42715830030104396,0.7202360823109027,0,1
-0.8892695167743572,0.3275726176582101,0,1
-1.1054744901004991,-1.0765781917615092,0,1
-1.0590356295659538,-1.2391829880942702,0,1
-0.7852957438979196,-0.5100108135734018,0,1
-1.6758999242238843,-3.0307303502186524,0,1
-0.5918006253967416,0.35332317423549586,0,1
-1.4918049985396689,-2.7123562912113184,0,1
-0.8204873181436563,0.2678506688389172,0,1
-0.7655212368855548,0.1380680553606618,0,1
0.6128664824674751,2.5030664418462516,0,0
-1.543162667444084,-3.0070159018742455,0,1
-1.225670736317535,-0.7563213294178295,0,1
-0.9990112621633702,-1.0257680112984764,0,1
-0.966426715907004,-0.8333297769712078,0,1
-0.7585790603633465,0.22468109676452988,0,1
-1.5653588810111736,-3.26258444236929,0,1
-0.8430934800465612,0.4362270228538206,0,1
-1.5557231414610684,-3.0200166181206423,0,1
-1.1203294028681499,-0.4981557936566362,0,1
-1.3671433166901483,-2.0075695532336173,0,1
-1.1277970129612715,-1.092593911680356,0,1
-1.0353736288764794,-0.44419463959882893,0,1
-0.7631912983982708,-0.16787752804389947,0,1
-0.5840759149914113,0.8315614790447085,0,1
-0.41139231988647773,0.8224453782682352,0,1
-0.6426372388471032,0.8280663100633217,0,1
-1.915525257787283,-4.2880395900412696,0,1
-1.6014082257117594,-3.358002841871374,0,1
-1.0844268590826727,-0.8738415346285351,0,1
-0.680921761560741,0.9127080871683013,0,1
-0.40898580857486855,1.102567551548594,0,1
-0.8997487208903956,-1.0487438178332051,0,1
-1.1222579298024995,-0.35603076396525535,0,1
-1.3807581960198598,-2.2614707446906475,0,1
-0.565957593431271,0.5963452002383113,0,1
-0.755748181005461,0.09923015216688245,0,1
-1.1746097512207618,-1.0649602942598013,0,1
-1.1516334273379452,-1.832464204311371,0,1
-0.6911419965562764,0.8616943610900778,0,1
-0.7594773555207801,0.18724316401414795,0,1
-0.9931907284393329,-0.5358740100472423,0,1
-0.7445342355285133,0.41614903079162147,0,1
-1.6286840931172601,-2.8955696373696935,0,1
-0.615956219676092,0.9344950032869951,0,1
-1.2773678782892721,-1.6944249096198716,0,1
-0.8943245243028918,-0.2092767522560405,0,1
-1.3894266093399845,-1.844589031055527,0,1
-0.5915433804253907,0.8700140882007874,0,1
-0.9610094969337206,-0.6793333404815263,0,1
-0.8003785841005656,-0.46440050097136315,0,1
-0.6276589612368753,0.4902899348632055,0,1
-1.2722674501623648,-1.496154580047318,0,1
-0.841251676181509,0.6105560208187307,0,1
-1.0783467252734218,-1.0172718837551271,0,1
-1.1899635476825483,-1.325303592125459,0,1
-0.7595253751261349,0.16859595328035407,0,1
-0.19287384692430495,1.779103089839925,0,1
-1.6440165044504502,-3.5356504025773114,0,1
-0.9031927601703265,-0.9045575953060706,0,1
-0.6171898846245156,0.7865974923806061,0,1
-0.8790993245453274,0.2061150757129011,0,1
-1.5932516876454663,-2.4129400842830124,0,1
-0.6645774189773188,0.7165103446252861,0,1
-0.582854709894823,0.728650416060382,0,1
-0.6644912573399585,0.805648976991184,0,1
-0.9830785669519008,-0.8866403296027043,0,1
0.02158829817159599,2.02426683071731,0,1
-0.589635978192096,0.9898871391850012,0,1
-0.6788837467367288,0.40078498334102547,0,1
-0.6586368329349623,0.3642095359475219,0,1
-0.6175773801290015,0.9350901048598987,0,1
-0.9794046706048616,-0.26316988973868194,0,1
-1.1459827883006408,-0.7732982243601209,0,1
-0.5565420537233683,0.3635398716977968,0,1
-1.0022838702917671,-0.6618698866933588,0,1
-1.0565644418273599,-0.34139405479750334,0,1
-0.7883785542718412,0.10089129250254968,0,1
-1.08166036591126,-0.14689567571616133,0,1
-0.8996859426968636,-0.4183160253772464,0,1
-0.4574989862935541,1.3370056335279066,0,1
-2.0153535993269043,-4.380028661590909,0,1
-0.3816857724468852,0.9257642313881602,0,1
-0.884976890283406,-0.09105127596703232,0,1
-1.0545661753660613,-1.3996955378053573,0,1
-0.41480595276334337,0.364742728934251,0,1
-0.8495489252286405,-0.1050685395909888,0,1
-0.955102649314868,-0.9306034899840472,0,1
-0.6364535323126135,0.6228156945773405,0,1
-0.6797412816701428,0.6928592101754244,0,1
-0.5911845661101415,0.9694027307750989,0,1
-0.9236058881552729,0.08930504519938821,0,1
-0.9777604337259824,-0.3236091285724618,0,1
-0.3351406261442179,0.9279473297779365,0,1
-1.8291944477843944,-3.539050279528064,0,1
-0.7284547517315423,0.7361780639053965,0,1
-0.6714643661416948,0.9667882451219756,0,1
-0.9704347014600446,-0.7421508830814482,0,1
-0.8923819827078631,-0.8945249183309442,0,1
-1.2224561577428918,-2.076652849018117,0,1
-1.0519216709766452,-0.5370155444877022,0,1
-1.1867945669710582,-1.8047191759785173,0,1
-1.0427206218014151,-0.2600468297921361,0,1
-0.2712809032885346,0.9977112052604382,0,1
-1.0101450387527864,0.04072025951945401,0,1
-0.566259905022087,0.9920856018268209,0,1
-0.8745361857741991,0.0013252756830804864,0,1
-0.6965716832369095,0.43329841859085466,0,1
-0.7889302865919234,0.27192996113386897,0,1
-1.1710091648351302,-1.285041938782309,0,1
-0.5618570143254777,0.4523048266010286,0,1
-1.2112592285020534,-0.7927774350918408,0,1
-0.4651055926517425,1.2363598409871144,0,1
-0.977140748891025,-1.2783929489910086,0,1
-0.8549113801673154,-0.43668887810578727,0,1
-0.4249196380551816,1.365686174666961,0,1
-1.0111297302051394,-1.1543677514242499,0,1
-0.879532472469858,0.1782219288305526,0,1
-0.6771333153537852,0.5120677366720724,0,1
-1.0149626423122051,-0.6922972182557996,0,1
-0.9399694272669145,-0.7011556829408979,0,1
-0.5393619870803932,1.2973416541201253,0,1
-0.7935211144312948,-0.18322832003393152,0,1
0.05606860248457482,1.4633491432297292,0,1
-1.4600181275306279,-2.649250473831203,0,1
-1.1550331684322084,-1.2067822427586306,0,1
-1.0016794916454925,-1.0340340226654734,0,1
-0.8941180331385004,-0.5375869120414677,0,1
-0.8346489845361568,0.24114964033827588,0,1
-1.7675439774151562,-3.5911983058268206,0,1
-0.925225896499853,-0.06377636764363158,0,1
-0.5516774834756796,1.0287003450258203,0,1
-1.7385731201138386,-3.606370780409644,0,1
-0.9175272011955665,-0.6623061086332981,0,1
-1.7043147011110276,-3.4924123297027645,0,1
-0.583524060143792,-0.183991390997478,0,1
-0.8670446722150699,-0.7780013366598268,0,1
-0.7596351897232743,-0.06189937428381501,0,1
-0.8299757677638814,-0.0520851994683052,0,1
-1.1975080968429814,-1.3405427959042995,0,1
-0.8775502464069552,-0.2197929071896005,0,1
-0.6022281533045094,0.9769099319718696,0,1
-1.0122649067772544,-0.6971134711975554,0,1
-0.7275560629079103,0.6381545012855242,0,1
-0.7737207909438198,-0.11702757985925183,0,1
-0.9594786257981868,-0.9448175559009947,0,1
-1.5124611388630804,-2.4634321944429494,0,1
-0.37275765177764203,1.277684117437589,0,1
-1.0240499810608743,-0.828779003303163,0,1
-0.7771477805575108,0.6000477044852071,0,1
-1.1802903235113795,-0.8545070840774835,0,1
-0.889344641052307,-0.1765818249362033,0,1
-0.6801117208788175,0.4729145499555091,0,1
-0.6786601697484981,0.5670302468134331,0,1
-1.5246432002324644,-2.552646243041805,0,1
-1.0070761778582618,-0.3358705701227514,0,1
-0.6694913259571416,-0.903438401703084,0,1
-1.1422151493650161,-1.5960996220670711,0,1
-0.9407890396576281,-0.4572567514592966,0,1
-0.6864707734883139,0.3657194223362997,0,1
-1.5884079376912794,-2.405666681746033,0,1
-0.5992906826394314,-0.16902547680002308,0,1
-1.114081538696389,-1.1454249898786821,0,1
-0.9289002682811093,-0.2530186244617645,0,1
-1.1179488482294757,-1.386753006831085,0,1
-0.740267817794259,0.15307846041233872,0,1
-0.7909677670943772,-0.36577297321874863,0,1
-0.3408202532234693,1.0889320409760428,0,1
-0.9572599498506212,-0.3812847933100961,0,1
-0.9259120834241349,0.3193487527433385,0,1
-1.036303479120212,-0.03477920909782044,0,1
-1.0096016323721229,-0.5712733927911238,0,1
-1.6374474651046442,-2.8105452244816043,0,1
-1.0640201185690268,-0.5100448381861626,0,1
-0.6106524244029399,0.8870967111123589,0,1
-0.5400054615997419,0.26906349412702574,0,1
-0.5688020871617685,-0.24400483455548372,0,1
-0.5558658310399776,0.4078549686210947,0,1
-0.6466907502215287,0.4695566158302645,0,1
-1.045521103782109,-0.3639032161222395,0,1
-0.9794277644406204,-0.6241479027531934,0,1
-0.7321937413160798,0.2823289782444134,0,1
-0.7910374152463825,0.30227669294241694,0,1
-1.3648716360153206,-2.289615612842116,0,1
-0.644863717620505,0.6070411392385464,0,1
-0.6618559360160247,0.5963522218137423,0,1
-1.3628069942992032,-1.9577054212541336,0,1
-1.0043049980129766,-0.14309558494518684,0,1
-0.5679399136057594,0.2563450983400932,0,1
-0.5491686057810752,0.6545133629501529,0,1
-0.6955921650733148,-0.46008349897804085,0,1
-0.8070338476828834,0.16839382767227135,0,1
-0.3111803718357779,1.3178450307158909,0,1
-0.5239980612554319,0.6364015657702004,0,1
-0.5454787676062599,0.6262765615095396,0,1
-1.0958920065333075,-0.9161888311994653,0,1
-0.7996202859484048,0.21229742116717115,0,1
-0.9566001922596067,-0.21069700536441427,0,1
-0.16067212426888755,1.4629630375291505,0,1
-1.6467639210156662,-2.6673918185162786,0,1
-0.5938876030937653,0.8127650051889186,0,1
-0.8646504220776746,-0.30221624620543563,0,1
0.19424283395838596,2.2629555389272755,0,1
-0.417219101664823,1.098137397016792,0,1
-0.6798219634163766,0.18937340073367673,0,1
-0.9358204954064692,-0.6224028149954044,0,1
-1.0738417883128781,-1.218783850004634,0,1
-0.7604191434444992,0.3479839897945383,0,1
0.16291379631263572,2.069300365949515,0,1
-1.0469349806316326,-0.8523957525700991,0,1
-0.08486461608508541,1.6646517121975923,0,1
-1.1986174478637575,-1.1660225066171077,0,1
-0.8256955673343067,0.15358810532675626,0,1
-0.9558222633969548,0.006370340263285638,0,1
-1.0452113749326737,-0.6760154596864566,0,1
-1.2266285783077227,-0.9533339179300439,0,1
-0.7208295048913247,-0.9156332946393057,0,1
-0.9965966289689088,-0.4535464516100483,0,1
-1.590007893774968,-3.109037899784419,0,1
-0.6967562577264573,0.743734562561163,0,1
-0.9025248099010885,0.21597498068512386,0,1
-0.7295437165688176,0.19763178391697825,0,1
-0.7784236260988322,-0.044411826026327955,0,1
-0.7774778090555959,0.5497643802463619,0,1
-0.6407769121347382,0.35302512054640706,0,1
-1.3011060360196487,-1.2896253051964055,0,1
-1.0550443948944357,-0.3295220666591835,0,1
-0.5056013308005607,0.35281901455251,0,1
-1.1064007072715163,-0.8163119604373301,0,1
-1.1364990351550297,-0.7446897865842598,0,1
-1.7099968962947132,-3.5038678500677602,0,1
-0.8773093692509809,-0.8883976228238436,0,1
-0.9844182636963148,-0.666512779466116,0,1
-1.6914558919137939,-3.3930704198669446,0,1
-1.4960533548045014,-2.1462902702444513,0,1
-0.5691015991046006,1.2939897924216468,0,1
-0.8885017173098291,-0.19160095137269448,0,1
-0.7023278118444128,-0.5389927583018966,0,1
-0.5635892659605211,0.10602655977074164,0,1
-0.4843544599400324,0.9248701616893282,0,1
-0.8014316384060163,0.12103203415379649,0,1
-0.5593258809771362,0.7972934393713348,0,1
-1.3953373721900912,-2.2359215245854664,0,1
-0.6880008287496208,0.9507159422597733,0,1
-0.5569934788766652,0.690362672340038,0,1
-1.4871165769552004,-2.414564268284378,0,1
-0.6362755350493349,0.30959004157314984,0,1
-0.9609656981664784,0.06692067345513679,0,1
-1.2276198267123968,-1.8710227114643625,0,1
-1.4170883573372046,-2.560074150372907,0,1
-1.0292627181762268,-0.6240430008588959,0,1
-0.7937933070907137,0.09617675630682368,0,1
-0.7332636560538425,-1.4184347622161564,0,1
-0.8019486658201068,0.7775207376929837,0,1
-1.511631256526303,-2.907083558040249,0,1
-0.511468377151109,0.7152175119663904,0,1
-0.7610165045552886,0.47509401999216755,0,1
-0.8574605061350671,-0.22213997726133516,0,1
-1.0605815500195925,-0.4974884069774915,0,1
-0.8594076592850758,0.3232142937512916,0,1
0.07015285235518093,1.8264015413544281,0,1
-0.5263558422450811,0.735460687765954,0,1
-0.8851823246669863,0.10306891569777608,0,1
-0.9597698771629088,-0.3857035148428274,0,1
-1.9159439834917351,-4.599292903186466,0,1
-0.6850059385918502,0.8925638494075987,0,1
-0.6037424815169169,1.076732443796238,0,1
-0.8915192669543026,-0.29521526442774876,0,1
-0.8460529838047369,-0.2882629144740099,0,1
-1.5944867776425553,-2.6238956220698313,0,1
-0.48274111433704986,0.9935011176843525,0,1
-0.8401152493615875,-0.007344635648574089,0,1
-0.6038539460319176,0.827117336149393,0,1
-1.0084373742149093,-0.901286522048341,0,1
-0.4503232581809642,0.4760273040423849,0,1
-0.9448305956581613,0.010267350064773865,0,1
-0.6366298701781548,0.7827507568224676,0,1
-0.4530836026045029,0.18506718030088692,0,1
-0.9410620675430351,-0.2901525266174445,0,1
-1.839206627149203,-4.792268100942859,0,1
-0.5816691852422111,0.63205967898383,0,1
-1.1207511223972153,-1.202666954530836,0,1
-0.7455343267006268,0.49328855565604374,0,1
-0.29780772169120234,1.1302033758596004,0,1
-0.764169556129815,0.5315346387301613,0,1
0.026456993131217306,1.5955283629011565,0,1
-0.17587240064961787,1.4044041415928181,0,1
-1.0163109969594026,-0.6250332513537618,0,1
-0.8727867038352736,0.04895175560277046,0,1
-0.5191325577175241,0.27518956017565344,0,1
-1.4285799869405458,-2.5774472850475845,0,1
-1.8217348500837365,-3.5397062433275406,0,1
-1.0849576843576292,-1.2787335674319125,0,1
-0.9260344289338568,0.2467327470504952,0,1
-0.4932039700210765,1.3643306928716181,0,1
-0.6654235204360557,0.2410759889830969,0,1
-0.8704907087231797,-0.0761452193789043,0,1
-0.7648613363697111,0.26764783248424184,0,1
-1.4816905031352448,-2.208317937360015,0,1
-0.33886281627611425,0.6635321031107355,0,1
-0.9098548884435664,0.32876353039814643,0,1
-0.6095640297585754,0.34160838419556694,0,1
-0.6798223635996659,1.0022056402383626,0,1
-1.3080066060348159,-1.9515834010584874,0,1
-1.1282444369858422,-1.350308949345019,0,1
-0.8194940632657377,0.24645437024466654,0,1
-0.8569428948528324,-0.24733980999176453,0,1
-0.7860765772354334,-0.37585919190762535,0,1
-0.48844449511863824,1.2036060150727037,0,1
-1.025234172565161,-0.4418735078650204,0,1
-0.7845971699618176,0.6868354741024865,0,1
-0.7145902968422424,0.6424480308955428,0,1
-1.2702734121164967,-1.6473868631730642,0,1
-1.2204385904663475,-0.6670241026252,0,1
-0.987632871626407,-0.6528249007388338,0,1
-0.9452260143944196,-0.22591823686649962,0,1
-0.9214111101224695,-0.3512646274542174,0,1
-0.6992337557693811,0.2468293373074665,0,1
-0.5638344041271834,1.2555273563753644,0,1
-0.6996868160101163,-1.603813401350156,0,1
-0.8073731939248733,-0.03955917697430199,0,1
-1.1885087469013327,-1.2835670572487985,0,1
-0.4268518277524542,0.794994528351958,0,1
-0.5904279632152484,0.6950644990495688,0,1
-0.8508036563626415,-0.23132662121838382,0,1
-1.095355937697815,-1.448500490917061,0,1
-1.1457164210690944,-1.1297390665906395,0,1
-1.0956801244042647,-0.9186095069968446,0,1
-0.6530312490130821,0.6473816218926907,0,1
-1.2220668721343357,-2.166023634817269,0,1
-1.2230886374283472,-1.2986602401501508,0,1
-0.9337349670270298,-0.6568231408650682,0,1
-0.3847180574175738,1.3752294937302363,0,1
-0.6715834339621243,0.3638688345695408,0,1
-1.2763750190282392,-1.5117556066672133,0,1
-0.9766682016822292,0.1284641888937557,0,1
-1.1700423508484536,-1.788560133699583,0,1
-0.8665471524239406,-0.5673249789923854,0,1
-0.9311013125972861,0.1630552646071101,0,1
-0.40578969304595836,0.7906247462936614,0,1
-1.1007661642184066,-1.1760710605292655,0,1
-0.8082318470591316,-0.8023997666477368,0,1
-0.7290213739637947,0.16354886657050627,0,1
-1.4824453964432007,-2.032788663906271,0,1
-1.265315396345577,-1.4188818169623751,0,1
-1.307786909091257,-1.4798056629535028,0,1
-1.3679839733560137,-2.416583441532236,0,1
-0.9792030983967096,-0.639873135180554,0,1
-0.6013726044460593,-0.3949837546790524,0,1
-0.7495159686910101,-0.005956553454007906,0,1
-0.7155964336803661,0.6522433968489557,0,1
-1.558931836134369,-2.217173154287438,0,1
-0.6407570315562569,0.6412854111267102,0,1
-0.8135875820940496,0.6142673926151065,0,1
-1.4084428040281003,-1.2572238586100755,0,1
-0.4147122425461581,0.08122588311741276,0,1
-0.6844069038033681,0.5179848402670089,0,1
-1.0273992182295602,-0.6046606836710168,0,1
-0.610102542335603,0.5561121379931376,0,1
-1.2314040981938847,-1.7809901363293468,0,1
-0.6799602293748238,0.8037400040728295,0,1
-1.1578691935148315,-0.9046824605167133,0,1
-0.7008548185110616,0.8194715184962449,0,1
-1.8229342866946112,-3.866573580866975,0,1
-1.5589396459407308,-2.4786644627051992,0,1
-1.4235908137560762,-1.4419362736217016,0,1
-0.49593787491056307,1.183927360032767,0,1
-1.0871638354314628,-0.8034733579009032,0,1
-0.7755618753455324,0.22763476217213527,0,1
-0.5602157143599548,0.7345191571083561,0,1
-0.9003438746815351,-0.46861607510916853,0,1
-1.2944577911141921,-1.9895297139037322,0,1
-0.8208673348182548,-0.37799476072023275,0,1
-0.3158608515197256,1.5937608400957264,0,1
-0.6421853291220238,0.7577388268237308,0,1
-0.8947288845700317,-0.25665797791813677,0,1
-1.0177296486100562,-0.8979519066882399,0,1
-1.1163449743799467,-1.178782623118715,0,1
-0.3602181974683589,1.3706262486241885,0,1
-0.6907664782692083,1.033514124432851,0,1
0.07912201683503238,2.096502110905765,0,1
-0.94370262952288,-0.05917809071815315,0,1
-0.9451509830229686,0.04666674116709138,0,1
-0.7559436787978715,0.44070607115968563,0,1
-0.5384405884173228,-0.5751624024828466,0,1
-0.3332722085849906,1.3637371381759271,0,1
0.5839060902506269,0.4220542484103902,0,0
-1.088680858442629,-0.33117384528430865,0,1
-1.4246224769173874,-2.250135215154069,0,1
-0.6220053733723382,0.3097514344266611,0,1
-0.9709573250880862,0.2830094884023286,0,1
-1.0954967248550427,-1.366934795434078,0,1
-0.6515564514552903,-0.5543694262347463,0,1
-1.2157107667063898,-0.6395261464480652,0,1
-0.7438732630909961,0.23036183240551267,0,1
-0.3956170698081706,0.8159790482521129,0,1
-1.2036871340753146,-1.9904139095500162,0,1
-0.7195073139133307,0.5447671454745259,0,1
-0.10877424757154217,1.3498091647162958,0,1
-0.4189376497535865,1.0492412621682095,0,1
-1.184850716364773,-1.2731638455643015,0,1
-1.6767644643267332,-3.3085345926771725,0,1
-0.7341504396415814,0.48094375401810635,0,1
-0.049432190184596124,2.1054651227531664,0,1
-0.6529237340873953,1.3020190655010395,0,1
-1.0024005182292943,0.05026175700646145,0,1
-0.8714125418816028,-0.011692834896482741,0,1
-0.22842302998405417,1.9077697462160548,0,1
-0.8788802633408459,-0.004378461397366059,0,1
-0.9341214528967468,0.023306376915959593,0,1
-0.37638033902753154,1.4640613921603005,0,1
-0.8327415171320016,0.4674761550622399,0,1
-0.3221102676755251,1.131793306285754,0,1
-0.6620190527333197,0.3980551395627046,0,1
-0.47183740402740626,1.0455405015313322,0,1
-0.9561188645121284,0.058453781243135515,0,1
-0.5467118479605558,1.120474570433423,0,1
-0.5372329923796579,0.43187012198019925,0,1
-0.5527204839856814,0.3771039451482186,0,1
-0.26607077177977134,1.938976759851062,0,1
-1.1900732368154094,-0.8782455530015223,0,1
-1.1840821025441066,-0.7604685957568774,0,1
-1.1208421234981987,-0.8255235306094209,0,1
-0.44553392752373644,1.242873501901758,0,1
-0.511666222878412,0.5689146847008937,0,1
-0.8645871639112571,0.30487044737619773,0,1
-0.6895584865523932,0.5557133618672819,0,1
-0.5708305620939057,0.7874487663621603,0,1
0.324775766972427,2.4730515632677235,0,1
-0.9847375755135664,0.20946978246294068,0,1
-1.3023447749055734,-1.171945685934886,0,1
-1.3286595653338218,-1.6678586867355254,0,1
-0.9579923579536135,-0.1636744808229519,0,1
-0.8154641926927494,-0.018758372214146616,0,1
-0.6913277750608259,-0.009952306077217216,0,1
-1.0638667973293634,-1.4640653938383066,0,1
-0.9074657681510674,0.16630576715963882,0,1
-0.14296961883995954,1.8829680068190686,0,1
-1.0993210960719744,-1.5276435153121222,0,1
-0.5575169651018285,1.3051351294078957,0,1
-1.7466246484756536,-3.399469562716587,0,1
-0.5123037103295524,0.9052165557516078,0,1
-1.2029501128627171,-1.7892034434106305,0,1
-1.4469673759941961,-2.2578419155126377,0,1
-1.0616640953490746,-0.627107256902592,0,1
-1.9016890281787795,-4.499658588186126,0,1
-1.4106630837184813,-1.5579400856978076,0,1
0.3785743287079228,2.7158027052133047,0,1
-1.609292600386684,-2.787864506478676,0,1
-0.7120260722903932,0.18245661172656297,0,1
-1.1758877074681746,-1.717021272289483,0,1
-0.6756906228864361,0.3212498783488227,0,1
-0.7425822418507684,0.16766549182875048,0,1
-1.8657715737599803,-4.066684078166166,0,1
-0.6904364995397789,0.832076324895614,0,1
-1.4542561829641412,-2.5240579965976213,0,1
-1.3777142118857835,-1.7863829372282125,0,1
-0.7197330474726038,0.9529877959466754,0,1
-0.7727416177511416,0.16173290861958675,0,1
-1.0304318020955492,-0.5373216153000511,0,1
-0.15771202752283922,1.6942983824715399,0,1
-1.242972723375507,-1.4517710298020965,0,1
-0.42269455724162863,0.6541194181389903,0,1
-0.6044548033443544,1.171482599800097,0,1
-1.0368759123405706,-0.9924360577917727,0,1
-0.9407504325256966,-0.7171652876376454,0,1
-1.803613807205402,-3.8010924770856462,0,1
-1.3994738233437167,-1.963622707352467,0,1
-1.0355575477415964,-0.5987320377873255,0,1
-0.9926471287929397,-0.5147266859150488,0,1
-0.5854597634383547,0.41202849471431824,0,1
-1.0624631756663192,-1.143972104889867,0,1
-0.7627913899146406,0.5725669315246058,0,1
-0.09685586919901029,2.097704187753786,0,1
-1.4277963532432354,-2.2774892430063445,0,1
-0.8036189895537802,0.3309274206103423,0,1
-1.632220756699071,-2.744777851764559,0,1
-0.559963526037973,0.5507147650671564,0,1
-0.6864003096122121,0.7891117839039478,0,1
-0.24332227074724203,1.3125648096583697,0,1
-0.6483378655876469,0.9693017454261418,0,1
-0.03325054130680896,1.4122892038413637,0,1
-0.6247273231405325,-0.07434621077967651,0,1
-0.9098913078625048,-1.1586864413645475,0,1
-0.7757258969256084,0.21900213487612757,0,1
-1.1466788584263679,-1.4303158890475434,0,1
-0.6578362833866525,0.6945992080726234,0,1
-0.5890368052247874,0.5413868565348493,0,1
-0.5490496672839392,0.8050762383456465,0,1
-1.43940412025917,-1.500769866574902,0,1
-0.7346346404190575,0.10238307296125575,0,1
-1.5043603148505102,-2.4498002372573913,0,1
-0.5213553561422177,0.9045597930178826,0,1
-0.7922864047785156,0.7707261824101477,0,1
-0.978280350056974,-0.15414050963409298,0,1
-0.5801972262720556,0.6950838983005266,0,1
-1.3744061757680852,-1.30411883966035,0,1
-0.8394060925652932,0.40658049283679193,0,1
-0.721227811637914,0.2820916851233633,0,1
-0.913871605808248,-0.6224342569386381,0,1
-0.5757065179799871,1.2261195989549318,0,1
-1.3404963064749162,-1.9364070428649665,0,1
-0.6254150440766051,0.92598593932683,0,1
-0.7995862525310121,-0.271645170789694,0,1
-1.2892770002293306,-1.1342381923578968,0,1
-1.4613686623894775,-2.4371032373499046,0,1
-0.5857743629886151,0.5511978228121504,0,1
-0.6796461247500497,0.7894905756339209,0,1
-1.7914916086176251,-3.9703692889047186,0,1
-0.8011635827794652,0.060248315683480276,0,1
-0.7613003406867451,0.14798028046302888,0,1
-0.8825004012486163,0.5497723589021501,0,1
-0.6604186399533063,-0.027398852064443285,0,1
-1.221225566658809,-1.1479090618592684,0,1
-0.8631598954994616,0.3223153116770538,0,1
-0.5941344004086471,0.7547063500023679,0,1
-0.6531516521395746,-0.43575784463120815,0,1
-0.6438342992045633,0.4659912892720566,0,1
-2.14219977098925,-5.431910614496159,0,1
-0.879024607977327,-0.5248461129146118,0,1
-0.9459081002581482,0.21524327545873972,0,1
-1.4209169599538503,-2.0808004418237864,0,1
-1.4059675538493535,-2.1437291274247867,0,1
-1.3015811852461254,-1.3856169232626685,0,1
-0.6069119793607192,1.254970161581896,0,1
-0.742939189102509,0.4492463552016311,0,1
-0.6666420304751465,0.5668823905733967,0,1
-1.513184873022974,-2.190480890351876,0,1
-0.8417524445655961,0.3522783941492535,0,1
-1.0661440647112002,-0.9037680611859309,0,1
-0.6716143697809149,0.04304786620337552,0,1
-0.7224260568258332,0.5069852274738398,0,1
-1.4693329912136073,-2.5154099661971916,0,1
-0.5001951203417022,0.4391855479305871,0,1
-0.7436421813499172,0.6470987335848041,0,1
-1.2480192282315854,-1.2695652327881277,0,1
-0.017510368782892662,1.382500057308715,0,1
-0.4936974556840331,1.012770352265295,0,1
-1.0754575803052808,-0.9046314740827511,0,1
-1.079189907121476,-1.418589683465764,0,1
-0.33150260019015104,1.1281008861568522,0,1
-0.6927180327699439,0.42352274350090324,0,1
-0.994607783699547,-0.731053881101103,0,1
-0.4609619826927064,1.4633480006070498,0,1
-0.6100160353739521,0.48986585760437124,0,1
-1.0123008463497247,-0.4746377755705588,0,1
-0.9584659124724563,-0.3028440770974149,0,1
-0.9583298670795893,-0.2624247024307792,0,1
-0.7301454300443084,0.41960235059839857,0,1
-0.22706509457135518,1.7075317746759464,0,1
-1.4547451750876417,-1.8201488464823699,0,1
-0.6438075087774806,0.9751665501250562,0,1
-0.25213839358409595,1.947148647785421,0,1
-0.9943336721601476,-1.132267472009166,0,1
-0.6603318351669768,0.6784736713223084,0,1
-1.715574271762408,-2.7997888359102787,0,1
-0.8785502494595734,-0.020948706048507428,0,1
-0.9298015576541162,-0.5786020971970802,0,1
-0.9554633895771428,-0.5835931768468052,0,1
-1.0100595319304202,-0.16080032561518193,0,1
-0.6999628293736322,0.07211274723079983,0,1
-1.2424630713782567,-2.3351334859663497,0,1
-0.8926381507489837,0.3619296765638368,0,1
-0.9018388001037319,-0.3172182459249319,0,1
-0.8606897913956016,-0.3268879551623231,0,1
0.21418680321462769,2.4866575198452,0,1
-1.2805901839499922,-1.567385505613831,0,1
-1.022123313390562,-0.5407377064717737,0,1
-1.187641264331787,-0.6656595936872179,0,1
-1.4210546221016311,-2.05173756566335,0,1
-1.4474611315244528,-3.2322985898019265,0,1
-1.1679900298765422,-2.322009045723413,0,1
-1.4216046570015402,-2.6439610251239603,0,1
-0.4344792890251546,1.247631698265621,0,1
-1.5958762270465814,-3.0396406227101838,0,1
-0.6754671727345742,0.5732435947954373,0,1
-1.1256953499222009,-1.0239268035231481,0,1
-0.563984675512546,0.995001246079527,0,1
-1.692049060165307,-3.490509659948547,0,1
-1.1476830581675417,-0.7660215490248903,0,1
-0.7493279449551536,0.2896533617741836,0,1
-0.900956236142863,-0.32131253185842595,0,1
-0.7306280077103352,0.6014890372607542,0,1
-0.03876828310650908,1.9403883502677277,0,1
-0.9828179898779111,-0.16224798662556061,0,1
-0.3285518974971213,1.553777609752804,0,1
-0.8379605266160144,0.5962543778680635,0,1
-0.9668511864679158,-0.9138683208530514,0,1
-0.8634933432711437,0.34281355996430934,0,1
-0.6450845696853578,0.23482975534838774,0,1
-1.3197295811305683,-1.646851219243919,0,1
-0.8191995554694551,-0.36310463725489417,0,1
-1.4515432198540337,-1.5365399382788318,0,1
-0.3042719682522363,1.2449067761640018,0,1
-0.8253271671739473,-0.03189548592090946,0,1
-0.917094226102429,-0.14339338160269505,0,1
-0.5579003630452407,-0.06290910546108774,0,1
-1.0022266640636497,-0.2771998957399842,0,1
-0.7551050815581917,0.2978872306971061,0,1
-0.5967495472410222,0.604612978904013,0,1
-0.6752235668700504,-0.06517663652118193,0,1
-0.8951592809352478,0.1459637554368057,0,1
-0.7489770347321782,0.20308570216962923,0,1
-1.1289903342672722,-1.3709934392368737,0,1
-1.3835196213305962,-2.014124665279022,0,1
-1.3424861328626048,-1.6011287277130672,0,1
-1.037255659812654,-0.4945624391564507,0,1
-1.2624829164004765,-1.3612558734846751,0,1
-1.0496510619065769,-0.564512317935888,0,1
-0.5530724852037577,0.9302116135665636,0,1
-0.9610845951028099,-0.09496163680151672,0,1
-0.7886918298683417,0.26986371787247954,0,1
-0.9589326991311173,-0.685353618699377,0,1
-0.7774087636364683,0.44284975893374834,0,1
-0.8924815477062275,-0.06264278407222879,0,1
-0.48450142648109995,1.1422912191366523,0,1
-1.1949439211226207,-1.2406368318852559,0,1
-1.5564721305966083,-2.629710936657246,0,1
-0.6463233025443108,0.08258270496503609,0,1
0.08842085043976797,1.9058402250301532,0,1
-0.6917744415875291,0.47424462967644576,0,1
-0.9046444591609126,-0.41402404941351195,0,1
-0.8705179863798935,-1.8068026926861998,0,1
-0.9903999961966057,-0.19282659289961115,0,1
-0.7225445065803474,0.5677571925382355,0,1
-0.8459430497865479,0.107262635357869,0,1
-0.6733312363316798,0.30880255693841274,0,1
-0.18323340114731512,1.7135123703368453,0,1
-0.9851605979852059,-0.44110853471156275,0,1
-0.8479728184389181,-0.2223546856626444,0,1
-0.6775688444644383,0.7389945819323839,0,1
-0.2536071705193944,1.0695637006939007,0,1
-0.7064896929730513,0.2736069638129012,0,1
-0.8875284650027048,0.5907789184883309,0,1
-0.12584505338923713,1.757785388466523,0,1
-1.2081143071561142,-1.6959434188412639,0,1
-0.43609137492798417,1.141927379835086,0,1
0.010128392254276586,1.2430919417627535,0,1
-1.3119507156412709,-1.9511701377332693,0,1
-0.9187228119095935,0.5120203655051025,0,1
-0.41317136027108436,0.7249794782101799,0,1
-1.1011404289952411,-0.8833541353883001,0,1
-0.536404730867744,1.0749738606123145,0,1
-1.0072533134769144,-1.7509385171506726,0,1
-0.9841424276771937,0.1717773359255484,0,1
-1.2400410826030306,-1.465547003601874,0,1
-1.4742362655169587,-2.734550802968855,0,1
-0.6541182403363957,0.3288564164391629,0,1
-0.210695870305363,1.6709261912003026,0,1
-0.7652346166243318,-0.08063707812835735,0,1
-0.6730058863905574,0.2061984966977238,0,1
-0.5412032357539197,0.4166864896402134,0,1
-0.16562907064500626,2.252690457770908,0,1
-0.3561460972154886,1.514980811451429,0,1
-0.8176746878180836,0.38199021370955494,0,1
-0.7317735048937175,0.923778105272173,0,1
-1.153331142495068,-0.8633200929623179,0,1
-1.7330617397913335,-3.2348618956980144,0,1
-0.8176670436550795,0.16079741179078258,0,1
-1.1893167713650439,-0.46625713725434986,0,1
-0.8737799429143921,0.14175192831328073,0,1
-1.3855741440063893,-1.1986255201763258,0,1
-0.9360121849839781,-0.9989309055489355,0,1
-0.7207627497966205,-0.17170654540977123,0,1
-0.7080645230003304,0.6348990410662049,0,1
-1.01738826390433,-0.689497062689704,0,1
-0.21613902523737416,1.7011974061476178,0,1
-1.7034696185277036,-3.151666453252086,0,1
-0.7831939539704379,0.14892223929271822,0,1
-0.9922883401450335,-0.2226925652567846,0,1
-0.5053128080643278,0.5621994047579126,0,1
-1.2346642617918409,-0.9571210413922637,0,1
-1.4379538589721652,-1.792467408443633,0,1
-0.9293158195897055,-0.3345955783316953,0,1
-0.895191815611916,-0.08629537047344475,0,1
-1.034137193186377,-0.42317966089764714,0,1
-0.35806121959422704,1.100191982901677,0,1
-0.4265137964822086,0.8839267052702673,0,1
-0.07280605983535897,0.8112475914393732,0,1
-1.146459721095843,-1.6071792687561608,0,1
-0.7742936078531119,-0.08466146276672663,0,1
-0.7689697188939174,0.40952331912742235,0,1
-0.9119453288080832,-0.5570173870037822,0,1
-0.10224322509759286,1.4970596052842984,0,1
-1.0251822496304082,-0.6945626759689191,0,1
-0.4567452305353833,1.015855764318583,0,1
-1.1437355006895173,-0.7625662693609462,0,1
-1.6610968046131953,-2.7068184867055454,0,1
-0.22965208691231884,1.4919072830304743,0,1
-0.7559784968377264,0.02337578134183543,0,1
-0.8100249346706968,0.0557846158751966,0,1
-0.6142117332682562,0.5680698912802177,0,1
-0.8851943284389397,-0.33180471715546883,0,1
-1.1204669422784783,-1.1259177044604756,0,1
-1.1304760923742505,-1.0051321339370165,0,1
-1.2546746784596283,-2.034190434761329,0,1
-0.9475288284622474,0.2127507778116614,0,1
-0.5655174061507051,0.8674135309826122,0,1
-1.304070593837625,-0.8131936513345421,0,1
-0.45629723178248777,1.338551517632188,0,1
-0.4984113908429213,0.6177332076887476,0,1
-0.8275526663660037,0.005152033577274574,0,1
-1.0619832819102668,-1.2171579626998685,0,1
-0.1835609808248311,1.870711216204373,0,1
-1.1395986708110948,-0.25690835840353876,0,1
-0.8548836273494392,0.09356790024076218,0,1
-0.68742900899338,0.2335175569637579,0,1
-1.0536789518099174,-0.13231795048592707,0,1
-0.5627567479128879,0.6537066745367683,0,1
-0.6217348038981096,0.40923196885568464,0,1
-1.1418999755828017,-1.5913276587736878,0,1
0.014953380986120203,2.149975070756445,0,1
-0.9547402168125395,-0.45876582510372105,0,1
-0.9180658321578566,0.059238640510358175,0,1
-1.3044735308868511,-1.4228465052087778,0,1
-0.4368765045440463,1.368027378013252,0,1
-0.843263364162363,0.5272471384176735,0,1
-0.7756541186499163,0.2113211620703637,0,1
-0.6111263558815788,1.344767289461851,0,1
-0.6636810141016695,0.6837541761126636,0,1
-0.522083057275394,1.310169045210321,0,1
-0.7311373693686088,0.3315371200161963,0,1
-0.4887267438176782,0.7865262281092056,0,1
-0.936312210881323,-0.6558485788368881,0,1
-0.8514060483883685,0.10447033608541133,0,1
-0.886124446450895,-0.59245187863445,0,1
-1.1013233604414678,-1.1732178728876592,0,1
-1.0598557532147825,-0.3557067911922081,0,1
0.21505725798417244,2.424732714808463,0,0
-1.4432700141958572,-1.3660339231820653,0,1
0.7641392653447684,0.5481294069274357,0,0
-1.050983874178892,-0.8522937945346817,0,1
-1.134202663364678,-1.4447255839520472,0,1
-1.4970322222063872,-2.3674533522059376,0,1
-0.5744073420478194,1.291476583069815,0,1
-0.5837278640268361,0.9830531176640971,0,1
-0.41610095580795253,0.3618157555460076,0,1
-0.7780054815682698,0.3240023653706995,0,1
-0.08378299635647038,1.8403178803221556,0,1
-0.7500189988512769,0.4598793003240705,0,1
-0.7000342695381895,0.3855873760659948,0,1
-0.729118145164191,0.34593060420960314,0,1
-0.9139962935043962,-0.401223750508393,0,1
-1.3030215615051937,-1.135601561318361,0,1
-1.3013079207397646,-1.1352068085690417,0,1
-1.0310854624624706,-0.20922920928982053,0,1
-1.0413606532096147,-1.0389247407896538,0,1
-0.9257854510461663,-0.3480763670876381,0,1
-0.652483021490009,0.9874814452480196,0,1
-1.1785290398338197,-0.5337902953801781,0,1
-1.3927333994819613,-2.39994683844149,0,1
-0.7079991786705069,0.3878565109929021,0,1
-0.3099754776495079,1.386495942929077,0,1
-1.0293190144346267,-0.40243732664261084,0,1
-0.8889853360599344,0.5049850138070038,0,1
-0.2959876439922168,1.533837607404799,0,1
-0.470009830076144,1.3722579275184188,0,1
-1.5775003687643192,-2.6193757427123727,0,1
-0.8094058238564025,-0.03453841360347779,0,1
-1.1443406138657117,-0.9723019863883932,0,1
-1.1257985652030373,-1.4549407042008191,0,1
-0.6964441090056863,0.5642733106175944,0,1
-1.3441344966566349,-1.9008201877674569,0,1
-1.1412130947365007,-1.3423544204957418,0,1
-0.5864784163589186,0.4012166322663642,0,1
-0.2651679196751012,1.3429879153405258,0,1
-0.5605477913521824,0.941465402429586,0,1
-0.9476840421138358,-0.02464960045424062,0,1
-0.7510622503727087,0.8408945863275655,0,1
-1.4188989775906888,-2.4972934533747138,0,1
-0.7066227560803165,0.9671324629251691,0,1
-1.3468512155421875,-1.4795501140478227,0,1
-0.643846108186698,0.4903485196065192,0,1
-0.9546998633169849,0.10058816126225417,0,1
-0.943330028807977,-0.021454240922193373,0,1
-1.2077572932547254,-1.1672434824067965,0,1
-0.2854901330600919,1.3770544559359381,0,1
-0.8562293423977273,-0.18806442924366096,0,1
-0.6206033832179234,0.9295646147979582,0,1
-0.6910047580222377,1.031366906665148,0,1
-0.6398871420100294,1.1861849464976995,0,1
0.038174385346299335,2.2919663938073707,0,1
-0.2625428496304716,0.910703029422027,0,1
-0.8560944829281026,-0.007584205868900449,0,1
-0.8130796106184996,0.3520007903177084,0,1
-0.8956273932393576,-0.30320057593845773,0,1
-0.40640760473914395,1.4940756614628246,0,1
-0.8923715695775406,-0.5794446969185604,0,1
-0.9907923843761057,-0.6936234549268318,0,1
-0.9146847571733814,0.5271308114261757,0,1
-0.9886317607228844,-0.48707832594364986,0,1
-0.9054817624655894,0.03509606726740699,0,1
-1.879652693813381,-3.86709433134786,0,1
-1.4606372216227033,-2.3136525612434915,0,1
-1.1830289896367927,-1.17309298541647,0,1
-1.0508329719816876,-0.6510924115446652,0,1
-0.8140897283396169,0.12255329296608705,0,1
-0.9437699596205642,-0.016046005833962998,0,1
-0.8958556474636614,-0.13968068712235765,0,1
-0.8928419765952734,0.2021102356238715,0,1
-0.31745662808556857,0.9312242598718798,0,1
-1.103842546468253,-0.897576141360588,0,1
-1.0244976797370422,-0.795084164275653,0,1
-0.7270619498742378,0.4150502380409493,0,1
-0.9502157705808253,-0.7695475411233695,0,1
-1.3320638345376736,-1.6147857879361514,0,1
-0.14927239684038965,1.9083558971034509,0,1
-0.3250804866750505,1.7704208348212715,0,1
-1.2753420694641933,-1.4640502630932297,0,1
-1.3216023239536736,-1.2423391861583402,0,1
-0.9531754039548143,-0.793335222534166,0,1
-0.26667492235217805,1.4126248894454345,0,1
-0.5610663633660598,0.8689795387584066,0,1
-1.0528029276439648,-0.5641359744714325,0,1
-0.5213046878381071,0.1672963106845808,0,1
-1.000991157405782,-0.7174325517493587,0,1
-1.8639764062264426,-3.5180724994412675,0,1
-1.2525266601464367,-0.9596586376476723,0,1
-0.8862636260367782,0.04427067569288491,0,1
-0.817211072499744,0.3929956492673098,0,1
-1.4807639861071484,-1.8557618402019749,0,1
-1.1959098811163893,-1.2786449527537274,0,1
-0.5408163940855657,0.7347947505077496,0,1
-0.9368875111701531,-0.6339095527413665,0,1
-1.1781323827439563,-0.60878415437343,0,1
-0.691684771021551,0.6223457912972923,0,1
-0.25696878898338604,0.9348682269959074,0,1
-0.6071779806754597,0.9573817233542972,0,1
-0.778069086871933,0.7349574267230208,0,1
-0.0659463119366072,1.7412171524362126,0,1
-0.6069035798435781,1.0912944716121848,0,1
-1.809019235542196,-3.267845326917115,0,1
-0.8831414967427921,-0.09247221639055053,0,1
-1.1283506726885366,-1.2667632257333024,0,1
-0.8726764380780982,0.04441732160304333,0,1
-1.4935562225998384,-2.178299726256101,0,1
-0.6571708217141335,0.712714067979518,0,1
-1.0502620366028117,-0.5508689078458883,0,1
-0.8336090856977204,-0.5957597985458658,0,1
-1.6765077833561175,-3.0600355360274136,0,1
-1.7632369513114274,-3.6944820489103534,0,1
-0.3096550406621006,1.1460026854843364,0,1
-1.1549009554367535,-0.7071018529930352,0,1
-1.3140156012707782,-1.4221342997705653,0,1
-1.0409364768469032,0.006042018553274243,0,1
-0.9631204012781941,-0.7164230749540177,0,1
-1.1082547865613803,-0.8362677714960742,0,1
-1.0411557218999452,-1.3435386532577,0,1
-0.5774017810398807,-0.1544113840973155,0,1
-1.081986287623221,-0.7843682877154783,0,1
-0.6675151768890893,0.44671977568506055,0,1
-0.7435174749779656,0.449562549250331,0,1
-0.807941439368353,0.27350444417580616,0,1
-0.607202980248455,0.7605617976227431,0,1
-0.6187346230181718,0.6996348056000932,0,1
-0.6277746762369,1.2459290601610535,0,1
-0.9812608078617661,-0.5544594563994135,0,1
-0.7583785651568049,0.47418512095028525,0,1
-0.7665449074998805,0.5822634859662502,0,1
-0.701716715578666,0.7842309824677856,0,1
-0.6190019679779631,1.287551321236927,0,1
-0.9503318922172956,0.35581586731809306,0,1
-0.3474067100577721,1.389964460923842,0,1
-0.627658917120585,0.6004182721224248,0,1
-0.9525029728821814,0.07952465822714151,0,1
-1.5002741970484077,-2.948429771297074,0,1
-1.0683845432126244,-0.5810084590614717,0,1
-0.5422705422891172,1.286732020977098,0,1
-0.849478129959783,-0.20615085517375806,0,1
-0.8900036728391588,0.12526770785154082,0,1
-0.7814536352135897,0.037178377397664934,0,1
-0.8463487948182289,-0.23500265930506134,0,1
-1.348109002229856,-1.7100076302423157,0,1
-0.7058853912650335,0.3669648148451171,0,1
-1.3167747568371757,-1.4202570380550108,0,1
-0.6454648074113081,0.7881825185905165,0,1
-1.72430331498558,-3.1870108485981765,0,1
-1.186587164189169,-1.398139233331597,0,1
-0.8210381845256736,0.5003597410251401,0,1
-1.3959640063469239,-1.9612507088861961,0,1
-1.3090596444194391,-1.0467462586728902,0,1
1.2063862714547804,3.576102783571915,0,0
-1.18359368792476,-0.9279033523088539,0,1
-1.0136867204603683,-0.28218113088724317,0,1
-0.9367358512677321,-0.41316873762679635,0,1
-0.47660083465183883,0.7001836023490616,0,1
-1.1734989937169715,-1.0282946932717314,0,1
-2.028537174367286,-4.310975385743962,0,1
-0.21377052101150296,1.6842519897182582,0,1
-0.4838328236188524,1.074253988603887,0,1
-0.34001574908776133,1.1909489200855594,0,1
-0.8217255985499465,0.05267502297710336,0,1
-0.11111084330261599,1.5758846662264328,0,1
-0.9808668862141382,-0.15847588943930635,0,1
-0.013428467596775637,2.3161863870737935,0,1
-1.197273497227624,-1.8765650225830528,0,1
-1.0792753654153957,-0.6528919040130691,0,1
-0.34054342773960383,2.063724518937901,0,1
-1.2495779577830226,-1.4876609921866637,0,1
-0.6169015389334993,0.35058726824452086,0,1
-1.3018898337168003,-1.5435588670851443,0,1
-1.0953482360444937,-0.32195677223510927,0,1
-1.2506014066179354,-1.3389706810699722,0,1
-0.9190836471457327,-2.44317862161278,0,1
-1.1456927694139318,-1.8345334692714406,0,1
-1.285377909776516,-1.4355530426799756,0,1
-0.8662956884007988,-0.2993312850059715,0,1
-1.011306004083771,-0.4413865488135724,0,1
-1.1652732380707995,-1.1667008913655625,0,1
-1.142377502569385,-0.6934039396873859,0,1
-0.9834022273735243,-0.4597674934680668,0,1
-1.8141470929513177,-3.6074627731397944,0,1
-0.48952969790199774,1.1761359722242075,0,1
-1.1238238824542919,-1.0877079032654708,0,1
-1.445234969249813,-2.301060339231813,0,1
-0.08026713634818572,1.8060783829098983,0,1
-1.1893797116263158,-0.8388203195188509,0,1
-1.6586958219367247,-3.5895833903582983,0,1
-0.8669865613866437,-0.4376889719885964,0,1
-1.0142178098680172,-0.33646395455612965,0,1
-0.7161756091445394,0.5718484366102525,0,1
-0.7848840144869564,0.15321143040328353,0,1
-0.9183238744560965,-0.7871918541722918,0,1
-1.6920290139495309,-3.051519240077398,0,1
-1.5096049901752173,-2.301031969279626,0,1
-1.1510984122248162,-1.3379886389581823,0,1
-0.5653384974505862,0.13122277981218683,0,1
-0.8455801589980817,-0.15598769880995597,0,1
-0.9166398928546983,0.1559119262328037,0,1
-1.8780643711900256,-4.240826709255749,0,1
-0.6466852338966431,0.8422112266957194,0,1
-0.7499316487327531,0.18489994741351523,0,1
-0.9692064080358236,0.30610626982391365,0,1
-0.9809651797828092,-0.6782745768733162,0,1
-0.7527513008181662,0.5226144744365884,0,1
-0.8859390998372904,-0.3357880802303865,0,1
-1.2803284692281889,-2.1774427382630828,0,1
-0.02487954096755177,1.7367754152844723,0,1
-0.9925362610126695,0.29932903902465363,0,1
-0.7474929008285355,0.11997081671243583,0,1
-1.336931617590708,-2.0815821347931616,0,1
-0.8605463649538349,0.7325922916782087,0,1
-0.6636808388366164,0.9595182268687678,0,1
-0.8230208948535591,0.16412877544408228,0,1
-1.7919273310124768,-3.566023513768559,0,1
-1.3320555727491246,-1.6711403251066195,0,1
-0.829776360046087,-0.09919090077924297,0,1
-0.7655917507067851,0.3384385227738393,0,1
-1.089099334070762,-0.8899247204349712,0,1
-1.0357805622569365,-0.5577340387419706,0,1
-0.5785482011059057,0.9735091809143267,0,1
-1.288677356951668,-1.4850207870765249,0,1
-0.8286201796389218,0.07814811986509551,0,1
-0.6558506315237094,0.9435800663783782,0,1
0.07653525248092712,1.8635031479781388,0,1
-0.7082840373227606,0.5496887135527563,0,1
-1.3237547895395334,-1.9024540999355823,0,1
-0.8892426081964413,-0.13587269328155951,0,1
-1.0046421134720243,-0.15715049400467881,0,1
0.820491213786528,2.8240528191741476,0,0
-1.1086320557936011,-1.0420112983287468,0,1
-1.3710230302615902,-2.2369773091112184,0,1
-0.7430509659158032,0.45161243505989385,0,1
-0.9574589871449629,-0.4258976489311143,0,1
-0.5361487167580914,0.9298904335411661,0,1
-0.4660483736858492,1.1948918486202051,0,1
-1.4613175354234635,-2.511723799140622,0,1
-0.6850092628450015,0.7039235684725457,0,1
-1.4938637373157977,-2.257184170950652,0,1
-1.65129781648997,-3.582748781505794,0,1
-1.8124360339602428,-3.360146544553939,0,1
-0.9124892217296369,-0.35263724593918633,0,1
-1.2979610884963173,-1.973655991219199,0,1
-0.7368995348584454,0.2101990431324152,0,1
-0.7314404195498683,0.703564802340077,0,1
-1.0950851103471095,-0.2957749411191173,0,1
-1.0343304722412117,-0.8576305955914565,0,1
-1.0756939656449174,-0.2664835693458538,0,1
-0.756097758133129,0.5504403024257617,0,1
-1.9732731800717016,-3.993081633763241,0,1
-0.9380704017379768,-0.3626920103535243,0,1
-0.5648553180390283,0.9442434843518507,0,1
-0.9788343413799984,-0.28676308428666103,0,1
-0.4416694482273187,1.1392826912607437,0,1
-1.6485030238646448,-3.2445190378187316,0,1
-1.4462790335470732,-1.5716290573145208,0,1
-0.8903981592475899,-0.6168575286055298,0,1
-1.0182002881819245,-0.6033286258529718,0,1
-1.003243054728939,0.28685727192337734,0,1
-0.8335262382299472,0.376696506382456,0,1
-1.3774270501722103,-2.3587343707875905,0,1
-1.3129912810502098,-1.0973736547860364,0,1
-1.2431360140026706,-1.6710341087336547,0,1
-1.0759138248145501,-0.9002523188263692,0,1
0.6505880501271902,2.6474400997468295,0,0
-0.80269850333593,0.013838765028860394,0,1
0.06145730821099344,2.4910955965094663,0,1
-0.6084999364154356,0.6321679434615225,0,1
-0.7075227215076567,0.3834896152613048,0,1
-1.7223185725884063,-3.048779164610898,0,1
-1.1969867935891518,-0.9388678655287168,0,1
-0.9500893581994897,-1.079072286378483,0,1
-0.27221993668263433,2.0644158332899014,0,1
-1.1550496246535389,-1.245008223982926,0,1
-1.1289303379353548,-0.7337454653515291,0,1
-1.128053971074644,-1.4329578888956276,0,1
-1.0432366070647365,-0.5374932441163338,0,1
-0.9033126193782379,0.324057016757913,0,1
-0.2110386850091819,1.4942705672043248,0,1
-1.4647400622523097,-1.7580698405235842,0,1
-0.7425316186273487,0.5779373821595643,0,1
-1.2036098776404878,-0.9516208599754322,0,1
-0.6490033450918763,0.3526694616530231,0,1
-0.5483519890124253,1.1772704073273386,0,1
-1.21394882897316,-1.8098853544793818,0,1
-0.5731616260431731,1.0801753722506544,0,1
-0.537950737115105,1.008391379112273,0,1
-0.7614373915367818,0.5707444851862774,0,1
-0.9203998887255028,0.1617816980095322,0,1
-1.4508691258831317,-1.0831393725115692,0,1
-0.11496828382676531,1.8163266622700256,0,1
-1.0169317745591435,0.009954606748961961,0,1
-0.7829975680621064,0.4549676606546496,0,1
-0.9644125250745299,-1.4896193654820662,0,1
-1.0657869063929306,-0.6216254421926706,0,1
-0.9676504795740953,-0.3612180622053204,0,1
-1.4599096846195694,-1.8436823634926227,0,1
-0.805160582892139,0.26547008488271884,0,1
-0.8789840052160852,0.130221539967328,0,1
-0.9675528774838543,-0.3241651506657726,0,1
-1.0646383425868609,-0.877571558473057,0,1
-0.3402826857534005,1.3666987631980128,0,1
-0.9350683418335874,-0.19610303375488525,0,1
-1.0084440209465144,-0.04899909182616226,0,1
-0.8095493820049809,-0.11713845958756415,0,1
-1.4295796474579285,-1.9004080134374657,0,1
-1.002544182712835,-0.5710764005492868,0,1
-1.0361479786385805,-0.7880698011585162,0,1
-0.9209716132705233,-0.33300677191612005,0,1
-0.6967286355203647,-0.37757664974676697,0,1
-1.1373633844338318,-0.7858529021519866,0,1
-0.7410391486456355,0.09263689790464019,0,1
-0.3216390010642103,1.5894189981114322,0,1
-1.0187467998122424,-0.8843627859547464,0,1
-0.6180823942763456,0.6641595428871188,0,1
-0.9583888908670075,-0.37923133722041513,0,1
-0.4814104154830696,1.1747321872370515,0,1
-0.7189826549622949,0.3946895142475174,0,1
-0.666530493432108,0.5414556766644951,0,1
-0.479395605687711,1.4003527303256995,0,1
-0.46528401766284644,1.3642396349406465,0,1
-0.8149761145907651,0.5860495263191822,0,1
-1.1555805003779993,-0.5714013026738173,0,1
-0.8970875259936253,-0.23758368811058753,0,1
-0.7056699832078382,0.44119933513647136,0,1
-0.21500735275605798,1.890533700001264,0,1
-1.3488784192176753,-1.1568090459484124,0,1
-0.9834885175078878,-0.1414966138842016,0,1
-0.8350319315235674,-0.6379865314608928,0,1
-0.9182619990724157,-1.1396572865491184,0,1
-1.097040700722781,-1.608466779208971,0,1
-0.6753669261629844,0.7393461603568787,0,1
-0.6538391048422104,0.4035970387986839,0,1
-0.7751929192344755,1.1581127398690192,0,1
-0.7165227044377737,-0.1542995914132237,0,1
-0.5319652895737385,1.6224097012546812,0,1
-1.0592242841211812,-0.6990339022126856,0,1
-0.9953926076430258,-0.5096269316820845,0,1
-0.6396309819917655,0.5075312211557736,0,1
-1.1348327207383142,-1.1428444024742308,0,1
-0.880544702043807,-0.3565661602463103,0,1
-0.6488317477243274,0.8365157690503056,0,1
-0.5656721385392859,0.4646987382721485,0,1
-0.7705217840701797,0.6121373157245145,0,1
-0.9253816634492433,-0.14243362273017718,0,1
-0.6997797467666983,0.6889720205830447,0,1
-1.4777895649406638,-2.784143143511331,0,1
-1.2986405859662167,-1.5464246411214213,0,1
-1.000224895776387,-0.453334190321114,0,1
-0.8091986657662977,0.73465384455225,0,1
-0.6039864458318217,0.9532489406055662,0,1
-0.8444080822917569,-0.2330388891428992,0,1
-0.8685406485502601,-0.1701243993021312,0,1
-0.027203490987280123,2.409966916072122,0,1
-1.88938666082967,-3.697560565163117,0,1
-0.6193448453206577,0.6298865161953796,0,1
-0.800019130851446,-0.19043461998670333,0,1
-1.661858594730774,-2.638431144143924,0,1
-1.1555187428780131,-1.3593335453918596,0,1
-0.6672461204863112,0.45536945109249544,0,1
-0.542984556417837,0.905286775712642,0,1
-1.1964058543923661,-1.551566064963231,0,1
-0.9852714861595698,-0.5113079066400816,0,1
-0.6989897400877079,0.5677096301491912,0,1
-0.7548292416894298,0.33729924166026376,0,1
-0.713226536966778,0.07267332020263995,0,1
-0.8357080389225925,-0.1871717766453451,0,1
-0.8548662307282947,0.6618131989003737,0,1
-0.5924660436772251,0.20306124078871737,0,1
-0.9931244675815499,-0.19383772201742666,0,1
-0.7849114197850888,-0.05409984711991966,0,1
-1.1149238845858747,-0.4911893142601207,0,1
-1.2261757702059428,-1.3044956148268496,0,1
-1.157403589072747,-0.7554377766071587,0,1
-1.285194157885109,-1.5429227577428475,0,1
-1.6756286131475588,-3.641808717637265,0,1
-1.255762790556388,-1.434689014917072,0,1
-0.7473211396206445,-0.1806972930624675,0,1
-0.8829889184299726,-0.2109929914174062,0,1
-0.833987937340087,0.18538788159372604,0,1
-0.6919998073229129,0.6423433599625922,0,1
-0.7809270856276835,0.5781558533349732,0,1
-0.555305835092032,1.2336044810260518,0,1
-1.018147971273035,-0.46638883896818134,0,1
-0.879978198729122,-0.004651834399077903,0,1
-1.0951837157259645,-0.47513152032260114,0,1
-1.1013648062694414,-1.5467118126523758,0,1
-1.1340878583158827,-1.2579822374623828,0,1
-0.8106947298267674,-0.0005366567526182517,0,1
-1.1290027131289249,-0.45272361457159327,0,1
-0.6836445831398767,1.2624082165795465,0,1
-0.8960882229891305,0.16151415718965736,0,1
-1.062041663906091,-0.04918471116771954,0,1
-0.8369946882564985,0.1538842371615726,0,1
-0.47742587302853084,1.2322711233757444,0,1
-0.7179028386699337,0.4694527586898784,0,1
-0.8071581201061786,-0.11039594633599899,0,1
-1.0128429492631446,-0.9312105920354016,0,1
-1.3388867658857484,-2.899540849803636,0,1
-0.8565165514821953,0.5799793038504613,0,1
-0.14164791591498,1.548986535454301,0,1
-0.6916264199536426,1.339983207561965,0,1
-0.976085812331348,-0.2702228746772779,0,1
-1.4905106403658985,-2.4499659906873217,0,1
-0.2290020765354503,1.3923092970139503,0,1
-0.8754723448833985,-0.32561608857549795,0,1
-1.7364197796080305,-3.208373694369903,0,1
-0.709261214436885,1.125153481478973,0,1
-0.5244352915879974,0.6148338144964166,0,1
-1.1440977398429155,-1.1771742154943572,0,1
-1.0690823611923956,-0.6467326806722308,0,1
-1.2031940203051212,-1.1725929943503535,0,1
