2025-09-15 19:24:37,229 - kedro.framework.project - INFO - Using 'conf\logging.yml' as logging configuration. You can change this by setting the KEDRO_LOGGING_CONFIG environment variable accordingly.
2025-09-15 19:24:38,664 - kedro_telemetry.plugin - INFO - Kedro is sending anonymous usage data with the sole purpose of improving the product. No personal data or IP addresses are stored on our side. To opt out, set the `KEDRO_DISABLE_TELEMETRY` or `DO_NOT_TRACK` environment variables, or create a `.telemetry` file in the current working directory with the contents `consent: false`. To hide this message, explicitly grant or deny consent. Read more at https://docs.kedro.org/en/stable/configuration/telemetry.html
2025-09-15 19:24:40,531 - kedro.framework.project - INFO - Using 'conf\logging.yml' as logging configuration. You can change this by setting the KEDRO_LOGGING_CONFIG environment variable accordingly.
2025-09-15 19:24:41,295 - kedro_telemetry.plugin - INFO - Kedro is sending anonymous usage data with the sole purpose of improving the product. No personal data or IP addresses are stored on our side. To opt out, set the `KEDRO_DISABLE_TELEMETRY` or `DO_NOT_TRACK` environment variables, or create a `.telemetry` file in the current working directory with the contents `consent: false`. To hide this message, explicitly grant or deny consent. Read more at https://docs.kedro.org/en/stable/configuration/telemetry.html
2025-09-15 19:34:04,663 - kedro.framework.project - INFO - Using 'conf\logging.yml' as logging configuration. You can change this by setting the KEDRO_LOGGING_CONFIG environment variable accordingly.
2025-09-15 19:34:05,650 - kedro_telemetry.plugin - INFO - Kedro is sending anonymous usage data with the sole purpose of improving the product. No personal data or IP addresses are stored on our side. To opt out, set the `KEDRO_DISABLE_TELEMETRY` or `DO_NOT_TRACK` environment variables, or create a `.telemetry` file in the current working directory with the contents `consent: false`. To hide this message, explicitly grant or deny consent. Read more at https://docs.kedro.org/en/stable/configuration/telemetry.html
2025-09-15 19:34:07,524 - kedro.framework.project - INFO - Using 'conf\logging.yml' as logging configuration. You can change this by setting the KEDRO_LOGGING_CONFIG environment variable accordingly.
2025-09-15 19:34:08,334 - kedro_telemetry.plugin - INFO - Kedro is sending anonymous usage data with the sole purpose of improving the product. No personal data or IP addresses are stored on our side. To opt out, set the `KEDRO_DISABLE_TELEMETRY` or `DO_NOT_TRACK` environment variables, or create a `.telemetry` file in the current working directory with the contents `consent: false`. To hide this message, explicitly grant or deny consent. Read more at https://docs.kedro.org/en/stable/configuration/telemetry.html
2025-09-15 19:34:25,625 - kedro.framework.project - INFO - Using 'conf\logging.yml' as logging configuration. You can change this by setting the KEDRO_LOGGING_CONFIG environment variable accordingly.
2025-09-15 19:34:26,393 - kedro_telemetry.plugin - INFO - Kedro is sending anonymous usage data with the sole purpose of improving the product. No personal data or IP addresses are stored on our side. To opt out, set the `KEDRO_DISABLE_TELEMETRY` or `DO_NOT_TRACK` environment variables, or create a `.telemetry` file in the current working directory with the contents `consent: false`. To hide this message, explicitly grant or deny consent. Read more at https://docs.kedro.org/en/stable/configuration/telemetry.html
2025-09-15 19:34:28,241 - kedro.framework.project - INFO - Using 'conf\logging.yml' as logging configuration. You can change this by setting the KEDRO_LOGGING_CONFIG environment variable accordingly.
2025-09-15 19:34:29,012 - kedro_telemetry.plugin - INFO - Kedro is sending anonymous usage data with the sole purpose of improving the product. No personal data or IP addresses are stored on our side. To opt out, set the `KEDRO_DISABLE_TELEMETRY` or `DO_NOT_TRACK` environment variables, or create a `.telemetry` file in the current working directory with the contents `consent: false`. To hide this message, explicitly grant or deny consent. Read more at https://docs.kedro.org/en/stable/configuration/telemetry.html
2025-09-15 20:29:36,080 - kedro.framework.project - INFO - Using 'conf\logging.yml' as logging configuration. You can change this by setting the KEDRO_LOGGING_CONFIG environment variable accordingly.
2025-09-15 20:30:08,285 - kedro.framework.project - INFO - Using 'conf\logging.yml' as logging configuration. You can change this by setting the KEDRO_LOGGING_CONFIG environment variable accordingly.
2025-09-15 20:34:43,352 - kedro.framework.project - INFO - Using 'conf\logging.yml' as logging configuration. You can change this by setting the KEDRO_LOGGING_CONFIG environment variable accordingly.
2025-09-15 20:34:44,911 - kedro_telemetry.plugin - INFO - Kedro is sending anonymous usage data with the sole purpose of improving the product. No personal data or IP addresses are stored on our side. To opt out, set the `KEDRO_DISABLE_TELEMETRY` or `DO_NOT_TRACK` environment variables, or create a `.telemetry` file in the current working directory with the contents `consent: false`. To hide this message, explicitly grant or deny consent. Read more at https://docs.kedro.org/en/stable/configuration/telemetry.html
2025-09-15 20:35:14,858 - kedro.framework.project - INFO - Using 'conf\logging.yml' as logging configuration. You can change this by setting the KEDRO_LOGGING_CONFIG environment variable accordingly.
2025-09-15 20:35:15,965 - kedro_telemetry.plugin - INFO - Kedro is sending anonymous usage data with the sole purpose of improving the product. No personal data or IP addresses are stored on our side. To opt out, set the `KEDRO_DISABLE_TELEMETRY` or `DO_NOT_TRACK` environment variables, or create a `.telemetry` file in the current working directory with the contents `consent: false`. To hide this message, explicitly grant or deny consent. Read more at https://docs.kedro.org/en/stable/configuration/telemetry.html
2025-09-15 20:47:46,460 - kedro.framework.project - INFO - Using 'conf\logging.yml' as logging configuration. You can change this by setting the KEDRO_LOGGING_CONFIG environment variable accordingly.
2025-09-15 20:47:47,625 - kedro_telemetry.plugin - INFO - Kedro is sending anonymous usage data with the sole purpose of improving the product. No personal data or IP addresses are stored on our side. To opt out, set the `KEDRO_DISABLE_TELEMETRY` or `DO_NOT_TRACK` environment variables, or create a `.telemetry` file in the current working directory with the contents `consent: false`. To hide this message, explicitly grant or deny consent. Read more at https://docs.kedro.org/en/stable/configuration/telemetry.html
2025-09-15 20:47:49,581 - kedro.framework.project - INFO - Using 'conf\logging.yml' as logging configuration. You can change this by setting the KEDRO_LOGGING_CONFIG environment variable accordingly.
2025-09-15 20:47:50,786 - kedro_telemetry.plugin - INFO - Kedro is sending anonymous usage data with the sole purpose of improving the product. No personal data or IP addresses are stored on our side. To opt out, set the `KEDRO_DISABLE_TELEMETRY` or `DO_NOT_TRACK` environment variables, or create a `.telemetry` file in the current working directory with the contents `consent: false`. To hide this message, explicitly grant or deny consent. Read more at https://docs.kedro.org/en/stable/configuration/telemetry.html
2025-09-15 20:48:09,116 - kedro.framework.project - INFO - Using 'conf\logging.yml' as logging configuration. You can change this by setting the KEDRO_LOGGING_CONFIG environment variable accordingly.
2025-09-15 20:48:10,387 - kedro_telemetry.plugin - INFO - Kedro is sending anonymous usage data with the sole purpose of improving the product. No personal data or IP addresses are stored on our side. To opt out, set the `KEDRO_DISABLE_TELEMETRY` or `DO_NOT_TRACK` environment variables, or create a `.telemetry` file in the current working directory with the contents `consent: false`. To hide this message, explicitly grant or deny consent. Read more at https://docs.kedro.org/en/stable/configuration/telemetry.html
2025-09-15 20:51:34,519 - kedro.framework.project - INFO - Using 'conf\logging.yml' as logging configuration. You can change this by setting the KEDRO_LOGGING_CONFIG environment variable accordingly.
2025-09-15 20:51:35,609 - kedro_telemetry.plugin - INFO - Kedro is sending anonymous usage data with the sole purpose of improving the product. No personal data or IP addresses are stored on our side. To opt out, set the `KEDRO_DISABLE_TELEMETRY` or `DO_NOT_TRACK` environment variables, or create a `.telemetry` file in the current working directory with the contents `consent: false`. To hide this message, explicitly grant or deny consent. Read more at https://docs.kedro.org/en/stable/configuration/telemetry.html
2025-09-15 21:02:35,621 - kedro.framework.project - INFO - Using 'conf\logging.yml' as logging configuration. You can change this by setting the KEDRO_LOGGING_CONFIG environment variable accordingly.
2025-09-15 21:02:37,050 - kedro.framework.session.session - INFO - Kedro project machinegame
2025-09-15 21:02:43,802 - kedro_telemetry.plugin - INFO - Kedro is sending anonymous usage data with the sole purpose of improving the product. No personal data or IP addresses are stored on our side. To opt out, set the `KEDRO_DISABLE_TELEMETRY` or `DO_NOT_TRACK` environment variables, or create a `.telemetry` file in the current working directory with the contents `consent: false`. To hide this message, explicitly grant or deny consent. Read more at https://docs.kedro.org/en/stable/configuration/telemetry.html
2025-09-15 21:05:30,990 - kedro.framework.project - INFO - Using 'conf\logging.yml' as logging configuration. You can change this by setting the KEDRO_LOGGING_CONFIG environment variable accordingly.
2025-09-15 21:05:32,271 - kedro.framework.session.session - INFO - Kedro project machinegame
2025-09-15 21:05:33,415 - kedro_telemetry.plugin - INFO - Kedro is sending anonymous usage data with the sole purpose of improving the product. No personal data or IP addresses are stored on our side. To opt out, set the `KEDRO_DISABLE_TELEMETRY` or `DO_NOT_TRACK` environment variables, or create a `.telemetry` file in the current working directory with the contents `consent: false`. To hide this message, explicitly grant or deny consent. Read more at https://docs.kedro.org/en/stable/configuration/telemetry.html
2025-09-15 21:05:34,468 - py.warnings - WARNING - c:\Users\lttlk\Documents\Nueo\.venv\Lib\site-packages\kedro\io\core.py:545: UserWarning: Since kedro-datasets 2.0, 'Dataset' is spelled with a lowercase 's'. Got 'pandas.CSVDataSet'.
  warnings.warn(

2025-09-15 21:09:30,626 - kedro.framework.project - INFO - Using 'conf\logging.yml' as logging configuration. You can change this by setting the KEDRO_LOGGING_CONFIG environment variable accordingly.
2025-09-15 21:09:31,821 - kedro.framework.session.session - INFO - Kedro project machinegame
2025-09-15 21:09:32,777 - kedro_telemetry.plugin - INFO - Kedro is sending anonymous usage data with the sole purpose of improving the product. No personal data or IP addresses are stored on our side. To opt out, set the `KEDRO_DISABLE_TELEMETRY` or `DO_NOT_TRACK` environment variables, or create a `.telemetry` file in the current working directory with the contents `consent: false`. To hide this message, explicitly grant or deny consent. Read more at https://docs.kedro.org/en/stable/configuration/telemetry.html
2025-09-15 21:09:34,422 - kedro.runner.sequential_runner - INFO - Using synchronous mode for loading and saving data. Use the --async flag for potential performance gains. https://docs.kedro.org/en/stable/nodes_and_pipelines/run_a_pipeline.html#load-and-save-asynchronously
2025-09-15 21:09:34,424 - kedro.io.data_catalog - INFO - Loading data from [dark_orange]params:business.objectives[/dark_orange] (MemoryDataset)...
2025-09-15 21:09:34,428 - kedro.io.data_catalog - INFO - Loading data from [dark_orange]params:business.questions[/dark_orange] (MemoryDataset)...
2025-09-15 21:09:34,431 - kedro.io.data_catalog - INFO - Loading data from [dark_orange]params:business.success_metrics[/dark_orange] (MemoryDataset)...
2025-09-15 21:09:34,433 - kedro.pipeline.node - INFO - Running node: business_report_node: build_business_report([params:business.objectives;params:business.questions;params:business.success_metrics]) -> [business_report]
2025-09-15 21:09:34,439 - kedro.io.data_catalog - INFO - Saving data to [dark_orange]business_report[/dark_orange] (CSVDataset)...
2025-09-15 21:09:34,509 - kedro.runner.sequential_runner - INFO - Completed node: business_report_node
2025-09-15 21:09:34,510 - kedro.runner.sequential_runner - INFO - Completed 1 out of 12 tasks
2025-09-15 21:09:34,512 - kedro.io.data_catalog - INFO - Loading data from [dark_orange]games_raw[/dark_orange] (CSVDataset)...
2025-09-15 21:09:34,535 - kedro.io.data_catalog - INFO - Loading data from [dark_orange]params:prep.drop_duplicates[/dark_orange] (MemoryDataset)...
2025-09-15 21:09:34,539 - kedro.io.data_catalog - INFO - Loading data from [dark_orange]params:prep.drop_all_null_cols[/dark_orange] (MemoryDataset)...
2025-09-15 21:09:34,543 - kedro.io.data_catalog - INFO - Loading data from [dark_orange]params:prep.fillna_strategy[/dark_orange] (MemoryDataset)...
2025-09-15 21:09:34,546 - kedro.pipeline.node - INFO - Running node: clean_games: clean_dataset([games_raw;params:prep.drop_duplicates;params:prep.drop_all_null_cols;params:prep.fillna_strategy]) -> [games_clean]
2025-09-15 21:09:34,568 - kedro.io.data_catalog - INFO - Saving data to [dark_orange]games_clean[/dark_orange] (ParquetDataset)...
2025-09-15 21:09:34,608 - kedro.runner.sequential_runner - INFO - Completed node: clean_games
2025-09-15 21:09:34,609 - kedro.runner.sequential_runner - INFO - Completed 2 out of 12 tasks
2025-09-15 21:09:34,611 - kedro.io.data_catalog - INFO - Loading data from [dark_orange]steam_raw[/dark_orange] (CSVDataset)...
2025-09-15 21:09:34,760 - kedro.io.data_catalog - INFO - Loading data from [dark_orange]params:prep.drop_duplicates[/dark_orange] (MemoryDataset)...
2025-09-15 21:09:34,763 - kedro.io.data_catalog - INFO - Loading data from [dark_orange]params:prep.drop_all_null_cols[/dark_orange] (MemoryDataset)...
2025-09-15 21:09:34,766 - kedro.io.data_catalog - INFO - Loading data from [dark_orange]params:prep.fillna_strategy[/dark_orange] (MemoryDataset)...
2025-09-15 21:09:34,769 - kedro.pipeline.node - INFO - Running node: clean_steam: clean_dataset([steam_raw;params:prep.drop_duplicates;params:prep.drop_all_null_cols;params:prep.fillna_strategy]) -> [steam_clean]
2025-09-15 21:09:34,877 - kedro.io.data_catalog - INFO - Saving data to [dark_orange]steam_clean[/dark_orange] (ParquetDataset)...
2025-09-15 21:09:35,018 - kedro.runner.sequential_runner - INFO - Completed node: clean_steam
2025-09-15 21:09:35,020 - kedro.runner.sequential_runner - INFO - Completed 3 out of 12 tasks
2025-09-15 21:09:35,022 - kedro.io.data_catalog - INFO - Loading data from [dark_orange]vg_sales_raw[/dark_orange] (CSVDataset)...
2025-09-15 21:09:35,073 - kedro.io.data_catalog - INFO - Loading data from [dark_orange]params:prep.drop_duplicates[/dark_orange] (MemoryDataset)...
2025-09-15 21:09:35,076 - kedro.io.data_catalog - INFO - Loading data from [dark_orange]params:prep.drop_all_null_cols[/dark_orange] (MemoryDataset)...
2025-09-15 21:09:35,079 - kedro.io.data_catalog - INFO - Loading data from [dark_orange]params:prep.fillna_strategy[/dark_orange] (MemoryDataset)...
2025-09-15 21:09:35,082 - kedro.pipeline.node - INFO - Running node: clean_vg_sales: clean_dataset([vg_sales_raw;params:prep.drop_duplicates;params:prep.drop_all_null_cols;params:prep.fillna_strategy]) -> [vg_sales_clean]
2025-09-15 21:09:35,124 - kedro.io.data_catalog - INFO - Saving data to [dark_orange]vg_sales_clean[/dark_orange] (ParquetDataset)...
2025-09-15 21:09:35,135 - kedro.runner.sequential_runner - WARNING - There are 9 nodes that have not run.
You can resume the pipeline run from the nearest nodes with persisted inputs by adding the following argument to your previous command:
  --from-nodes "clean_vg_sales,dataset_inventory_node,eda_summary_node,features_games,features_steam,games_describe_node,steam_describe_node,vg_sales_describe_node"
2025-09-15 21:13:24,229 - kedro.framework.project - INFO - Using 'conf\logging.yml' as logging configuration. You can change this by setting the KEDRO_LOGGING_CONFIG environment variable accordingly.
2025-09-15 21:13:25,507 - kedro.framework.session.session - INFO - Kedro project machinegame
2025-09-15 21:13:26,607 - kedro_telemetry.plugin - INFO - Kedro is sending anonymous usage data with the sole purpose of improving the product. No personal data or IP addresses are stored on our side. To opt out, set the `KEDRO_DISABLE_TELEMETRY` or `DO_NOT_TRACK` environment variables, or create a `.telemetry` file in the current working directory with the contents `consent: false`. To hide this message, explicitly grant or deny consent. Read more at https://docs.kedro.org/en/stable/configuration/telemetry.html
2025-09-15 21:15:46,293 - kedro.framework.project - INFO - Using 'conf\logging.yml' as logging configuration. You can change this by setting the KEDRO_LOGGING_CONFIG environment variable accordingly.
2025-09-15 21:15:47,539 - kedro.framework.session.session - INFO - Kedro project machinegame
2025-09-15 21:15:48,711 - kedro_telemetry.plugin - INFO - Kedro is sending anonymous usage data with the sole purpose of improving the product. No personal data or IP addresses are stored on our side. To opt out, set the `KEDRO_DISABLE_TELEMETRY` or `DO_NOT_TRACK` environment variables, or create a `.telemetry` file in the current working directory with the contents `consent: false`. To hide this message, explicitly grant or deny consent. Read more at https://docs.kedro.org/en/stable/configuration/telemetry.html
2025-09-15 21:15:50,560 - kedro.runner.sequential_runner - INFO - Using synchronous mode for loading and saving data. Use the --async flag for potential performance gains. https://docs.kedro.org/en/stable/nodes_and_pipelines/run_a_pipeline.html#load-and-save-asynchronously
2025-09-15 21:15:50,563 - kedro.io.data_catalog - INFO - Loading data from [dark_orange]params:business.objectives[/dark_orange] (MemoryDataset)...
2025-09-15 21:15:50,567 - kedro.io.data_catalog - INFO - Loading data from [dark_orange]params:business.questions[/dark_orange] (MemoryDataset)...
2025-09-15 21:15:50,570 - kedro.io.data_catalog - INFO - Loading data from [dark_orange]params:business.success_metrics[/dark_orange] (MemoryDataset)...
2025-09-15 21:15:50,573 - kedro.pipeline.node - INFO - Running node: business_report_node: build_business_report([params:business.objectives;params:business.questions;params:business.success_metrics]) -> [business_report]
2025-09-15 21:15:50,577 - kedro.io.data_catalog - INFO - Saving data to [dark_orange]business_report[/dark_orange] (CSVDataset)...
2025-09-15 21:15:50,592 - kedro.runner.sequential_runner - INFO - Completed node: business_report_node
2025-09-15 21:15:50,594 - kedro.runner.sequential_runner - INFO - Completed 1 out of 12 tasks
2025-09-15 21:15:50,596 - kedro.io.data_catalog - INFO - Loading data from [dark_orange]games_raw[/dark_orange] (CSVDataset)...
2025-09-15 21:15:50,621 - kedro.io.data_catalog - INFO - Loading data from [dark_orange]params:prep.drop_duplicates[/dark_orange] (MemoryDataset)...
2025-09-15 21:15:50,625 - kedro.io.data_catalog - INFO - Loading data from [dark_orange]params:prep.drop_all_null_cols[/dark_orange] (MemoryDataset)...
2025-09-15 21:15:50,628 - kedro.io.data_catalog - INFO - Loading data from [dark_orange]params:prep.fillna_strategy[/dark_orange] (MemoryDataset)...
2025-09-15 21:15:50,631 - kedro.pipeline.node - INFO - Running node: clean_games: clean_dataset([games_raw;params:prep.drop_duplicates;params:prep.drop_all_null_cols;params:prep.fillna_strategy]) -> [games_clean]
2025-09-15 21:15:50,661 - kedro.io.data_catalog - INFO - Saving data to [dark_orange]games_clean[/dark_orange] (ParquetDataset)...
2025-09-15 21:15:50,704 - kedro.runner.sequential_runner - INFO - Completed node: clean_games
2025-09-15 21:15:50,706 - kedro.runner.sequential_runner - INFO - Completed 2 out of 12 tasks
2025-09-15 21:15:50,708 - kedro.io.data_catalog - INFO - Loading data from [dark_orange]steam_raw[/dark_orange] (CSVDataset)...
2025-09-15 21:15:50,860 - kedro.io.data_catalog - INFO - Loading data from [dark_orange]params:prep.drop_duplicates[/dark_orange] (MemoryDataset)...
2025-09-15 21:15:50,864 - kedro.io.data_catalog - INFO - Loading data from [dark_orange]params:prep.drop_all_null_cols[/dark_orange] (MemoryDataset)...
2025-09-15 21:15:50,867 - kedro.io.data_catalog - INFO - Loading data from [dark_orange]params:prep.fillna_strategy[/dark_orange] (MemoryDataset)...
2025-09-15 21:15:50,870 - kedro.pipeline.node - INFO - Running node: clean_steam: clean_dataset([steam_raw;params:prep.drop_duplicates;params:prep.drop_all_null_cols;params:prep.fillna_strategy]) -> [steam_clean]
2025-09-15 21:15:51,005 - kedro.io.data_catalog - INFO - Saving data to [dark_orange]steam_clean[/dark_orange] (ParquetDataset)...
2025-09-15 21:15:51,172 - kedro.runner.sequential_runner - INFO - Completed node: clean_steam
2025-09-15 21:15:51,175 - kedro.runner.sequential_runner - INFO - Completed 3 out of 12 tasks
2025-09-15 21:15:51,176 - kedro.io.data_catalog - INFO - Loading data from [dark_orange]vg_sales_raw[/dark_orange] (CSVDataset)...
2025-09-15 21:15:51,226 - kedro.io.data_catalog - INFO - Loading data from [dark_orange]params:prep.drop_duplicates[/dark_orange] (MemoryDataset)...
2025-09-15 21:15:51,229 - kedro.io.data_catalog - INFO - Loading data from [dark_orange]params:prep.drop_all_null_cols[/dark_orange] (MemoryDataset)...
2025-09-15 21:15:51,232 - kedro.io.data_catalog - INFO - Loading data from [dark_orange]params:prep.fillna_strategy[/dark_orange] (MemoryDataset)...
2025-09-15 21:15:51,237 - kedro.pipeline.node - INFO - Running node: clean_vg_sales: clean_dataset([vg_sales_raw;params:prep.drop_duplicates;params:prep.drop_all_null_cols;params:prep.fillna_strategy]) -> [vg_sales_clean]
2025-09-15 21:15:51,287 - kedro.io.data_catalog - INFO - Saving data to [dark_orange]vg_sales_clean[/dark_orange] (ParquetDataset)...
2025-09-15 21:15:51,329 - kedro.runner.sequential_runner - INFO - Completed node: clean_vg_sales
2025-09-15 21:15:51,330 - kedro.runner.sequential_runner - INFO - Completed 4 out of 12 tasks
2025-09-15 21:15:51,332 - kedro.io.data_catalog - INFO - Loading data from [dark_orange]params:paths.games_raw[/dark_orange] (MemoryDataset)...
2025-09-15 21:15:51,336 - kedro.io.data_catalog - INFO - Loading data from [dark_orange]params:paths.steam_raw[/dark_orange] (MemoryDataset)...
2025-09-15 21:15:51,339 - kedro.io.data_catalog - INFO - Loading data from [dark_orange]params:paths.vg_sales_raw[/dark_orange] (MemoryDataset)...
2025-09-15 21:15:51,342 - kedro.pipeline.node - INFO - Running node: dataset_inventory_node: inventory_raw_datasets([params:paths.games_raw;params:paths.steam_raw;params:paths.vg_sales_raw]) -> [dataset_inventory]
2025-09-15 21:15:51,364 - kedro.io.data_catalog - INFO - Saving data to [dark_orange]dataset_inventory[/dark_orange] (CSVDataset)...
2025-09-15 21:15:51,370 - kedro.runner.sequential_runner - INFO - Completed node: dataset_inventory_node
2025-09-15 21:15:51,372 - kedro.runner.sequential_runner - INFO - Completed 5 out of 12 tasks
2025-09-15 21:15:51,374 - kedro.io.data_catalog - INFO - Loading data from [dark_orange]games_raw[/dark_orange] (CSVDataset)...
2025-09-15 21:15:51,393 - kedro.io.data_catalog - INFO - Loading data from [dark_orange]steam_raw[/dark_orange] (CSVDataset)...
2025-09-15 21:15:51,537 - kedro.io.data_catalog - INFO - Loading data from [dark_orange]vg_sales_raw[/dark_orange] (CSVDataset)...
2025-09-15 21:15:51,589 - kedro.pipeline.node - INFO - Running node: eda_summary_node: summarize_datasets([games_raw;steam_raw;vg_sales_raw]) -> [eda_summary]
2025-09-15 21:15:51,612 - kedro.io.data_catalog - INFO - Saving data to [dark_orange]eda_summary[/dark_orange] (CSVDataset)...
2025-09-15 21:15:51,622 - kedro.runner.sequential_runner - INFO - Completed node: eda_summary_node
2025-09-15 21:15:51,624 - kedro.runner.sequential_runner - INFO - Completed 6 out of 12 tasks
2025-09-15 21:15:51,626 - kedro.io.data_catalog - INFO - Loading data from [dark_orange]games_raw[/dark_orange] (CSVDataset)...
2025-09-15 21:15:51,647 - kedro.io.data_catalog - INFO - Loading data from [dark_orange]params:paths.games_raw[/dark_orange] (MemoryDataset)...
2025-09-15 21:15:51,651 - kedro.pipeline.node - INFO - Running node: games_describe_node: describe_dataset([games_raw;params:paths.games_raw]) -> [games_describe]
2025-09-15 21:15:51,654 - kedro.pipeline.node - ERROR - Node games_describe_node: describe_dataset([games_raw;params:paths.games_raw]) -> [games_describe] failed with error: 
NDFrame.describe() got an unexpected keyword argument 'datetime_is_numeric'
2025-09-15 21:15:51,662 - kedro.runner.sequential_runner - WARNING - There are 6 nodes that have not run.
You can resume the pipeline run from the nearest nodes with persisted inputs by adding the following argument to your previous command:
  --from-nodes "features_games,features_steam,features_vg_sales,games_describe_node,steam_describe_node,vg_sales_describe_node"
2025-09-15 21:17:41,983 - kedro.framework.project - INFO - Using 'conf\logging.yml' as logging configuration. You can change this by setting the KEDRO_LOGGING_CONFIG environment variable accordingly.
2025-09-15 21:17:43,239 - kedro.framework.session.session - INFO - Kedro project machinegame
2025-09-15 21:17:44,521 - kedro_telemetry.plugin - INFO - Kedro is sending anonymous usage data with the sole purpose of improving the product. No personal data or IP addresses are stored on our side. To opt out, set the `KEDRO_DISABLE_TELEMETRY` or `DO_NOT_TRACK` environment variables, or create a `.telemetry` file in the current working directory with the contents `consent: false`. To hide this message, explicitly grant or deny consent. Read more at https://docs.kedro.org/en/stable/configuration/telemetry.html
2025-09-15 21:17:45,518 - kedro_viz.integrations.kedro.run_hooks - WARNING - Workflow tracking is disabled during partial pipeline runs (executed using --from-nodes, --to-nodes, --tags, --pipeline, and more). `.viz/kedro_pipeline_events.json` will be created only during a full kedro run. See issue https://github.com/kedro-org/kedro-viz/issues/2443 for more details.
2025-09-15 21:17:46,320 - kedro.runner.sequential_runner - INFO - Using synchronous mode for loading and saving data. Use the --async flag for potential performance gains. https://docs.kedro.org/en/stable/nodes_and_pipelines/run_a_pipeline.html#load-and-save-asynchronously
2025-09-15 21:17:46,322 - kedro.io.data_catalog - INFO - Loading data from [dark_orange]params:business.objectives[/dark_orange] (MemoryDataset)...
2025-09-15 21:17:46,326 - kedro.io.data_catalog - INFO - Loading data from [dark_orange]params:business.questions[/dark_orange] (MemoryDataset)...
2025-09-15 21:17:46,329 - kedro.io.data_catalog - INFO - Loading data from [dark_orange]params:business.success_metrics[/dark_orange] (MemoryDataset)...
2025-09-15 21:17:46,334 - kedro.pipeline.node - INFO - Running node: business_report_node: build_business_report([params:business.objectives;params:business.questions;params:business.success_metrics]) -> [business_report]
2025-09-15 21:17:46,339 - kedro.io.data_catalog - INFO - Saving data to [dark_orange]business_report[/dark_orange] (CSVDataset)...
2025-09-15 21:17:46,354 - kedro.runner.sequential_runner - INFO - Completed node: business_report_node
2025-09-15 21:17:46,356 - kedro.runner.sequential_runner - INFO - Completed 1 out of 2 tasks
2025-09-15 21:17:46,358 - kedro.io.data_catalog - INFO - Loading data from [dark_orange]params:paths.games_raw[/dark_orange] (MemoryDataset)...
2025-09-15 21:17:46,361 - kedro.io.data_catalog - INFO - Loading data from [dark_orange]params:paths.steam_raw[/dark_orange] (MemoryDataset)...
2025-09-15 21:17:46,364 - kedro.io.data_catalog - INFO - Loading data from [dark_orange]params:paths.vg_sales_raw[/dark_orange] (MemoryDataset)...
2025-09-15 21:17:46,368 - kedro.pipeline.node - INFO - Running node: dataset_inventory_node: inventory_raw_datasets([params:paths.games_raw;params:paths.steam_raw;params:paths.vg_sales_raw]) -> [dataset_inventory]
2025-09-15 21:17:46,398 - kedro.io.data_catalog - INFO - Saving data to [dark_orange]dataset_inventory[/dark_orange] (CSVDataset)...
2025-09-15 21:17:46,402 - kedro.runner.sequential_runner - INFO - Completed node: dataset_inventory_node
2025-09-15 21:17:46,404 - kedro.runner.sequential_runner - INFO - Completed 2 out of 2 tasks
2025-09-15 21:17:46,405 - kedro.runner.sequential_runner - INFO - Pipeline execution completed successfully in 0.1 sec.
2025-09-15 21:18:36,824 - kedro.framework.project - INFO - Using 'conf\logging.yml' as logging configuration. You can change this by setting the KEDRO_LOGGING_CONFIG environment variable accordingly.
2025-09-15 21:18:38,055 - kedro.framework.session.session - INFO - Kedro project machinegame
2025-09-15 21:18:39,340 - kedro_telemetry.plugin - INFO - Kedro is sending anonymous usage data with the sole purpose of improving the product. No personal data or IP addresses are stored on our side. To opt out, set the `KEDRO_DISABLE_TELEMETRY` or `DO_NOT_TRACK` environment variables, or create a `.telemetry` file in the current working directory with the contents `consent: false`. To hide this message, explicitly grant or deny consent. Read more at https://docs.kedro.org/en/stable/configuration/telemetry.html
2025-09-15 21:18:41,193 - kedro.runner.sequential_runner - INFO - Using synchronous mode for loading and saving data. Use the --async flag for potential performance gains. https://docs.kedro.org/en/stable/nodes_and_pipelines/run_a_pipeline.html#load-and-save-asynchronously
2025-09-15 21:18:41,197 - kedro.io.data_catalog - INFO - Loading data from [dark_orange]params:business.objectives[/dark_orange] (MemoryDataset)...
2025-09-15 21:18:41,201 - kedro.io.data_catalog - INFO - Loading data from [dark_orange]params:business.questions[/dark_orange] (MemoryDataset)...
2025-09-15 21:18:41,203 - kedro.io.data_catalog - INFO - Loading data from [dark_orange]params:business.success_metrics[/dark_orange] (MemoryDataset)...
2025-09-15 21:18:41,207 - kedro.pipeline.node - INFO - Running node: business_report_node: build_business_report([params:business.objectives;params:business.questions;params:business.success_metrics]) -> [business_report]
2025-09-15 21:18:41,211 - kedro.io.data_catalog - INFO - Saving data to [dark_orange]business_report[/dark_orange] (CSVDataset)...
2025-09-15 21:18:41,228 - kedro.runner.sequential_runner - INFO - Completed node: business_report_node
2025-09-15 21:18:41,230 - kedro.runner.sequential_runner - INFO - Completed 1 out of 12 tasks
2025-09-15 21:18:41,232 - kedro.io.data_catalog - INFO - Loading data from [dark_orange]games_raw[/dark_orange] (CSVDataset)...
2025-09-15 21:18:41,256 - kedro.io.data_catalog - INFO - Loading data from [dark_orange]params:prep.drop_duplicates[/dark_orange] (MemoryDataset)...
2025-09-15 21:18:41,259 - kedro.io.data_catalog - INFO - Loading data from [dark_orange]params:prep.drop_all_null_cols[/dark_orange] (MemoryDataset)...
2025-09-15 21:18:41,262 - kedro.io.data_catalog - INFO - Loading data from [dark_orange]params:prep.fillna_strategy[/dark_orange] (MemoryDataset)...
2025-09-15 21:18:41,268 - kedro.pipeline.node - INFO - Running node: clean_games: clean_dataset([games_raw;params:prep.drop_duplicates;params:prep.drop_all_null_cols;params:prep.fillna_strategy]) -> [games_clean]
2025-09-15 21:18:41,299 - kedro.io.data_catalog - INFO - Saving data to [dark_orange]games_clean[/dark_orange] (ParquetDataset)...
2025-09-15 21:18:41,344 - kedro.runner.sequential_runner - INFO - Completed node: clean_games
2025-09-15 21:18:41,345 - kedro.runner.sequential_runner - INFO - Completed 2 out of 12 tasks
2025-09-15 21:18:41,347 - kedro.io.data_catalog - INFO - Loading data from [dark_orange]steam_raw[/dark_orange] (CSVDataset)...
2025-09-15 21:18:41,504 - kedro.io.data_catalog - INFO - Loading data from [dark_orange]params:prep.drop_duplicates[/dark_orange] (MemoryDataset)...
2025-09-15 21:18:41,507 - kedro.io.data_catalog - INFO - Loading data from [dark_orange]params:prep.drop_all_null_cols[/dark_orange] (MemoryDataset)...
2025-09-15 21:18:41,510 - kedro.io.data_catalog - INFO - Loading data from [dark_orange]params:prep.fillna_strategy[/dark_orange] (MemoryDataset)...
2025-09-15 21:18:41,514 - kedro.pipeline.node - INFO - Running node: clean_steam: clean_dataset([steam_raw;params:prep.drop_duplicates;params:prep.drop_all_null_cols;params:prep.fillna_strategy]) -> [steam_clean]
2025-09-15 21:18:41,677 - kedro.io.data_catalog - INFO - Saving data to [dark_orange]steam_clean[/dark_orange] (ParquetDataset)...
2025-09-15 21:18:41,836 - kedro.runner.sequential_runner - INFO - Completed node: clean_steam
2025-09-15 21:18:41,838 - kedro.runner.sequential_runner - INFO - Completed 3 out of 12 tasks
2025-09-15 21:18:41,839 - kedro.io.data_catalog - INFO - Loading data from [dark_orange]vg_sales_raw[/dark_orange] (CSVDataset)...
2025-09-15 21:18:41,895 - kedro.io.data_catalog - INFO - Loading data from [dark_orange]params:prep.drop_duplicates[/dark_orange] (MemoryDataset)...
2025-09-15 21:18:41,901 - kedro.io.data_catalog - INFO - Loading data from [dark_orange]params:prep.drop_all_null_cols[/dark_orange] (MemoryDataset)...
2025-09-15 21:18:41,906 - kedro.io.data_catalog - INFO - Loading data from [dark_orange]params:prep.fillna_strategy[/dark_orange] (MemoryDataset)...
2025-09-15 21:18:41,909 - kedro.pipeline.node - INFO - Running node: clean_vg_sales: clean_dataset([vg_sales_raw;params:prep.drop_duplicates;params:prep.drop_all_null_cols;params:prep.fillna_strategy]) -> [vg_sales_clean]
2025-09-15 21:18:41,969 - kedro.io.data_catalog - INFO - Saving data to [dark_orange]vg_sales_clean[/dark_orange] (ParquetDataset)...
2025-09-15 21:18:42,017 - kedro.runner.sequential_runner - INFO - Completed node: clean_vg_sales
2025-09-15 21:18:42,019 - kedro.runner.sequential_runner - INFO - Completed 4 out of 12 tasks
2025-09-15 21:18:42,021 - kedro.io.data_catalog - INFO - Loading data from [dark_orange]params:paths.games_raw[/dark_orange] (MemoryDataset)...
2025-09-15 21:18:42,025 - kedro.io.data_catalog - INFO - Loading data from [dark_orange]params:paths.steam_raw[/dark_orange] (MemoryDataset)...
2025-09-15 21:18:42,028 - kedro.io.data_catalog - INFO - Loading data from [dark_orange]params:paths.vg_sales_raw[/dark_orange] (MemoryDataset)...
2025-09-15 21:18:42,032 - kedro.pipeline.node - INFO - Running node: dataset_inventory_node: inventory_raw_datasets([params:paths.games_raw;params:paths.steam_raw;params:paths.vg_sales_raw]) -> [dataset_inventory]
2025-09-15 21:18:42,099 - kedro.io.data_catalog - INFO - Saving data to [dark_orange]dataset_inventory[/dark_orange] (CSVDataset)...
2025-09-15 21:18:42,110 - kedro.runner.sequential_runner - INFO - Completed node: dataset_inventory_node
2025-09-15 21:18:42,112 - kedro.runner.sequential_runner - INFO - Completed 5 out of 12 tasks
2025-09-15 21:18:42,114 - kedro.io.data_catalog - INFO - Loading data from [dark_orange]games_raw[/dark_orange] (CSVDataset)...
2025-09-15 21:18:42,143 - kedro.io.data_catalog - INFO - Loading data from [dark_orange]steam_raw[/dark_orange] (CSVDataset)...
2025-09-15 21:18:42,311 - kedro.io.data_catalog - INFO - Loading data from [dark_orange]vg_sales_raw[/dark_orange] (CSVDataset)...
2025-09-15 21:18:42,368 - kedro.pipeline.node - INFO - Running node: eda_summary_node: summarize_datasets([games_raw;steam_raw;vg_sales_raw]) -> [eda_summary]
2025-09-15 21:18:42,393 - kedro.io.data_catalog - INFO - Saving data to [dark_orange]eda_summary[/dark_orange] (CSVDataset)...
2025-09-15 21:18:42,403 - kedro.runner.sequential_runner - INFO - Completed node: eda_summary_node
2025-09-15 21:18:42,404 - kedro.runner.sequential_runner - INFO - Completed 6 out of 12 tasks
2025-09-15 21:18:42,407 - kedro.io.data_catalog - INFO - Loading data from [dark_orange]games_raw[/dark_orange] (CSVDataset)...
2025-09-15 21:18:42,436 - kedro.io.data_catalog - INFO - Loading data from [dark_orange]params:paths.games_raw[/dark_orange] (MemoryDataset)...
2025-09-15 21:18:42,441 - kedro.pipeline.node - INFO - Running node: games_describe_node: describe_dataset([games_raw;params:paths.games_raw]) -> [games_describe]
2025-09-15 21:18:42,443 - kedro.pipeline.node - ERROR - Node games_describe_node: describe_dataset([games_raw;params:paths.games_raw]) -> [games_describe] failed with error: 
NDFrame.describe() got an unexpected keyword argument 'datetime_is_numeric'
2025-09-15 21:18:42,456 - kedro.runner.sequential_runner - WARNING - There are 6 nodes that have not run.
You can resume the pipeline run from the nearest nodes with persisted inputs by adding the following argument to your previous command:
  --from-nodes "features_games,features_steam,features_vg_sales,games_describe_node,steam_describe_node,vg_sales_describe_node"
2025-09-15 21:25:12,631 - kedro.framework.project - INFO - Using 'conf\logging.yml' as logging configuration. You can change this by setting the KEDRO_LOGGING_CONFIG environment variable accordingly.
2025-09-15 21:25:13,807 - kedro.framework.session.session - INFO - Kedro project machinegame
2025-09-15 21:25:14,947 - kedro_telemetry.plugin - INFO - Kedro is sending anonymous usage data with the sole purpose of improving the product. No personal data or IP addresses are stored on our side. To opt out, set the `KEDRO_DISABLE_TELEMETRY` or `DO_NOT_TRACK` environment variables, or create a `.telemetry` file in the current working directory with the contents `consent: false`. To hide this message, explicitly grant or deny consent. Read more at https://docs.kedro.org/en/stable/configuration/telemetry.html
2025-09-15 21:25:16,716 - kedro.runner.sequential_runner - INFO - Using synchronous mode for loading and saving data. Use the --async flag for potential performance gains. https://docs.kedro.org/en/stable/nodes_and_pipelines/run_a_pipeline.html#load-and-save-asynchronously
2025-09-15 21:25:16,719 - kedro.io.data_catalog - INFO - Loading data from [dark_orange]params:business.objectives[/dark_orange] (MemoryDataset)...
2025-09-15 21:25:16,723 - kedro.io.data_catalog - INFO - Loading data from [dark_orange]params:business.questions[/dark_orange] (MemoryDataset)...
2025-09-15 21:25:16,726 - kedro.io.data_catalog - INFO - Loading data from [dark_orange]params:business.success_metrics[/dark_orange] (MemoryDataset)...
2025-09-15 21:25:16,730 - kedro.pipeline.node - INFO - Running node: business_report_node: build_business_report([params:business.objectives;params:business.questions;params:business.success_metrics]) -> [business_report]
2025-09-15 21:25:16,736 - kedro.io.data_catalog - INFO - Saving data to [dark_orange]business_report[/dark_orange] (CSVDataset)...
2025-09-15 21:25:16,754 - kedro.runner.sequential_runner - INFO - Completed node: business_report_node
2025-09-15 21:25:16,755 - kedro.runner.sequential_runner - INFO - Completed 1 out of 12 tasks
2025-09-15 21:25:16,758 - kedro.io.data_catalog - INFO - Loading data from [dark_orange]games_raw[/dark_orange] (CSVDataset)...
2025-09-15 21:25:16,785 - kedro.io.data_catalog - INFO - Loading data from [dark_orange]params:prep.drop_duplicates[/dark_orange] (MemoryDataset)...
2025-09-15 21:25:16,788 - kedro.io.data_catalog - INFO - Loading data from [dark_orange]params:prep.drop_all_null_cols[/dark_orange] (MemoryDataset)...
2025-09-15 21:25:16,791 - kedro.io.data_catalog - INFO - Loading data from [dark_orange]params:prep.fillna_strategy[/dark_orange] (MemoryDataset)...
2025-09-15 21:25:16,795 - kedro.pipeline.node - INFO - Running node: clean_games: clean_dataset([games_raw;params:prep.drop_duplicates;params:prep.drop_all_null_cols;params:prep.fillna_strategy]) -> [games_clean]
2025-09-15 21:25:16,823 - kedro.io.data_catalog - INFO - Saving data to [dark_orange]games_clean[/dark_orange] (ParquetDataset)...
2025-09-15 21:25:16,867 - kedro.runner.sequential_runner - INFO - Completed node: clean_games
2025-09-15 21:25:16,869 - kedro.runner.sequential_runner - INFO - Completed 2 out of 12 tasks
2025-09-15 21:25:16,871 - kedro.io.data_catalog - INFO - Loading data from [dark_orange]steam_raw[/dark_orange] (CSVDataset)...
2025-09-15 21:25:17,008 - kedro.io.data_catalog - INFO - Loading data from [dark_orange]params:prep.drop_duplicates[/dark_orange] (MemoryDataset)...
2025-09-15 21:25:17,013 - kedro.io.data_catalog - INFO - Loading data from [dark_orange]params:prep.drop_all_null_cols[/dark_orange] (MemoryDataset)...
2025-09-15 21:25:17,015 - kedro.io.data_catalog - INFO - Loading data from [dark_orange]params:prep.fillna_strategy[/dark_orange] (MemoryDataset)...
2025-09-15 21:25:17,018 - kedro.pipeline.node - INFO - Running node: clean_steam: clean_dataset([steam_raw;params:prep.drop_duplicates;params:prep.drop_all_null_cols;params:prep.fillna_strategy]) -> [steam_clean]
2025-09-15 21:25:17,146 - kedro.io.data_catalog - INFO - Saving data to [dark_orange]steam_clean[/dark_orange] (ParquetDataset)...
2025-09-15 21:25:17,300 - kedro.runner.sequential_runner - INFO - Completed node: clean_steam
2025-09-15 21:25:17,301 - kedro.runner.sequential_runner - INFO - Completed 3 out of 12 tasks
2025-09-15 21:25:17,303 - kedro.io.data_catalog - INFO - Loading data from [dark_orange]vg_sales_raw[/dark_orange] (CSVDataset)...
2025-09-15 21:25:17,354 - kedro.io.data_catalog - INFO - Loading data from [dark_orange]params:prep.drop_duplicates[/dark_orange] (MemoryDataset)...
2025-09-15 21:25:17,357 - kedro.io.data_catalog - INFO - Loading data from [dark_orange]params:prep.drop_all_null_cols[/dark_orange] (MemoryDataset)...
2025-09-15 21:25:17,360 - kedro.io.data_catalog - INFO - Loading data from [dark_orange]params:prep.fillna_strategy[/dark_orange] (MemoryDataset)...
2025-09-15 21:25:17,364 - kedro.pipeline.node - INFO - Running node: clean_vg_sales: clean_dataset([vg_sales_raw;params:prep.drop_duplicates;params:prep.drop_all_null_cols;params:prep.fillna_strategy]) -> [vg_sales_clean]
2025-09-15 21:25:17,415 - kedro.io.data_catalog - INFO - Saving data to [dark_orange]vg_sales_clean[/dark_orange] (ParquetDataset)...
2025-09-15 21:25:17,459 - kedro.runner.sequential_runner - INFO - Completed node: clean_vg_sales
2025-09-15 21:25:17,461 - kedro.runner.sequential_runner - INFO - Completed 4 out of 12 tasks
2025-09-15 21:25:17,464 - kedro.io.data_catalog - INFO - Loading data from [dark_orange]params:paths.games_raw[/dark_orange] (MemoryDataset)...
2025-09-15 21:25:17,466 - kedro.io.data_catalog - INFO - Loading data from [dark_orange]params:paths.steam_raw[/dark_orange] (MemoryDataset)...
2025-09-15 21:25:17,469 - kedro.io.data_catalog - INFO - Loading data from [dark_orange]params:paths.vg_sales_raw[/dark_orange] (MemoryDataset)...
2025-09-15 21:25:17,473 - kedro.pipeline.node - INFO - Running node: dataset_inventory_node: inventory_raw_datasets([params:paths.games_raw;params:paths.steam_raw;params:paths.vg_sales_raw]) -> [dataset_inventory]
2025-09-15 21:25:17,498 - kedro.io.data_catalog - INFO - Saving data to [dark_orange]dataset_inventory[/dark_orange] (CSVDataset)...
2025-09-15 21:25:17,504 - kedro.runner.sequential_runner - INFO - Completed node: dataset_inventory_node
2025-09-15 21:25:17,505 - kedro.runner.sequential_runner - INFO - Completed 5 out of 12 tasks
2025-09-15 21:25:17,507 - kedro.io.data_catalog - INFO - Loading data from [dark_orange]games_raw[/dark_orange] (CSVDataset)...
2025-09-15 21:25:17,530 - kedro.io.data_catalog - INFO - Loading data from [dark_orange]steam_raw[/dark_orange] (CSVDataset)...
2025-09-15 21:25:17,681 - kedro.io.data_catalog - INFO - Loading data from [dark_orange]vg_sales_raw[/dark_orange] (CSVDataset)...
2025-09-15 21:25:17,733 - kedro.pipeline.node - INFO - Running node: eda_summary_node: summarize_datasets([games_raw;steam_raw;vg_sales_raw]) -> [eda_summary]
2025-09-15 21:25:17,756 - kedro.io.data_catalog - INFO - Saving data to [dark_orange]eda_summary[/dark_orange] (CSVDataset)...
2025-09-15 21:25:17,763 - kedro.runner.sequential_runner - INFO - Completed node: eda_summary_node
2025-09-15 21:25:17,765 - kedro.runner.sequential_runner - INFO - Completed 6 out of 12 tasks
2025-09-15 21:25:17,766 - kedro.io.data_catalog - INFO - Loading data from [dark_orange]games_raw[/dark_orange] (CSVDataset)...
2025-09-15 21:25:17,787 - kedro.io.data_catalog - INFO - Loading data from [dark_orange]params:paths.games_raw[/dark_orange] (MemoryDataset)...
2025-09-15 21:25:17,789 - kedro.pipeline.node - INFO - Running node: games_describe_node: describe_dataset([games_raw;params:paths.games_raw]) -> [games_describe]
2025-09-15 21:25:17,818 - kedro.io.data_catalog - INFO - Saving data to [dark_orange]games_describe[/dark_orange] (CSVDataset)...
2025-09-15 21:25:17,824 - kedro.runner.sequential_runner - INFO - Completed node: games_describe_node
2025-09-15 21:25:17,827 - kedro.runner.sequential_runner - INFO - Completed 7 out of 12 tasks
2025-09-15 21:25:17,829 - kedro.io.data_catalog - INFO - Loading data from [dark_orange]steam_raw[/dark_orange] (CSVDataset)...
2025-09-15 21:25:17,988 - kedro.io.data_catalog - INFO - Loading data from [dark_orange]params:paths.steam_raw[/dark_orange] (MemoryDataset)...
2025-09-15 21:25:17,991 - kedro.pipeline.node - INFO - Running node: steam_describe_node: describe_dataset([steam_raw;params:paths.steam_raw]) -> [steam_describe]
2025-09-15 21:25:18,071 - kedro.io.data_catalog - INFO - Saving data to [dark_orange]steam_describe[/dark_orange] (CSVDataset)...
2025-09-15 21:25:18,079 - kedro.runner.sequential_runner - INFO - Completed node: steam_describe_node
2025-09-15 21:25:18,081 - kedro.runner.sequential_runner - INFO - Completed 8 out of 12 tasks
2025-09-15 21:25:18,083 - kedro.io.data_catalog - INFO - Loading data from [dark_orange]vg_sales_raw[/dark_orange] (CSVDataset)...
2025-09-15 21:25:18,137 - kedro.io.data_catalog - INFO - Loading data from [dark_orange]params:paths.vg_sales_raw[/dark_orange] (MemoryDataset)...
2025-09-15 21:25:18,140 - kedro.pipeline.node - INFO - Running node: vg_sales_describe_node: describe_dataset([vg_sales_raw;params:paths.vg_sales_raw]) -> [vg_sales_describe]
2025-09-15 21:25:18,198 - kedro.io.data_catalog - INFO - Saving data to [dark_orange]vg_sales_describe[/dark_orange] (CSVDataset)...
2025-09-15 21:25:18,205 - kedro.runner.sequential_runner - INFO - Completed node: vg_sales_describe_node
2025-09-15 21:25:18,206 - kedro.runner.sequential_runner - INFO - Completed 9 out of 12 tasks
2025-09-15 21:25:18,208 - kedro.io.data_catalog - INFO - Loading data from [dark_orange]games_clean[/dark_orange] (ParquetDataset)...
2025-09-15 21:25:18,270 - kedro.pipeline.node - INFO - Running node: features_games: add_basic_features([games_clean]) -> [games_prepared]
2025-09-15 21:25:18,279 - kedro.io.data_catalog - INFO - Saving data to [dark_orange]games_prepared[/dark_orange] (ParquetDataset)...
2025-09-15 21:25:18,305 - kedro.runner.sequential_runner - INFO - Completed node: features_games
2025-09-15 21:25:18,307 - kedro.runner.sequential_runner - INFO - Completed 10 out of 12 tasks
2025-09-15 21:25:18,309 - kedro.io.data_catalog - INFO - Loading data from [dark_orange]steam_clean[/dark_orange] (ParquetDataset)...
2025-09-15 21:25:18,391 - kedro.pipeline.node - INFO - Running node: features_steam: add_basic_features([steam_clean]) -> [steam_prepared]
2025-09-15 21:25:18,449 - kedro.io.data_catalog - INFO - Saving data to [dark_orange]steam_prepared[/dark_orange] (ParquetDataset)...
2025-09-15 21:25:18,635 - kedro.runner.sequential_runner - INFO - Completed node: features_steam
2025-09-15 21:25:18,636 - kedro.runner.sequential_runner - INFO - Completed 11 out of 12 tasks
2025-09-15 21:25:18,639 - kedro.io.data_catalog - INFO - Loading data from [dark_orange]vg_sales_clean[/dark_orange] (ParquetDataset)...
2025-09-15 21:25:18,671 - kedro.pipeline.node - INFO - Running node: features_vg_sales: add_basic_features([vg_sales_clean]) -> [vg_sales_prepared]
2025-09-15 21:25:18,685 - kedro.io.data_catalog - INFO - Saving data to [dark_orange]vg_sales_prepared[/dark_orange] (ParquetDataset)...
2025-09-15 21:25:18,741 - kedro.runner.sequential_runner - INFO - Completed node: features_vg_sales
2025-09-15 21:25:18,743 - kedro.runner.sequential_runner - INFO - Completed 12 out of 12 tasks
2025-09-15 21:25:18,745 - kedro.runner.sequential_runner - INFO - Pipeline execution completed successfully in 2.0 sec.
2025-09-15 21:45:25,915 - kedro.framework.project - INFO - Using 'conf\logging.yml' as logging configuration. You can change this by setting the KEDRO_LOGGING_CONFIG environment variable accordingly.
2025-09-15 21:45:27,094 - kedro.framework.session.session - INFO - Kedro project machinegame
2025-09-15 21:45:28,046 - kedro_telemetry.plugin - INFO - Kedro is sending anonymous usage data with the sole purpose of improving the product. No personal data or IP addresses are stored on our side. To opt out, set the `KEDRO_DISABLE_TELEMETRY` or `DO_NOT_TRACK` environment variables, or create a `.telemetry` file in the current working directory with the contents `consent: false`. To hide this message, explicitly grant or deny consent. Read more at https://docs.kedro.org/en/stable/configuration/telemetry.html
2025-09-15 21:45:29,708 - kedro.runner.sequential_runner - INFO - Using synchronous mode for loading and saving data. Use the --async flag for potential performance gains. https://docs.kedro.org/en/stable/nodes_and_pipelines/run_a_pipeline.html#load-and-save-asynchronously
2025-09-15 21:45:29,710 - kedro.io.data_catalog - INFO - Loading data from [dark_orange]params:business.objectives[/dark_orange] (MemoryDataset)...
2025-09-15 21:45:29,715 - kedro.io.data_catalog - INFO - Loading data from [dark_orange]params:business.questions[/dark_orange] (MemoryDataset)...
2025-09-15 21:45:29,717 - kedro.io.data_catalog - INFO - Loading data from [dark_orange]params:business.success_metrics[/dark_orange] (MemoryDataset)...
2025-09-15 21:45:29,721 - kedro.pipeline.node - INFO - Running node: business_report_node: build_business_report([params:business.objectives;params:business.questions;params:business.success_metrics]) -> [business_report]
2025-09-15 21:45:29,724 - kedro.io.data_catalog - INFO - Saving data to [dark_orange]business_report[/dark_orange] (CSVDataset)...
2025-09-15 21:45:29,739 - kedro.runner.sequential_runner - INFO - Completed node: business_report_node
2025-09-15 21:45:29,741 - kedro.runner.sequential_runner - INFO - Completed 1 out of 12 tasks
2025-09-15 21:45:29,744 - kedro.io.data_catalog - INFO - Loading data from [dark_orange]games_raw[/dark_orange] (CSVDataset)...
2025-09-15 21:45:29,768 - kedro.io.data_catalog - INFO - Loading data from [dark_orange]params:prep.drop_duplicates[/dark_orange] (MemoryDataset)...
2025-09-15 21:45:29,771 - kedro.io.data_catalog - INFO - Loading data from [dark_orange]params:prep.drop_all_null_cols[/dark_orange] (MemoryDataset)...
2025-09-15 21:45:29,775 - kedro.io.data_catalog - INFO - Loading data from [dark_orange]params:prep.fillna_strategy[/dark_orange] (MemoryDataset)...
2025-09-15 21:45:29,780 - kedro.pipeline.node - INFO - Running node: clean_games: clean_dataset([games_raw;params:prep.drop_duplicates;params:prep.drop_all_null_cols;params:prep.fillna_strategy]) -> [games_clean]
2025-09-15 21:45:29,809 - kedro.io.data_catalog - INFO - Saving data to [dark_orange]games_clean[/dark_orange] (ParquetDataset)...
2025-09-15 21:45:29,869 - kedro.runner.sequential_runner - INFO - Completed node: clean_games
2025-09-15 21:45:29,871 - kedro.runner.sequential_runner - INFO - Completed 2 out of 12 tasks
2025-09-15 21:45:29,872 - kedro.io.data_catalog - INFO - Loading data from [dark_orange]steam_raw[/dark_orange] (CSVDataset)...
2025-09-15 21:45:30,015 - kedro.io.data_catalog - INFO - Loading data from [dark_orange]params:prep.drop_duplicates[/dark_orange] (MemoryDataset)...
2025-09-15 21:45:30,019 - kedro.io.data_catalog - INFO - Loading data from [dark_orange]params:prep.drop_all_null_cols[/dark_orange] (MemoryDataset)...
2025-09-15 21:45:30,023 - kedro.io.data_catalog - INFO - Loading data from [dark_orange]params:prep.fillna_strategy[/dark_orange] (MemoryDataset)...
2025-09-15 21:45:30,027 - kedro.pipeline.node - INFO - Running node: clean_steam: clean_dataset([steam_raw;params:prep.drop_duplicates;params:prep.drop_all_null_cols;params:prep.fillna_strategy]) -> [steam_clean]
2025-09-15 21:45:30,163 - kedro.io.data_catalog - INFO - Saving data to [dark_orange]steam_clean[/dark_orange] (ParquetDataset)...
2025-09-15 21:45:30,319 - kedro.runner.sequential_runner - INFO - Completed node: clean_steam
2025-09-15 21:45:30,321 - kedro.runner.sequential_runner - INFO - Completed 3 out of 12 tasks
2025-09-15 21:45:30,323 - kedro.io.data_catalog - INFO - Loading data from [dark_orange]vg_sales_raw[/dark_orange] (CSVDataset)...
2025-09-15 21:45:30,385 - kedro.io.data_catalog - INFO - Loading data from [dark_orange]params:prep.drop_duplicates[/dark_orange] (MemoryDataset)...
2025-09-15 21:45:30,388 - kedro.io.data_catalog - INFO - Loading data from [dark_orange]params:prep.drop_all_null_cols[/dark_orange] (MemoryDataset)...
2025-09-15 21:45:30,393 - kedro.io.data_catalog - INFO - Loading data from [dark_orange]params:prep.fillna_strategy[/dark_orange] (MemoryDataset)...
2025-09-15 21:45:30,396 - kedro.pipeline.node - INFO - Running node: clean_vg_sales: clean_dataset([vg_sales_raw;params:prep.drop_duplicates;params:prep.drop_all_null_cols;params:prep.fillna_strategy]) -> [vg_sales_clean]
2025-09-15 21:45:30,447 - kedro.io.data_catalog - INFO - Saving data to [dark_orange]vg_sales_clean[/dark_orange] (ParquetDataset)...
2025-09-15 21:45:30,490 - kedro.runner.sequential_runner - INFO - Completed node: clean_vg_sales
2025-09-15 21:45:30,492 - kedro.runner.sequential_runner - INFO - Completed 4 out of 12 tasks
2025-09-15 21:45:30,494 - kedro.io.data_catalog - INFO - Loading data from [dark_orange]params:paths.games_raw[/dark_orange] (MemoryDataset)...
2025-09-15 21:45:30,497 - kedro.io.data_catalog - INFO - Loading data from [dark_orange]params:paths.steam_raw[/dark_orange] (MemoryDataset)...
2025-09-15 21:45:30,501 - kedro.io.data_catalog - INFO - Loading data from [dark_orange]params:paths.vg_sales_raw[/dark_orange] (MemoryDataset)...
2025-09-15 21:45:30,504 - kedro.pipeline.node - INFO - Running node: dataset_inventory_node: inventory_raw_datasets([params:paths.games_raw;params:paths.steam_raw;params:paths.vg_sales_raw]) -> [dataset_inventory]
2025-09-15 21:45:30,524 - kedro.io.data_catalog - INFO - Saving data to [dark_orange]dataset_inventory[/dark_orange] (CSVDataset)...
2025-09-15 21:45:30,530 - kedro.runner.sequential_runner - INFO - Completed node: dataset_inventory_node
2025-09-15 21:45:30,532 - kedro.runner.sequential_runner - INFO - Completed 5 out of 12 tasks
2025-09-15 21:45:30,533 - kedro.io.data_catalog - INFO - Loading data from [dark_orange]games_raw[/dark_orange] (CSVDataset)...
2025-09-15 21:45:30,551 - kedro.io.data_catalog - INFO - Loading data from [dark_orange]steam_raw[/dark_orange] (CSVDataset)...
2025-09-15 21:45:30,704 - kedro.io.data_catalog - INFO - Loading data from [dark_orange]vg_sales_raw[/dark_orange] (CSVDataset)...
2025-09-15 21:45:30,760 - kedro.pipeline.node - INFO - Running node: eda_summary_node: summarize_datasets([games_raw;steam_raw;vg_sales_raw]) -> [eda_summary]
2025-09-15 21:45:30,787 - kedro.io.data_catalog - INFO - Saving data to [dark_orange]eda_summary[/dark_orange] (CSVDataset)...
2025-09-15 21:45:30,793 - kedro.runner.sequential_runner - INFO - Completed node: eda_summary_node
2025-09-15 21:45:30,795 - kedro.runner.sequential_runner - INFO - Completed 6 out of 12 tasks
2025-09-15 21:45:30,797 - kedro.io.data_catalog - INFO - Loading data from [dark_orange]games_raw[/dark_orange] (CSVDataset)...
2025-09-15 21:45:30,815 - kedro.io.data_catalog - INFO - Loading data from [dark_orange]params:paths.games_raw[/dark_orange] (MemoryDataset)...
2025-09-15 21:45:30,820 - kedro.pipeline.node - INFO - Running node: games_describe_node: describe_dataset([games_raw;params:paths.games_raw]) -> [games_describe]
2025-09-15 21:45:30,842 - kedro.io.data_catalog - INFO - Saving data to [dark_orange]games_describe[/dark_orange] (CSVDataset)...
2025-09-15 21:45:30,849 - kedro.runner.sequential_runner - INFO - Completed node: games_describe_node
2025-09-15 21:45:30,850 - kedro.runner.sequential_runner - INFO - Completed 7 out of 12 tasks
2025-09-15 21:45:30,852 - kedro.io.data_catalog - INFO - Loading data from [dark_orange]steam_raw[/dark_orange] (CSVDataset)...
2025-09-15 21:45:30,995 - kedro.io.data_catalog - INFO - Loading data from [dark_orange]params:paths.steam_raw[/dark_orange] (MemoryDataset)...
2025-09-15 21:45:30,997 - kedro.pipeline.node - INFO - Running node: steam_describe_node: describe_dataset([steam_raw;params:paths.steam_raw]) -> [steam_describe]
2025-09-15 21:45:31,068 - kedro.io.data_catalog - INFO - Saving data to [dark_orange]steam_describe[/dark_orange] (CSVDataset)...
2025-09-15 21:45:31,074 - kedro.runner.sequential_runner - INFO - Completed node: steam_describe_node
2025-09-15 21:45:31,076 - kedro.runner.sequential_runner - INFO - Completed 8 out of 12 tasks
2025-09-15 21:45:31,077 - kedro.io.data_catalog - INFO - Loading data from [dark_orange]vg_sales_raw[/dark_orange] (CSVDataset)...
2025-09-15 21:45:31,125 - kedro.io.data_catalog - INFO - Loading data from [dark_orange]params:paths.vg_sales_raw[/dark_orange] (MemoryDataset)...
2025-09-15 21:45:31,128 - kedro.pipeline.node - INFO - Running node: vg_sales_describe_node: describe_dataset([vg_sales_raw;params:paths.vg_sales_raw]) -> [vg_sales_describe]
2025-09-15 21:45:31,176 - kedro.io.data_catalog - INFO - Saving data to [dark_orange]vg_sales_describe[/dark_orange] (CSVDataset)...
2025-09-15 21:45:31,182 - kedro.runner.sequential_runner - INFO - Completed node: vg_sales_describe_node
2025-09-15 21:45:31,184 - kedro.runner.sequential_runner - INFO - Completed 9 out of 12 tasks
2025-09-15 21:45:31,185 - kedro.io.data_catalog - INFO - Loading data from [dark_orange]games_clean[/dark_orange] (ParquetDataset)...
2025-09-15 21:45:31,242 - kedro.pipeline.node - INFO - Running node: features_games: add_basic_features([games_clean]) -> [games_prepared]
2025-09-15 21:45:31,250 - kedro.io.data_catalog - INFO - Saving data to [dark_orange]games_prepared[/dark_orange] (ParquetDataset)...
2025-09-15 21:45:31,273 - kedro.runner.sequential_runner - INFO - Completed node: features_games
2025-09-15 21:45:31,275 - kedro.runner.sequential_runner - INFO - Completed 10 out of 12 tasks
2025-09-15 21:45:31,278 - kedro.io.data_catalog - INFO - Loading data from [dark_orange]steam_clean[/dark_orange] (ParquetDataset)...
2025-09-15 21:45:31,351 - kedro.pipeline.node - INFO - Running node: features_steam: add_basic_features([steam_clean]) -> [steam_prepared]
2025-09-15 21:45:31,401 - kedro.io.data_catalog - INFO - Saving data to [dark_orange]steam_prepared[/dark_orange] (ParquetDataset)...
2025-09-15 21:45:31,575 - kedro.runner.sequential_runner - INFO - Completed node: features_steam
2025-09-15 21:45:31,577 - kedro.runner.sequential_runner - INFO - Completed 11 out of 12 tasks
2025-09-15 21:45:31,579 - kedro.io.data_catalog - INFO - Loading data from [dark_orange]vg_sales_clean[/dark_orange] (ParquetDataset)...
2025-09-15 21:45:31,608 - kedro.pipeline.node - INFO - Running node: features_vg_sales: add_basic_features([vg_sales_clean]) -> [vg_sales_prepared]
2025-09-15 21:45:31,622 - kedro.io.data_catalog - INFO - Saving data to [dark_orange]vg_sales_prepared[/dark_orange] (ParquetDataset)...
2025-09-15 21:45:31,674 - kedro.runner.sequential_runner - INFO - Completed node: features_vg_sales
2025-09-15 21:45:31,676 - kedro.runner.sequential_runner - INFO - Completed 12 out of 12 tasks
2025-09-15 21:45:31,678 - kedro.runner.sequential_runner - INFO - Pipeline execution completed successfully in 2.0 sec.
2025-09-15 21:49:03,825 - kedro.framework.project - INFO - Using 'conf\logging.yml' as logging configuration. You can change this by setting the KEDRO_LOGGING_CONFIG environment variable accordingly.
2025-09-15 21:49:05,000 - kedro.framework.session.session - INFO - Kedro project machinegame
2025-09-15 21:49:05,958 - kedro_telemetry.plugin - INFO - Kedro is sending anonymous usage data with the sole purpose of improving the product. No personal data or IP addresses are stored on our side. To opt out, set the `KEDRO_DISABLE_TELEMETRY` or `DO_NOT_TRACK` environment variables, or create a `.telemetry` file in the current working directory with the contents `consent: false`. To hide this message, explicitly grant or deny consent. Read more at https://docs.kedro.org/en/stable/configuration/telemetry.html
2025-09-15 21:49:06,935 - kedro_viz.integrations.kedro.run_hooks - WARNING - Workflow tracking is disabled during partial pipeline runs (executed using --from-nodes, --to-nodes, --tags, --pipeline, and more). `.viz/kedro_pipeline_events.json` will be created only during a full kedro run. See issue https://github.com/kedro-org/kedro-viz/issues/2443 for more details.
2025-09-15 21:49:07,612 - kedro.runner.sequential_runner - INFO - Using synchronous mode for loading and saving data. Use the --async flag for potential performance gains. https://docs.kedro.org/en/stable/nodes_and_pipelines/run_a_pipeline.html#load-and-save-asynchronously
2025-09-15 21:49:07,615 - kedro.io.data_catalog - INFO - Loading data from [dark_orange]games_raw[/dark_orange] (CSVDataset)...
2025-09-15 21:49:07,645 - kedro.io.data_catalog - INFO - Loading data from [dark_orange]steam_raw[/dark_orange] (CSVDataset)...
2025-09-15 21:49:07,783 - kedro.io.data_catalog - INFO - Loading data from [dark_orange]vg_sales_raw[/dark_orange] (CSVDataset)...
2025-09-15 21:49:07,835 - kedro.pipeline.node - INFO - Running node: eda_summary_node: summarize_datasets([games_raw;steam_raw;vg_sales_raw]) -> [eda_summary]
2025-09-15 21:49:07,858 - kedro.io.data_catalog - INFO - Saving data to [dark_orange]eda_summary[/dark_orange] (CSVDataset)...
2025-09-15 21:49:07,867 - kedro.runner.sequential_runner - INFO - Completed node: eda_summary_node
2025-09-15 21:49:07,868 - kedro.runner.sequential_runner - INFO - Completed 1 out of 4 tasks
2025-09-15 21:49:07,870 - kedro.io.data_catalog - INFO - Loading data from [dark_orange]games_raw[/dark_orange] (CSVDataset)...
2025-09-15 21:49:07,888 - kedro.io.data_catalog - INFO - Loading data from [dark_orange]params:paths.games_raw[/dark_orange] (MemoryDataset)...
2025-09-15 21:49:07,891 - kedro.pipeline.node - INFO - Running node: games_describe_node: describe_dataset([games_raw;params:paths.games_raw]) -> [games_describe]
2025-09-15 21:49:07,912 - kedro.io.data_catalog - INFO - Saving data to [dark_orange]games_describe[/dark_orange] (CSVDataset)...
2025-09-15 21:49:07,917 - kedro.runner.sequential_runner - INFO - Completed node: games_describe_node
2025-09-15 21:49:07,919 - kedro.runner.sequential_runner - INFO - Completed 2 out of 4 tasks
2025-09-15 21:49:07,920 - kedro.io.data_catalog - INFO - Loading data from [dark_orange]steam_raw[/dark_orange] (CSVDataset)...
2025-09-15 21:49:08,118 - kedro.io.data_catalog - INFO - Loading data from [dark_orange]params:paths.steam_raw[/dark_orange] (MemoryDataset)...
2025-09-15 21:49:08,122 - kedro.pipeline.node - INFO - Running node: steam_describe_node: describe_dataset([steam_raw;params:paths.steam_raw]) -> [steam_describe]
2025-09-15 21:49:08,189 - kedro.io.data_catalog - INFO - Saving data to [dark_orange]steam_describe[/dark_orange] (CSVDataset)...
2025-09-15 21:49:08,194 - kedro.runner.sequential_runner - INFO - Completed node: steam_describe_node
2025-09-15 21:49:08,195 - kedro.runner.sequential_runner - INFO - Completed 3 out of 4 tasks
2025-09-15 21:49:08,198 - kedro.io.data_catalog - INFO - Loading data from [dark_orange]vg_sales_raw[/dark_orange] (CSVDataset)...
2025-09-15 21:49:08,250 - kedro.io.data_catalog - INFO - Loading data from [dark_orange]params:paths.vg_sales_raw[/dark_orange] (MemoryDataset)...
2025-09-15 21:49:08,253 - kedro.pipeline.node - INFO - Running node: vg_sales_describe_node: describe_dataset([vg_sales_raw;params:paths.vg_sales_raw]) -> [vg_sales_describe]
2025-09-15 21:49:08,304 - kedro.io.data_catalog - INFO - Saving data to [dark_orange]vg_sales_describe[/dark_orange] (CSVDataset)...
2025-09-15 21:49:08,309 - kedro.runner.sequential_runner - INFO - Completed node: vg_sales_describe_node
2025-09-15 21:49:08,312 - kedro.runner.sequential_runner - INFO - Completed 4 out of 4 tasks
2025-09-15 21:49:08,314 - kedro.runner.sequential_runner - INFO - Pipeline execution completed successfully in 0.7 sec.
2025-09-15 21:49:09,428 - kedro.framework.project - INFO - Using 'conf\logging.yml' as logging configuration. You can change this by setting the KEDRO_LOGGING_CONFIG environment variable accordingly.
2025-09-15 21:49:10,457 - kedro.framework.session.session - INFO - Kedro project machinegame
2025-09-15 21:49:11,355 - kedro_telemetry.plugin - INFO - Kedro is sending anonymous usage data with the sole purpose of improving the product. No personal data or IP addresses are stored on our side. To opt out, set the `KEDRO_DISABLE_TELEMETRY` or `DO_NOT_TRACK` environment variables, or create a `.telemetry` file in the current working directory with the contents `consent: false`. To hide this message, explicitly grant or deny consent. Read more at https://docs.kedro.org/en/stable/configuration/telemetry.html
2025-09-15 21:49:12,263 - kedro_viz.integrations.kedro.run_hooks - WARNING - Workflow tracking is disabled during partial pipeline runs (executed using --from-nodes, --to-nodes, --tags, --pipeline, and more). `.viz/kedro_pipeline_events.json` will be created only during a full kedro run. See issue https://github.com/kedro-org/kedro-viz/issues/2443 for more details.
2025-09-15 21:49:12,826 - kedro.runner.sequential_runner - INFO - Using synchronous mode for loading and saving data. Use the --async flag for potential performance gains. https://docs.kedro.org/en/stable/nodes_and_pipelines/run_a_pipeline.html#load-and-save-asynchronously
2025-09-15 21:49:12,829 - kedro.io.data_catalog - INFO - Loading data from [dark_orange]params:business.objectives[/dark_orange] (MemoryDataset)...
2025-09-15 21:49:12,833 - kedro.io.data_catalog - INFO - Loading data from [dark_orange]params:business.questions[/dark_orange] (MemoryDataset)...
2025-09-15 21:49:12,837 - kedro.io.data_catalog - INFO - Loading data from [dark_orange]params:business.success_metrics[/dark_orange] (MemoryDataset)...
2025-09-15 21:49:12,843 - kedro.pipeline.node - INFO - Running node: business_report_node: build_business_report([params:business.objectives;params:business.questions;params:business.success_metrics]) -> [business_report]
2025-09-15 21:49:12,846 - kedro.io.data_catalog - INFO - Saving data to [dark_orange]business_report[/dark_orange] (CSVDataset)...
2025-09-15 21:49:12,859 - kedro.runner.sequential_runner - INFO - Completed node: business_report_node
2025-09-15 21:49:12,861 - kedro.runner.sequential_runner - INFO - Completed 1 out of 2 tasks
2025-09-15 21:49:12,863 - kedro.io.data_catalog - INFO - Loading data from [dark_orange]params:paths.games_raw[/dark_orange] (MemoryDataset)...
2025-09-15 21:49:12,867 - kedro.io.data_catalog - INFO - Loading data from [dark_orange]params:paths.steam_raw[/dark_orange] (MemoryDataset)...
2025-09-15 21:49:12,870 - kedro.io.data_catalog - INFO - Loading data from [dark_orange]params:paths.vg_sales_raw[/dark_orange] (MemoryDataset)...
2025-09-15 21:49:12,873 - kedro.pipeline.node - INFO - Running node: dataset_inventory_node: inventory_raw_datasets([params:paths.games_raw;params:paths.steam_raw;params:paths.vg_sales_raw]) -> [dataset_inventory]
2025-09-15 21:49:12,897 - kedro.io.data_catalog - INFO - Saving data to [dark_orange]dataset_inventory[/dark_orange] (CSVDataset)...
2025-09-15 21:49:12,901 - kedro.runner.sequential_runner - INFO - Completed node: dataset_inventory_node
2025-09-15 21:49:12,903 - kedro.runner.sequential_runner - INFO - Completed 2 out of 2 tasks
2025-09-15 21:49:12,904 - kedro.runner.sequential_runner - INFO - Pipeline execution completed successfully in 0.1 sec.
2025-09-15 21:49:31,298 - kedro.framework.project - INFO - Using 'conf\logging.yml' as logging configuration. You can change this by setting the KEDRO_LOGGING_CONFIG environment variable accordingly.
2025-09-15 21:49:32,344 - kedro.framework.session.session - INFO - Kedro project machinegame
2025-09-15 21:49:33,138 - kedro_telemetry.plugin - INFO - Kedro is sending anonymous usage data with the sole purpose of improving the product. No personal data or IP addresses are stored on our side. To opt out, set the `KEDRO_DISABLE_TELEMETRY` or `DO_NOT_TRACK` environment variables, or create a `.telemetry` file in the current working directory with the contents `consent: false`. To hide this message, explicitly grant or deny consent. Read more at https://docs.kedro.org/en/stable/configuration/telemetry.html
2025-09-15 21:49:34,076 - kedro_viz.integrations.kedro.run_hooks - WARNING - Workflow tracking is disabled during partial pipeline runs (executed using --from-nodes, --to-nodes, --tags, --pipeline, and more). `.viz/kedro_pipeline_events.json` will be created only during a full kedro run. See issue https://github.com/kedro-org/kedro-viz/issues/2443 for more details.
2025-09-15 21:49:34,644 - kedro.runner.sequential_runner - INFO - Using synchronous mode for loading and saving data. Use the --async flag for potential performance gains. https://docs.kedro.org/en/stable/nodes_and_pipelines/run_a_pipeline.html#load-and-save-asynchronously
2025-09-15 21:49:34,647 - kedro.io.data_catalog - INFO - Loading data from [dark_orange]games_raw[/dark_orange] (CSVDataset)...
2025-09-15 21:49:34,678 - kedro.io.data_catalog - INFO - Loading data from [dark_orange]steam_raw[/dark_orange] (CSVDataset)...
2025-09-15 21:49:34,821 - kedro.io.data_catalog - INFO - Loading data from [dark_orange]vg_sales_raw[/dark_orange] (CSVDataset)...
2025-09-15 21:49:34,874 - kedro.pipeline.node - INFO - Running node: eda_summary_node: summarize_datasets([games_raw;steam_raw;vg_sales_raw]) -> [eda_summary]
2025-09-15 21:49:34,909 - kedro.io.data_catalog - INFO - Saving data to [dark_orange]eda_summary[/dark_orange] (CSVDataset)...
2025-09-15 21:49:34,919 - kedro.runner.sequential_runner - INFO - Completed node: eda_summary_node
2025-09-15 21:49:34,922 - kedro.runner.sequential_runner - INFO - Completed 1 out of 4 tasks
2025-09-15 21:49:34,924 - kedro.io.data_catalog - INFO - Loading data from [dark_orange]games_raw[/dark_orange] (CSVDataset)...
2025-09-15 21:49:34,943 - kedro.io.data_catalog - INFO - Loading data from [dark_orange]params:paths.games_raw[/dark_orange] (MemoryDataset)...
2025-09-15 21:49:34,947 - kedro.pipeline.node - INFO - Running node: games_describe_node: describe_dataset([games_raw;params:paths.games_raw]) -> [games_describe]
2025-09-15 21:49:34,970 - kedro.io.data_catalog - INFO - Saving data to [dark_orange]games_describe[/dark_orange] (CSVDataset)...
2025-09-15 21:49:34,975 - kedro.runner.sequential_runner - INFO - Completed node: games_describe_node
2025-09-15 21:49:34,977 - kedro.runner.sequential_runner - INFO - Completed 2 out of 4 tasks
2025-09-15 21:49:34,979 - kedro.io.data_catalog - INFO - Loading data from [dark_orange]steam_raw[/dark_orange] (CSVDataset)...
2025-09-15 21:49:35,126 - kedro.io.data_catalog - INFO - Loading data from [dark_orange]params:paths.steam_raw[/dark_orange] (MemoryDataset)...
2025-09-15 21:49:35,129 - kedro.pipeline.node - INFO - Running node: steam_describe_node: describe_dataset([steam_raw;params:paths.steam_raw]) -> [steam_describe]
2025-09-15 21:49:35,198 - kedro.io.data_catalog - INFO - Saving data to [dark_orange]steam_describe[/dark_orange] (CSVDataset)...
2025-09-15 21:49:35,205 - kedro.runner.sequential_runner - INFO - Completed node: steam_describe_node
2025-09-15 21:49:35,207 - kedro.runner.sequential_runner - INFO - Completed 3 out of 4 tasks
2025-09-15 21:49:35,208 - kedro.io.data_catalog - INFO - Loading data from [dark_orange]vg_sales_raw[/dark_orange] (CSVDataset)...
2025-09-15 21:49:35,256 - kedro.io.data_catalog - INFO - Loading data from [dark_orange]params:paths.vg_sales_raw[/dark_orange] (MemoryDataset)...
2025-09-15 21:49:35,258 - kedro.pipeline.node - INFO - Running node: vg_sales_describe_node: describe_dataset([vg_sales_raw;params:paths.vg_sales_raw]) -> [vg_sales_describe]
2025-09-15 21:49:35,306 - kedro.io.data_catalog - INFO - Saving data to [dark_orange]vg_sales_describe[/dark_orange] (CSVDataset)...
2025-09-15 21:49:35,312 - kedro.runner.sequential_runner - INFO - Completed node: vg_sales_describe_node
2025-09-15 21:49:35,314 - kedro.runner.sequential_runner - INFO - Completed 4 out of 4 tasks
2025-09-15 21:49:35,316 - kedro.runner.sequential_runner - INFO - Pipeline execution completed successfully in 0.7 sec.
2025-09-15 21:52:12,500 - kedro.framework.project - INFO - Using 'conf\logging.yml' as logging configuration. You can change this by setting the KEDRO_LOGGING_CONFIG environment variable accordingly.
2025-09-15 21:52:13,674 - kedro.framework.session.session - INFO - Kedro project machinegame
2025-09-15 21:52:14,610 - kedro_telemetry.plugin - INFO - Kedro is sending anonymous usage data with the sole purpose of improving the product. No personal data or IP addresses are stored on our side. To opt out, set the `KEDRO_DISABLE_TELEMETRY` or `DO_NOT_TRACK` environment variables, or create a `.telemetry` file in the current working directory with the contents `consent: false`. To hide this message, explicitly grant or deny consent. Read more at https://docs.kedro.org/en/stable/configuration/telemetry.html
2025-09-15 21:52:16,258 - kedro.runner.sequential_runner - INFO - Using synchronous mode for loading and saving data. Use the --async flag for potential performance gains. https://docs.kedro.org/en/stable/nodes_and_pipelines/run_a_pipeline.html#load-and-save-asynchronously
2025-09-15 21:52:16,261 - kedro.io.data_catalog - INFO - Loading data from [dark_orange]params:business.objectives[/dark_orange] (MemoryDataset)...
2025-09-15 21:52:16,264 - kedro.io.data_catalog - INFO - Loading data from [dark_orange]params:business.questions[/dark_orange] (MemoryDataset)...
2025-09-15 21:52:16,266 - kedro.io.data_catalog - INFO - Loading data from [dark_orange]params:business.success_metrics[/dark_orange] (MemoryDataset)...
2025-09-15 21:52:16,269 - kedro.pipeline.node - INFO - Running node: business_report_node: build_business_report([params:business.objectives;params:business.questions;params:business.success_metrics]) -> [business_report]
2025-09-15 21:52:16,272 - kedro.io.data_catalog - INFO - Saving data to [dark_orange]business_report[/dark_orange] (CSVDataset)...
2025-09-15 21:52:16,287 - kedro.runner.sequential_runner - INFO - Completed node: business_report_node
2025-09-15 21:52:16,288 - kedro.runner.sequential_runner - INFO - Completed 1 out of 12 tasks
2025-09-15 21:52:16,290 - kedro.io.data_catalog - INFO - Loading data from [dark_orange]games_raw[/dark_orange] (CSVDataset)...
2025-09-15 21:52:16,313 - kedro.io.data_catalog - INFO - Loading data from [dark_orange]params:prep.drop_duplicates[/dark_orange] (MemoryDataset)...
2025-09-15 21:52:16,318 - kedro.io.data_catalog - INFO - Loading data from [dark_orange]params:prep.drop_all_null_cols[/dark_orange] (MemoryDataset)...
2025-09-15 21:52:16,320 - kedro.io.data_catalog - INFO - Loading data from [dark_orange]params:prep.fillna_strategy[/dark_orange] (MemoryDataset)...
2025-09-15 21:52:16,323 - kedro.pipeline.node - INFO - Running node: clean_games: clean_dataset([games_raw;params:prep.drop_duplicates;params:prep.drop_all_null_cols;params:prep.fillna_strategy]) -> [games_clean]
2025-09-15 21:52:16,352 - kedro.io.data_catalog - INFO - Saving data to [dark_orange]games_clean[/dark_orange] (ParquetDataset)...
2025-09-15 21:52:16,408 - kedro.runner.sequential_runner - INFO - Completed node: clean_games
2025-09-15 21:52:16,410 - kedro.runner.sequential_runner - INFO - Completed 2 out of 12 tasks
2025-09-15 21:52:16,412 - kedro.io.data_catalog - INFO - Loading data from [dark_orange]steam_raw[/dark_orange] (CSVDataset)...
2025-09-15 21:52:16,557 - kedro.io.data_catalog - INFO - Loading data from [dark_orange]params:prep.drop_duplicates[/dark_orange] (MemoryDataset)...
2025-09-15 21:52:16,560 - kedro.io.data_catalog - INFO - Loading data from [dark_orange]params:prep.drop_all_null_cols[/dark_orange] (MemoryDataset)...
2025-09-15 21:52:16,564 - kedro.io.data_catalog - INFO - Loading data from [dark_orange]params:prep.fillna_strategy[/dark_orange] (MemoryDataset)...
2025-09-15 21:52:16,568 - kedro.pipeline.node - INFO - Running node: clean_steam: clean_dataset([steam_raw;params:prep.drop_duplicates;params:prep.drop_all_null_cols;params:prep.fillna_strategy]) -> [steam_clean]
2025-09-15 21:52:16,695 - kedro.io.data_catalog - INFO - Saving data to [dark_orange]steam_clean[/dark_orange] (ParquetDataset)...
2025-09-15 21:52:16,851 - kedro.runner.sequential_runner - INFO - Completed node: clean_steam
2025-09-15 21:52:16,853 - kedro.runner.sequential_runner - INFO - Completed 3 out of 12 tasks
2025-09-15 21:52:16,855 - kedro.io.data_catalog - INFO - Loading data from [dark_orange]vg_sales_raw[/dark_orange] (CSVDataset)...
2025-09-15 21:52:16,921 - kedro.io.data_catalog - INFO - Loading data from [dark_orange]params:prep.drop_duplicates[/dark_orange] (MemoryDataset)...
2025-09-15 21:52:16,925 - kedro.io.data_catalog - INFO - Loading data from [dark_orange]params:prep.drop_all_null_cols[/dark_orange] (MemoryDataset)...
2025-09-15 21:52:16,929 - kedro.io.data_catalog - INFO - Loading data from [dark_orange]params:prep.fillna_strategy[/dark_orange] (MemoryDataset)...
2025-09-15 21:52:16,933 - kedro.pipeline.node - INFO - Running node: clean_vg_sales: clean_dataset([vg_sales_raw;params:prep.drop_duplicates;params:prep.drop_all_null_cols;params:prep.fillna_strategy]) -> [vg_sales_clean]
2025-09-15 21:52:16,988 - kedro.io.data_catalog - INFO - Saving data to [dark_orange]vg_sales_clean[/dark_orange] (ParquetDataset)...
2025-09-15 21:52:17,033 - kedro.runner.sequential_runner - INFO - Completed node: clean_vg_sales
2025-09-15 21:52:17,035 - kedro.runner.sequential_runner - INFO - Completed 4 out of 12 tasks
2025-09-15 21:52:17,036 - kedro.io.data_catalog - INFO - Loading data from [dark_orange]params:paths.games_raw[/dark_orange] (MemoryDataset)...
2025-09-15 21:52:17,039 - kedro.io.data_catalog - INFO - Loading data from [dark_orange]params:paths.steam_raw[/dark_orange] (MemoryDataset)...
2025-09-15 21:52:17,042 - kedro.io.data_catalog - INFO - Loading data from [dark_orange]params:paths.vg_sales_raw[/dark_orange] (MemoryDataset)...
2025-09-15 21:52:17,046 - kedro.pipeline.node - INFO - Running node: dataset_inventory_node: inventory_raw_datasets([params:paths.games_raw;params:paths.steam_raw;params:paths.vg_sales_raw]) -> [dataset_inventory]
2025-09-15 21:52:17,070 - kedro.io.data_catalog - INFO - Saving data to [dark_orange]dataset_inventory[/dark_orange] (CSVDataset)...
2025-09-15 21:52:17,075 - kedro.runner.sequential_runner - INFO - Completed node: dataset_inventory_node
2025-09-15 21:52:17,077 - kedro.runner.sequential_runner - INFO - Completed 5 out of 12 tasks
2025-09-15 21:52:17,080 - kedro.io.data_catalog - INFO - Loading data from [dark_orange]games_raw[/dark_orange] (CSVDataset)...
2025-09-15 21:52:17,099 - kedro.io.data_catalog - INFO - Loading data from [dark_orange]steam_raw[/dark_orange] (CSVDataset)...
2025-09-15 21:52:17,315 - kedro.io.data_catalog - INFO - Loading data from [dark_orange]vg_sales_raw[/dark_orange] (CSVDataset)...
2025-09-15 21:52:17,363 - kedro.pipeline.node - INFO - Running node: eda_summary_node: summarize_datasets([games_raw;steam_raw;vg_sales_raw]) -> [eda_summary]
2025-09-15 21:52:17,388 - kedro.io.data_catalog - INFO - Saving data to [dark_orange]eda_summary[/dark_orange] (CSVDataset)...
2025-09-15 21:52:17,397 - kedro.runner.sequential_runner - INFO - Completed node: eda_summary_node
2025-09-15 21:52:17,399 - kedro.runner.sequential_runner - INFO - Completed 6 out of 12 tasks
2025-09-15 21:52:17,401 - kedro.io.data_catalog - INFO - Loading data from [dark_orange]games_raw[/dark_orange] (CSVDataset)...
2025-09-15 21:52:17,419 - kedro.io.data_catalog - INFO - Loading data from [dark_orange]params:paths.games_raw[/dark_orange] (MemoryDataset)...
2025-09-15 21:52:17,422 - kedro.pipeline.node - INFO - Running node: games_describe_node: describe_dataset([games_raw;params:paths.games_raw]) -> [games_describe]
2025-09-15 21:52:17,442 - kedro.io.data_catalog - INFO - Saving data to [dark_orange]games_describe[/dark_orange] (CSVDataset)...
2025-09-15 21:52:17,448 - kedro.runner.sequential_runner - INFO - Completed node: games_describe_node
2025-09-15 21:52:17,449 - kedro.runner.sequential_runner - INFO - Completed 7 out of 12 tasks
2025-09-15 21:52:17,451 - kedro.io.data_catalog - INFO - Loading data from [dark_orange]steam_raw[/dark_orange] (CSVDataset)...
2025-09-15 21:52:17,593 - kedro.io.data_catalog - INFO - Loading data from [dark_orange]params:paths.steam_raw[/dark_orange] (MemoryDataset)...
2025-09-15 21:52:17,596 - kedro.pipeline.node - INFO - Running node: steam_describe_node: describe_dataset([steam_raw;params:paths.steam_raw]) -> [steam_describe]
2025-09-15 21:52:17,666 - kedro.io.data_catalog - INFO - Saving data to [dark_orange]steam_describe[/dark_orange] (CSVDataset)...
2025-09-15 21:52:17,671 - kedro.runner.sequential_runner - INFO - Completed node: steam_describe_node
2025-09-15 21:52:17,673 - kedro.runner.sequential_runner - INFO - Completed 8 out of 12 tasks
2025-09-15 21:52:17,675 - kedro.io.data_catalog - INFO - Loading data from [dark_orange]vg_sales_raw[/dark_orange] (CSVDataset)...
2025-09-15 21:52:17,723 - kedro.io.data_catalog - INFO - Loading data from [dark_orange]params:paths.vg_sales_raw[/dark_orange] (MemoryDataset)...
2025-09-15 21:52:17,726 - kedro.pipeline.node - INFO - Running node: vg_sales_describe_node: describe_dataset([vg_sales_raw;params:paths.vg_sales_raw]) -> [vg_sales_describe]
2025-09-15 21:52:17,774 - kedro.io.data_catalog - INFO - Saving data to [dark_orange]vg_sales_describe[/dark_orange] (CSVDataset)...
2025-09-15 21:52:17,780 - kedro.runner.sequential_runner - INFO - Completed node: vg_sales_describe_node
2025-09-15 21:52:17,782 - kedro.runner.sequential_runner - INFO - Completed 9 out of 12 tasks
2025-09-15 21:52:17,784 - kedro.io.data_catalog - INFO - Loading data from [dark_orange]games_clean[/dark_orange] (ParquetDataset)...
2025-09-15 21:52:17,849 - kedro.pipeline.node - INFO - Running node: features_games: add_basic_features([games_clean]) -> [games_prepared]
2025-09-15 21:52:17,856 - kedro.io.data_catalog - INFO - Saving data to [dark_orange]games_prepared[/dark_orange] (ParquetDataset)...
2025-09-15 21:52:17,884 - kedro.runner.sequential_runner - INFO - Completed node: features_games
2025-09-15 21:52:17,885 - kedro.runner.sequential_runner - INFO - Completed 10 out of 12 tasks
2025-09-15 21:52:17,888 - kedro.io.data_catalog - INFO - Loading data from [dark_orange]steam_clean[/dark_orange] (ParquetDataset)...
2025-09-15 21:52:18,030 - kedro.pipeline.node - INFO - Running node: features_steam: add_basic_features([steam_clean]) -> [steam_prepared]
2025-09-15 21:52:18,088 - kedro.io.data_catalog - INFO - Saving data to [dark_orange]steam_prepared[/dark_orange] (ParquetDataset)...
2025-09-15 21:52:18,262 - kedro.runner.sequential_runner - INFO - Completed node: features_steam
2025-09-15 21:52:18,263 - kedro.runner.sequential_runner - INFO - Completed 11 out of 12 tasks
2025-09-15 21:52:18,266 - kedro.io.data_catalog - INFO - Loading data from [dark_orange]vg_sales_clean[/dark_orange] (ParquetDataset)...
2025-09-15 21:52:18,295 - kedro.pipeline.node - INFO - Running node: features_vg_sales: add_basic_features([vg_sales_clean]) -> [vg_sales_prepared]
2025-09-15 21:52:18,307 - kedro.io.data_catalog - INFO - Saving data to [dark_orange]vg_sales_prepared[/dark_orange] (ParquetDataset)...
2025-09-15 21:52:18,351 - kedro.runner.sequential_runner - INFO - Completed node: features_vg_sales
2025-09-15 21:52:18,353 - kedro.runner.sequential_runner - INFO - Completed 12 out of 12 tasks
2025-09-15 21:52:18,355 - kedro.runner.sequential_runner - INFO - Pipeline execution completed successfully in 2.1 sec.
2025-09-15 21:56:12,943 - kedro.framework.project - INFO - Using 'conf\logging.yml' as logging configuration. You can change this by setting the KEDRO_LOGGING_CONFIG environment variable accordingly.
2025-09-15 21:56:14,151 - kedro.framework.session.session - INFO - Kedro project machinegame
2025-09-15 21:56:15,100 - kedro_telemetry.plugin - INFO - Kedro is sending anonymous usage data with the sole purpose of improving the product. No personal data or IP addresses are stored on our side. To opt out, set the `KEDRO_DISABLE_TELEMETRY` or `DO_NOT_TRACK` environment variables, or create a `.telemetry` file in the current working directory with the contents `consent: false`. To hide this message, explicitly grant or deny consent. Read more at https://docs.kedro.org/en/stable/configuration/telemetry.html
2025-09-15 21:56:16,079 - kedro_viz.integrations.kedro.run_hooks - WARNING - Workflow tracking is disabled during partial pipeline runs (executed using --from-nodes, --to-nodes, --tags, --pipeline, and more). `.viz/kedro_pipeline_events.json` will be created only during a full kedro run. See issue https://github.com/kedro-org/kedro-viz/issues/2443 for more details.
2025-09-15 21:56:16,752 - kedro.runner.sequential_runner - INFO - Using synchronous mode for loading and saving data. Use the --async flag for potential performance gains. https://docs.kedro.org/en/stable/nodes_and_pipelines/run_a_pipeline.html#load-and-save-asynchronously
2025-09-15 21:56:16,754 - kedro.io.data_catalog - INFO - Loading data from [dark_orange]games_raw[/dark_orange] (CSVDataset)...
2025-09-15 21:56:16,784 - kedro.io.data_catalog - INFO - Loading data from [dark_orange]steam_raw[/dark_orange] (CSVDataset)...
2025-09-15 21:56:16,930 - kedro.io.data_catalog - INFO - Loading data from [dark_orange]vg_sales_raw[/dark_orange] (CSVDataset)...
2025-09-15 21:56:16,985 - kedro.pipeline.node - INFO - Running node: eda_summary_node: summarize_datasets([games_raw;steam_raw;vg_sales_raw]) -> [eda_summary]
2025-09-15 21:56:17,010 - kedro.io.data_catalog - INFO - Saving data to [dark_orange]eda_summary[/dark_orange] (CSVDataset)...
2025-09-15 21:56:17,019 - kedro.runner.sequential_runner - INFO - Completed node: eda_summary_node
2025-09-15 21:56:17,021 - kedro.runner.sequential_runner - INFO - Completed 1 out of 4 tasks
2025-09-15 21:56:17,022 - kedro.io.data_catalog - INFO - Loading data from [dark_orange]games_raw[/dark_orange] (CSVDataset)...
2025-09-15 21:56:17,042 - kedro.io.data_catalog - INFO - Loading data from [dark_orange]params:paths.games_raw[/dark_orange] (MemoryDataset)...
2025-09-15 21:56:17,046 - kedro.pipeline.node - INFO - Running node: games_describe_node: describe_dataset([games_raw;params:paths.games_raw]) -> [games_describe]
2025-09-15 21:56:17,067 - kedro.io.data_catalog - INFO - Saving data to [dark_orange]games_describe[/dark_orange] (CSVDataset)...
2025-09-15 21:56:17,072 - kedro.runner.sequential_runner - INFO - Completed node: games_describe_node
2025-09-15 21:56:17,073 - kedro.runner.sequential_runner - INFO - Completed 2 out of 4 tasks
2025-09-15 21:56:17,075 - kedro.io.data_catalog - INFO - Loading data from [dark_orange]steam_raw[/dark_orange] (CSVDataset)...
2025-09-15 21:56:17,214 - kedro.io.data_catalog - INFO - Loading data from [dark_orange]params:paths.steam_raw[/dark_orange] (MemoryDataset)...
2025-09-15 21:56:17,219 - kedro.pipeline.node - INFO - Running node: steam_describe_node: describe_dataset([steam_raw;params:paths.steam_raw]) -> [steam_describe]
2025-09-15 21:56:17,291 - kedro.io.data_catalog - INFO - Saving data to [dark_orange]steam_describe[/dark_orange] (CSVDataset)...
2025-09-15 21:56:17,298 - kedro.runner.sequential_runner - INFO - Completed node: steam_describe_node
2025-09-15 21:56:17,299 - kedro.runner.sequential_runner - INFO - Completed 3 out of 4 tasks
2025-09-15 21:56:17,301 - kedro.io.data_catalog - INFO - Loading data from [dark_orange]vg_sales_raw[/dark_orange] (CSVDataset)...
2025-09-15 21:56:17,359 - kedro.io.data_catalog - INFO - Loading data from [dark_orange]params:paths.vg_sales_raw[/dark_orange] (MemoryDataset)...
2025-09-15 21:56:17,363 - kedro.pipeline.node - INFO - Running node: vg_sales_describe_node: describe_dataset([vg_sales_raw;params:paths.vg_sales_raw]) -> [vg_sales_describe]
2025-09-15 21:56:17,421 - kedro.io.data_catalog - INFO - Saving data to [dark_orange]vg_sales_describe[/dark_orange] (CSVDataset)...
2025-09-15 21:56:17,427 - kedro.runner.sequential_runner - INFO - Completed node: vg_sales_describe_node
2025-09-15 21:56:17,428 - kedro.runner.sequential_runner - INFO - Completed 4 out of 4 tasks
2025-09-15 21:56:17,430 - kedro.runner.sequential_runner - INFO - Pipeline execution completed successfully in 0.7 sec.
2025-09-15 21:56:18,558 - kedro.framework.project - INFO - Using 'conf\logging.yml' as logging configuration. You can change this by setting the KEDRO_LOGGING_CONFIG environment variable accordingly.
2025-09-15 21:56:19,613 - kedro.framework.session.session - INFO - Kedro project machinegame
2025-09-15 21:56:20,411 - kedro_telemetry.plugin - INFO - Kedro is sending anonymous usage data with the sole purpose of improving the product. No personal data or IP addresses are stored on our side. To opt out, set the `KEDRO_DISABLE_TELEMETRY` or `DO_NOT_TRACK` environment variables, or create a `.telemetry` file in the current working directory with the contents `consent: false`. To hide this message, explicitly grant or deny consent. Read more at https://docs.kedro.org/en/stable/configuration/telemetry.html
2025-09-15 21:56:21,310 - kedro_viz.integrations.kedro.run_hooks - WARNING - Workflow tracking is disabled during partial pipeline runs (executed using --from-nodes, --to-nodes, --tags, --pipeline, and more). `.viz/kedro_pipeline_events.json` will be created only during a full kedro run. See issue https://github.com/kedro-org/kedro-viz/issues/2443 for more details.
2025-09-15 21:56:21,868 - kedro.runner.sequential_runner - INFO - Using synchronous mode for loading and saving data. Use the --async flag for potential performance gains. https://docs.kedro.org/en/stable/nodes_and_pipelines/run_a_pipeline.html#load-and-save-asynchronously
2025-09-15 21:56:21,870 - kedro.io.data_catalog - INFO - Loading data from [dark_orange]params:business.objectives[/dark_orange] (MemoryDataset)...
2025-09-15 21:56:21,873 - kedro.io.data_catalog - INFO - Loading data from [dark_orange]params:business.questions[/dark_orange] (MemoryDataset)...
2025-09-15 21:56:21,875 - kedro.io.data_catalog - INFO - Loading data from [dark_orange]params:business.success_metrics[/dark_orange] (MemoryDataset)...
2025-09-15 21:56:21,880 - kedro.pipeline.node - INFO - Running node: business_report_node: build_business_report([params:business.objectives;params:business.questions;params:business.success_metrics]) -> [business_report]
2025-09-15 21:56:21,883 - kedro.io.data_catalog - INFO - Saving data to [dark_orange]business_report[/dark_orange] (CSVDataset)...
2025-09-15 21:56:21,895 - kedro.runner.sequential_runner - INFO - Completed node: business_report_node
2025-09-15 21:56:21,896 - kedro.runner.sequential_runner - INFO - Completed 1 out of 2 tasks
2025-09-15 21:56:21,898 - kedro.io.data_catalog - INFO - Loading data from [dark_orange]params:paths.games_raw[/dark_orange] (MemoryDataset)...
2025-09-15 21:56:21,901 - kedro.io.data_catalog - INFO - Loading data from [dark_orange]params:paths.steam_raw[/dark_orange] (MemoryDataset)...
2025-09-15 21:56:21,905 - kedro.io.data_catalog - INFO - Loading data from [dark_orange]params:paths.vg_sales_raw[/dark_orange] (MemoryDataset)...
2025-09-15 21:56:21,908 - kedro.pipeline.node - INFO - Running node: dataset_inventory_node: inventory_raw_datasets([params:paths.games_raw;params:paths.steam_raw;params:paths.vg_sales_raw]) -> [dataset_inventory]
2025-09-15 21:56:21,933 - kedro.io.data_catalog - INFO - Saving data to [dark_orange]dataset_inventory[/dark_orange] (CSVDataset)...
2025-09-15 21:56:21,938 - kedro.runner.sequential_runner - INFO - Completed node: dataset_inventory_node
2025-09-15 21:56:21,939 - kedro.runner.sequential_runner - INFO - Completed 2 out of 2 tasks
2025-09-15 21:56:21,940 - kedro.runner.sequential_runner - INFO - Pipeline execution completed successfully in 0.1 sec.
2025-09-15 22:44:31,250 - kedro.framework.project - INFO - Using 'conf\logging.yml' as logging configuration. You can change this by setting the KEDRO_LOGGING_CONFIG environment variable accordingly.
2025-09-15 22:44:33,115 - kedro.framework.session.session - INFO - Kedro project machinegame
2025-09-15 22:44:34,475 - kedro_telemetry.plugin - INFO - Kedro is sending anonymous usage data with the sole purpose of improving the product. No personal data or IP addresses are stored on our side. To opt out, set the `KEDRO_DISABLE_TELEMETRY` or `DO_NOT_TRACK` environment variables, or create a `.telemetry` file in the current working directory with the contents `consent: false`. To hide this message, explicitly grant or deny consent. Read more at https://docs.kedro.org/en/stable/configuration/telemetry.html
2025-09-15 22:44:38,368 - kedro.runner.sequential_runner - INFO - Using synchronous mode for loading and saving data. Use the --async flag for potential performance gains. https://docs.kedro.org/en/stable/nodes_and_pipelines/run_a_pipeline.html#load-and-save-asynchronously
2025-09-15 22:44:38,370 - kedro.io.data_catalog - INFO - Loading data from [dark_orange]params:business.objectives[/dark_orange] (MemoryDataset)...
2025-09-15 22:44:38,374 - kedro.io.data_catalog - INFO - Loading data from [dark_orange]params:business.questions[/dark_orange] (MemoryDataset)...
2025-09-15 22:44:38,377 - kedro.io.data_catalog - INFO - Loading data from [dark_orange]params:business.success_metrics[/dark_orange] (MemoryDataset)...
2025-09-15 22:44:38,382 - kedro.pipeline.node - INFO - Running node: business_report_node: build_business_report([params:business.objectives;params:business.questions;params:business.success_metrics]) -> [business_report]
2025-09-15 22:44:38,387 - kedro.io.data_catalog - INFO - Saving data to [dark_orange]business_report[/dark_orange] (CSVDataset)...
2025-09-15 22:44:38,404 - kedro.runner.sequential_runner - INFO - Completed node: business_report_node
2025-09-15 22:44:38,406 - kedro.runner.sequential_runner - INFO - Completed 1 out of 12 tasks
2025-09-15 22:44:38,408 - kedro.io.data_catalog - INFO - Loading data from [dark_orange]games_raw[/dark_orange] (CSVDataset)...
2025-09-15 22:44:38,446 - kedro.io.data_catalog - INFO - Loading data from [dark_orange]params:prep.drop_duplicates[/dark_orange] (MemoryDataset)...
2025-09-15 22:44:38,453 - kedro.io.data_catalog - INFO - Loading data from [dark_orange]params:prep.drop_all_null_cols[/dark_orange] (MemoryDataset)...
2025-09-15 22:44:38,458 - kedro.io.data_catalog - INFO - Loading data from [dark_orange]params:prep.fillna_strategy[/dark_orange] (MemoryDataset)...
2025-09-15 22:44:38,470 - kedro.pipeline.node - INFO - Running node: clean_games: clean_dataset([games_raw;params:prep.drop_duplicates;params:prep.drop_all_null_cols;params:prep.fillna_strategy]) -> [games_clean]
2025-09-15 22:44:38,529 - kedro.io.data_catalog - INFO - Saving data to [dark_orange]games_clean[/dark_orange] (ParquetDataset)...
2025-09-15 22:44:38,592 - kedro.runner.sequential_runner - INFO - Completed node: clean_games
2025-09-15 22:44:38,593 - kedro.runner.sequential_runner - INFO - Completed 2 out of 12 tasks
2025-09-15 22:44:38,595 - kedro.io.data_catalog - INFO - Loading data from [dark_orange]steam_raw[/dark_orange] (CSVDataset)...
2025-09-15 22:44:38,772 - kedro.io.data_catalog - INFO - Loading data from [dark_orange]params:prep.drop_duplicates[/dark_orange] (MemoryDataset)...
2025-09-15 22:44:38,775 - kedro.io.data_catalog - INFO - Loading data from [dark_orange]params:prep.drop_all_null_cols[/dark_orange] (MemoryDataset)...
2025-09-15 22:44:38,778 - kedro.io.data_catalog - INFO - Loading data from [dark_orange]params:prep.fillna_strategy[/dark_orange] (MemoryDataset)...
2025-09-15 22:44:38,782 - kedro.pipeline.node - INFO - Running node: clean_steam: clean_dataset([steam_raw;params:prep.drop_duplicates;params:prep.drop_all_null_cols;params:prep.fillna_strategy]) -> [steam_clean]
2025-09-15 22:44:38,959 - kedro.io.data_catalog - INFO - Saving data to [dark_orange]steam_clean[/dark_orange] (ParquetDataset)...
2025-09-15 22:44:39,152 - kedro.runner.sequential_runner - INFO - Completed node: clean_steam
2025-09-15 22:44:39,153 - kedro.runner.sequential_runner - INFO - Completed 3 out of 12 tasks
2025-09-15 22:44:39,155 - kedro.io.data_catalog - INFO - Loading data from [dark_orange]vg_sales_raw[/dark_orange] (CSVDataset)...
2025-09-15 22:44:39,212 - kedro.io.data_catalog - INFO - Loading data from [dark_orange]params:prep.drop_duplicates[/dark_orange] (MemoryDataset)...
2025-09-15 22:44:39,216 - kedro.io.data_catalog - INFO - Loading data from [dark_orange]params:prep.drop_all_null_cols[/dark_orange] (MemoryDataset)...
2025-09-15 22:44:39,220 - kedro.io.data_catalog - INFO - Loading data from [dark_orange]params:prep.fillna_strategy[/dark_orange] (MemoryDataset)...
2025-09-15 22:44:39,224 - kedro.pipeline.node - INFO - Running node: clean_vg_sales: clean_dataset([vg_sales_raw;params:prep.drop_duplicates;params:prep.drop_all_null_cols;params:prep.fillna_strategy]) -> [vg_sales_clean]
2025-09-15 22:44:39,280 - kedro.io.data_catalog - INFO - Saving data to [dark_orange]vg_sales_clean[/dark_orange] (ParquetDataset)...
2025-09-15 22:44:39,336 - kedro.runner.sequential_runner - INFO - Completed node: clean_vg_sales
2025-09-15 22:44:39,339 - kedro.runner.sequential_runner - INFO - Completed 4 out of 12 tasks
2025-09-15 22:44:39,340 - kedro.io.data_catalog - INFO - Loading data from [dark_orange]params:paths.games_raw[/dark_orange] (MemoryDataset)...
2025-09-15 22:44:39,344 - kedro.io.data_catalog - INFO - Loading data from [dark_orange]params:paths.steam_raw[/dark_orange] (MemoryDataset)...
2025-09-15 22:44:39,348 - kedro.io.data_catalog - INFO - Loading data from [dark_orange]params:paths.vg_sales_raw[/dark_orange] (MemoryDataset)...
2025-09-15 22:44:39,352 - kedro.pipeline.node - INFO - Running node: dataset_inventory_node: inventory_raw_datasets([params:paths.games_raw;params:paths.steam_raw;params:paths.vg_sales_raw]) -> [dataset_inventory]
2025-09-15 22:44:39,378 - kedro.io.data_catalog - INFO - Saving data to [dark_orange]dataset_inventory[/dark_orange] (CSVDataset)...
2025-09-15 22:44:39,383 - kedro.runner.sequential_runner - INFO - Completed node: dataset_inventory_node
2025-09-15 22:44:39,385 - kedro.runner.sequential_runner - INFO - Completed 5 out of 12 tasks
2025-09-15 22:44:39,388 - kedro.io.data_catalog - INFO - Loading data from [dark_orange]games_raw[/dark_orange] (CSVDataset)...
2025-09-15 22:44:39,410 - kedro.io.data_catalog - INFO - Loading data from [dark_orange]steam_raw[/dark_orange] (CSVDataset)...
2025-09-15 22:44:39,566 - kedro.io.data_catalog - INFO - Loading data from [dark_orange]vg_sales_raw[/dark_orange] (CSVDataset)...
2025-09-15 22:44:39,636 - kedro.pipeline.node - INFO - Running node: eda_summary_node: summarize_datasets([games_raw;steam_raw;vg_sales_raw]) -> [eda_summary]
2025-09-15 22:44:39,663 - kedro.io.data_catalog - INFO - Saving data to [dark_orange]eda_summary[/dark_orange] (CSVDataset)...
2025-09-15 22:44:39,673 - kedro.runner.sequential_runner - INFO - Completed node: eda_summary_node
2025-09-15 22:44:39,675 - kedro.runner.sequential_runner - INFO - Completed 6 out of 12 tasks
2025-09-15 22:44:39,678 - kedro.io.data_catalog - INFO - Loading data from [dark_orange]games_raw[/dark_orange] (CSVDataset)...
2025-09-15 22:44:39,706 - kedro.io.data_catalog - INFO - Loading data from [dark_orange]params:paths.games_raw[/dark_orange] (MemoryDataset)...
2025-09-15 22:44:39,710 - kedro.pipeline.node - INFO - Running node: games_describe_node: describe_dataset([games_raw;params:paths.games_raw]) -> [games_describe]
2025-09-15 22:44:39,737 - kedro.io.data_catalog - INFO - Saving data to [dark_orange]games_describe[/dark_orange] (CSVDataset)...
2025-09-15 22:44:39,743 - kedro.runner.sequential_runner - INFO - Completed node: games_describe_node
2025-09-15 22:44:39,744 - kedro.runner.sequential_runner - INFO - Completed 7 out of 12 tasks
2025-09-15 22:44:39,746 - kedro.io.data_catalog - INFO - Loading data from [dark_orange]steam_raw[/dark_orange] (CSVDataset)...
2025-09-15 22:44:39,904 - kedro.io.data_catalog - INFO - Loading data from [dark_orange]params:paths.steam_raw[/dark_orange] (MemoryDataset)...
2025-09-15 22:44:39,908 - kedro.pipeline.node - INFO - Running node: steam_describe_node: describe_dataset([steam_raw;params:paths.steam_raw]) -> [steam_describe]
2025-09-15 22:44:39,990 - kedro.io.data_catalog - INFO - Saving data to [dark_orange]steam_describe[/dark_orange] (CSVDataset)...
2025-09-15 22:44:39,998 - kedro.runner.sequential_runner - INFO - Completed node: steam_describe_node
2025-09-15 22:44:40,001 - kedro.runner.sequential_runner - INFO - Completed 8 out of 12 tasks
2025-09-15 22:44:40,004 - kedro.io.data_catalog - INFO - Loading data from [dark_orange]vg_sales_raw[/dark_orange] (CSVDataset)...
2025-09-15 22:44:40,057 - kedro.io.data_catalog - INFO - Loading data from [dark_orange]params:paths.vg_sales_raw[/dark_orange] (MemoryDataset)...
2025-09-15 22:44:40,061 - kedro.pipeline.node - INFO - Running node: vg_sales_describe_node: describe_dataset([vg_sales_raw;params:paths.vg_sales_raw]) -> [vg_sales_describe]
2025-09-15 22:44:40,123 - kedro.io.data_catalog - INFO - Saving data to [dark_orange]vg_sales_describe[/dark_orange] (CSVDataset)...
2025-09-15 22:44:40,129 - kedro.runner.sequential_runner - INFO - Completed node: vg_sales_describe_node
2025-09-15 22:44:40,131 - kedro.runner.sequential_runner - INFO - Completed 9 out of 12 tasks
2025-09-15 22:44:40,133 - kedro.io.data_catalog - INFO - Loading data from [dark_orange]games_clean[/dark_orange] (ParquetDataset)...
2025-09-15 22:44:40,256 - kedro.pipeline.node - INFO - Running node: features_games: add_basic_features([games_clean]) -> [games_prepared]
2025-09-15 22:44:40,277 - kedro.io.data_catalog - INFO - Saving data to [dark_orange]games_prepared[/dark_orange] (ParquetDataset)...
2025-09-15 22:44:40,310 - kedro.runner.sequential_runner - INFO - Completed node: features_games
2025-09-15 22:44:40,312 - kedro.runner.sequential_runner - INFO - Completed 10 out of 12 tasks
2025-09-15 22:44:40,314 - kedro.io.data_catalog - INFO - Loading data from [dark_orange]steam_clean[/dark_orange] (ParquetDataset)...
2025-09-15 22:44:40,421 - kedro.pipeline.node - INFO - Running node: features_steam: add_basic_features([steam_clean]) -> [steam_prepared]
2025-09-15 22:44:40,490 - kedro.io.data_catalog - INFO - Saving data to [dark_orange]steam_prepared[/dark_orange] (ParquetDataset)...
2025-09-15 22:44:40,736 - kedro.runner.sequential_runner - INFO - Completed node: features_steam
2025-09-15 22:44:40,738 - kedro.runner.sequential_runner - INFO - Completed 11 out of 12 tasks
2025-09-15 22:44:40,742 - kedro.io.data_catalog - INFO - Loading data from [dark_orange]vg_sales_clean[/dark_orange] (ParquetDataset)...
2025-09-15 22:44:40,796 - kedro.pipeline.node - INFO - Running node: features_vg_sales: add_basic_features([vg_sales_clean]) -> [vg_sales_prepared]
2025-09-15 22:44:40,824 - kedro.io.data_catalog - INFO - Saving data to [dark_orange]vg_sales_prepared[/dark_orange] (ParquetDataset)...
2025-09-15 22:44:40,916 - kedro.runner.sequential_runner - INFO - Completed node: features_vg_sales
2025-09-15 22:44:40,918 - kedro.runner.sequential_runner - INFO - Completed 12 out of 12 tasks
2025-09-15 22:44:40,920 - kedro.runner.sequential_runner - INFO - Pipeline execution completed successfully in 2.6 sec.
2025-10-27 16:45:46,753 - kedro.framework.project - INFO - Using 'conf\logging.yml' as logging configuration. You can change this by setting the KEDRO_LOGGING_CONFIG environment variable accordingly.
2025-10-27 16:45:50,344 - kedro_telemetry.plugin - INFO - Kedro is sending anonymous usage data with the sole purpose of improving the product. No personal data or IP addresses are stored on our side. To opt out, set the `KEDRO_DISABLE_TELEMETRY` or `DO_NOT_TRACK` environment variables, or create a `.telemetry` file in the current working directory with the contents `consent: false`. To hide this message, explicitly grant or deny consent. Read more at https://docs.kedro.org/en/stable/configuration/telemetry.html
2025-10-27 16:46:13,501 - kedro.framework.project - INFO - Using 'conf\logging.yml' as logging configuration. You can change this by setting the KEDRO_LOGGING_CONFIG environment variable accordingly.
2025-10-27 16:46:14,631 - kedro.framework.session.session - INFO - Kedro project machinegame
2025-10-27 16:46:21,735 - kedro_telemetry.plugin - INFO - Kedro is sending anonymous usage data with the sole purpose of improving the product. No personal data or IP addresses are stored on our side. To opt out, set the `KEDRO_DISABLE_TELEMETRY` or `DO_NOT_TRACK` environment variables, or create a `.telemetry` file in the current working directory with the contents `consent: false`. To hide this message, explicitly grant or deny consent. Read more at https://docs.kedro.org/en/stable/configuration/telemetry.html
2025-10-27 16:46:24,127 - kedro.framework.project - INFO - Using 'conf\logging.yml' as logging configuration. You can change this by setting the KEDRO_LOGGING_CONFIG environment variable accordingly.
2025-10-27 16:46:25,060 - kedro.framework.session.session - INFO - Kedro project machinegame
2025-10-27 16:46:25,710 - kedro_telemetry.plugin - INFO - Kedro is sending anonymous usage data with the sole purpose of improving the product. No personal data or IP addresses are stored on our side. To opt out, set the `KEDRO_DISABLE_TELEMETRY` or `DO_NOT_TRACK` environment variables, or create a `.telemetry` file in the current working directory with the contents `consent: false`. To hide this message, explicitly grant or deny consent. Read more at https://docs.kedro.org/en/stable/configuration/telemetry.html
2025-10-27 16:48:05,893 - kedro.framework.project - INFO - Using 'conf\logging.yml' as logging configuration. You can change this by setting the KEDRO_LOGGING_CONFIG environment variable accordingly.
2025-10-27 16:48:06,994 - kedro.framework.session.session - INFO - Kedro project machinegame
2025-10-27 16:48:07,934 - kedro_telemetry.plugin - INFO - Kedro is sending anonymous usage data with the sole purpose of improving the product. No personal data or IP addresses are stored on our side. To opt out, set the `KEDRO_DISABLE_TELEMETRY` or `DO_NOT_TRACK` environment variables, or create a `.telemetry` file in the current working directory with the contents `consent: false`. To hide this message, explicitly grant or deny consent. Read more at https://docs.kedro.org/en/stable/configuration/telemetry.html
2025-10-27 17:17:19,479 - kedro.framework.project - INFO - Using 'conf\logging.yml' as logging configuration. You can change this by setting the KEDRO_LOGGING_CONFIG environment variable accordingly.
2025-10-27 17:17:20,549 - kedro.framework.session.session - INFO - Kedro project machinegame
2025-10-27 17:17:21,776 - kedro_telemetry.plugin - INFO - Kedro is sending anonymous usage data with the sole purpose of improving the product. No personal data or IP addresses are stored on our side. To opt out, set the `KEDRO_DISABLE_TELEMETRY` or `DO_NOT_TRACK` environment variables, or create a `.telemetry` file in the current working directory with the contents `consent: false`. To hide this message, explicitly grant or deny consent. Read more at https://docs.kedro.org/en/stable/configuration/telemetry.html
2025-10-27 17:17:31,992 - kedro.framework.project - INFO - Using 'conf\logging.yml' as logging configuration. You can change this by setting the KEDRO_LOGGING_CONFIG environment variable accordingly.
2025-10-27 17:17:32,864 - kedro.framework.session.session - INFO - Kedro project machinegame
2025-10-27 17:17:33,479 - kedro_telemetry.plugin - INFO - Kedro is sending anonymous usage data with the sole purpose of improving the product. No personal data or IP addresses are stored on our side. To opt out, set the `KEDRO_DISABLE_TELEMETRY` or `DO_NOT_TRACK` environment variables, or create a `.telemetry` file in the current working directory with the contents `consent: false`. To hide this message, explicitly grant or deny consent. Read more at https://docs.kedro.org/en/stable/configuration/telemetry.html
2025-10-27 17:54:14,137 - kedro.framework.project - INFO - Using 'conf\logging.yml' as logging configuration. You can change this by setting the KEDRO_LOGGING_CONFIG environment variable accordingly.
2025-10-27 17:54:18,328 - kedro.framework.session.session - INFO - Kedro project machinegame
2025-10-27 17:54:26,936 - kedro_telemetry.plugin - INFO - Kedro is sending anonymous usage data with the sole purpose of improving the product. No personal data or IP addresses are stored on our side. To opt out, set the `KEDRO_DISABLE_TELEMETRY` or `DO_NOT_TRACK` environment variables, or create a `.telemetry` file in the current working directory with the contents `consent: false`. To hide this message, explicitly grant or deny consent. Read more at https://docs.kedro.org/en/stable/configuration/telemetry.html
2025-10-27 17:54:29,708 - kedro.framework.project - INFO - Using 'conf\logging.yml' as logging configuration. You can change this by setting the KEDRO_LOGGING_CONFIG environment variable accordingly.
2025-10-27 17:54:30,805 - kedro.framework.session.session - INFO - Kedro project machinegame
2025-10-27 17:54:31,608 - kedro_telemetry.plugin - INFO - Kedro is sending anonymous usage data with the sole purpose of improving the product. No personal data or IP addresses are stored on our side. To opt out, set the `KEDRO_DISABLE_TELEMETRY` or `DO_NOT_TRACK` environment variables, or create a `.telemetry` file in the current working directory with the contents `consent: false`. To hide this message, explicitly grant or deny consent. Read more at https://docs.kedro.org/en/stable/configuration/telemetry.html
2025-10-27 17:57:13,186 - kedro.framework.project - INFO - Using 'conf\logging.yml' as logging configuration. You can change this by setting the KEDRO_LOGGING_CONFIG environment variable accordingly.
2025-10-27 17:57:14,665 - kedro.framework.session.session - INFO - Kedro project machinegame
2025-10-27 17:57:34,058 - kedro_telemetry.plugin - INFO - Kedro is sending anonymous usage data with the sole purpose of improving the product. No personal data or IP addresses are stored on our side. To opt out, set the `KEDRO_DISABLE_TELEMETRY` or `DO_NOT_TRACK` environment variables, or create a `.telemetry` file in the current working directory with the contents `consent: false`. To hide this message, explicitly grant or deny consent. Read more at https://docs.kedro.org/en/stable/configuration/telemetry.html
2025-10-27 17:57:36,588 - kedro.framework.project - INFO - Using 'conf\logging.yml' as logging configuration. You can change this by setting the KEDRO_LOGGING_CONFIG environment variable accordingly.
2025-10-27 17:57:37,917 - kedro.framework.session.session - INFO - Kedro project machinegame
2025-10-27 17:57:40,241 - kedro_telemetry.plugin - INFO - Kedro is sending anonymous usage data with the sole purpose of improving the product. No personal data or IP addresses are stored on our side. To opt out, set the `KEDRO_DISABLE_TELEMETRY` or `DO_NOT_TRACK` environment variables, or create a `.telemetry` file in the current working directory with the contents `consent: false`. To hide this message, explicitly grant or deny consent. Read more at https://docs.kedro.org/en/stable/configuration/telemetry.html
2025-10-27 18:05:39,469 - kedro.framework.project - INFO - Using 'conf\logging.yml' as logging configuration. You can change this by setting the KEDRO_LOGGING_CONFIG environment variable accordingly.
2025-10-27 18:05:40,738 - kedro.framework.session.session - INFO - Kedro project machinegame
2025-10-27 18:05:44,019 - kedro_telemetry.plugin - INFO - Kedro is sending anonymous usage data with the sole purpose of improving the product. No personal data or IP addresses are stored on our side. To opt out, set the `KEDRO_DISABLE_TELEMETRY` or `DO_NOT_TRACK` environment variables, or create a `.telemetry` file in the current working directory with the contents `consent: false`. To hide this message, explicitly grant or deny consent. Read more at https://docs.kedro.org/en/stable/configuration/telemetry.html
2025-10-27 18:05:45,066 - kedro_viz.integrations.kedro.run_hooks - WARNING - Workflow tracking is disabled during partial pipeline runs (executed using --from-nodes, --to-nodes, --tags, --pipeline, and more). `.viz/kedro_pipeline_events.json` will be created only during a full kedro run. See issue https://github.com/kedro-org/kedro-viz/issues/2443 for more details.
2025-10-27 18:05:51,363 - kedro.runner.sequential_runner - INFO - Using synchronous mode for loading and saving data. Use the --async flag for potential performance gains. https://docs.kedro.org/en/stable/nodes_and_pipelines/run_a_pipeline.html#load-and-save-asynchronously
2025-10-27 18:05:51,366 - kedro.io.data_catalog - INFO - Loading data from [dark_orange]model_input_classification[/dark_orange] (ParquetDataset)...
2025-10-27 18:05:51,475 - kedro.io.data_catalog - INFO - Loading data from [dark_orange]params:model.test_size[/dark_orange] (MemoryDataset)...
2025-10-27 18:05:51,478 - kedro.io.data_catalog - INFO - Loading data from [dark_orange]params:model.random_state[/dark_orange] (MemoryDataset)...
2025-10-27 18:05:51,482 - kedro.io.data_catalog - INFO - Loading data from [dark_orange]params:model.target_classification[/dark_orange] (MemoryDataset)...
2025-10-27 18:05:51,485 - kedro.io.data_catalog - INFO - Loading data from [dark_orange]params:model.class_threshold[/dark_orange] (MemoryDataset)...
2025-10-27 18:05:51,489 - kedro.io.data_catalog - INFO - Loading data from [dark_orange]params:model.cv_splits[/dark_orange] (MemoryDataset)...
2025-10-27 18:05:51,494 - kedro.pipeline.node - INFO - Running node: train_classifiers_node: train_classifiers([model_input_classification;params:model.test_size;params:model.random_state;params:model.target_classification;params:model.class_threshold;params:model.cv_splits]) -> [classification_leaderboard;classification_models_bin]
2025-10-27 18:05:57,951 - kedro.pipeline.node - ERROR - Node train_classifiers_node: train_classifiers([model_input_classification;params:model.test_size;params:model.random_state;params:model.target_classification;params:model.class_threshold;params:model.cv_splits]) -> [classification_leaderboard;classification_models_bin] failed with error: 

All the 15 fits failed.
It is very likely that your model is misconfigured.
You can try to debug the error by setting error_score='raise'.

Below are more details about the failures:
--------------------------------------------------------------------------------
3 fits failed with the following error:
Traceback (most recent call last):
  File "c:\Users\lttlk\Documents\Nueo\.venv\Lib\site-packages\sklearn\model_selection\_validation.py", line 859, in _fit_and_score
    estimator.fit(X_train, y_train, **fit_params)
  File "c:\Users\lttlk\Documents\Nueo\.venv\Lib\site-packages\sklearn\base.py", line 1365, in wrapper
    return fit_method(estimator, *args, **kwargs)
           ^^^^^^^^^^^^^^^^^^^^^^^^^^^^^^^^^^^^^^
  File "c:\Users\lttlk\Documents\Nueo\.venv\Lib\site-packages\sklearn\pipeline.py", line 663, in fit
    self._final_estimator.fit(Xt, y, **last_step_params["fit"])
  File "c:\Users\lttlk\Documents\Nueo\.venv\Lib\site-packages\sklearn\base.py", line 1365, in wrapper
    return fit_method(estimator, *args, **kwargs)
           ^^^^^^^^^^^^^^^^^^^^^^^^^^^^^^^^^^^^^^
  File "c:\Users\lttlk\Documents\Nueo\.venv\Lib\site-packages\sklearn\linear_model\_logistic.py", line 1247, in fit
    X, y = validate_data(
           ^^^^^^^^^^^^^^
  File "c:\Users\lttlk\Documents\Nueo\.venv\Lib\site-packages\sklearn\utils\validation.py", line 2971, in validate_data
    X, y = check_X_y(X, y, **check_params)
           ^^^^^^^^^^^^^^^^^^^^^^^^^^^^^^^
  File "c:\Users\lttlk\Documents\Nueo\.venv\Lib\site-packages\sklearn\utils\validation.py", line 1368, in check_X_y
    X = check_array(
        ^^^^^^^^^^^^
  File "c:\Users\lttlk\Documents\Nueo\.venv\Lib\site-packages\sklearn\utils\validation.py", line 1053, in check_array
    array = _asarray_with_order(array, order=order, dtype=dtype, xp=xp)
            ^^^^^^^^^^^^^^^^^^^^^^^^^^^^^^^^^^^^^^^^^^^^^^^^^^^^^^^^^^^
  File "c:\Users\lttlk\Documents\Nueo\.venv\Lib\site-packages\sklearn\utils\_array_api.py", line 757, in _asarray_with_order
    array = numpy.asarray(array, order=order, dtype=dtype)
            ^^^^^^^^^^^^^^^^^^^^^^^^^^^^^^^^^^^^^^^^^^^^^^
ValueError: could not convert string to float: 'Pole Position'

--------------------------------------------------------------------------------
12 fits failed with the following error:
Traceback (most recent call last):
  File "c:\Users\lttlk\Documents\Nueo\.venv\Lib\site-packages\sklearn\model_selection\_validation.py", line 859, in _fit_and_score
    estimator.fit(X_train, y_train, **fit_params)
  File "c:\Users\lttlk\Documents\Nueo\.venv\Lib\site-packages\sklearn\base.py", line 1365, in wrapper
    return fit_method(estimator, *args, **kwargs)
           ^^^^^^^^^^^^^^^^^^^^^^^^^^^^^^^^^^^^^^
  File "c:\Users\lttlk\Documents\Nueo\.venv\Lib\site-packages\sklearn\pipeline.py", line 663, in fit
    self._final_estimator.fit(Xt, y, **last_step_params["fit"])
  File "c:\Users\lttlk\Documents\Nueo\.venv\Lib\site-packages\sklearn\base.py", line 1365, in wrapper
    return fit_method(estimator, *args, **kwargs)
           ^^^^^^^^^^^^^^^^^^^^^^^^^^^^^^^^^^^^^^
  File "c:\Users\lttlk\Documents\Nueo\.venv\Lib\site-packages\sklearn\linear_model\_logistic.py", line 1247, in fit
    X, y = validate_data(
           ^^^^^^^^^^^^^^
  File "c:\Users\lttlk\Documents\Nueo\.venv\Lib\site-packages\sklearn\utils\validation.py", line 2971, in validate_data
    X, y = check_X_y(X, y, **check_params)
           ^^^^^^^^^^^^^^^^^^^^^^^^^^^^^^^
  File "c:\Users\lttlk\Documents\Nueo\.venv\Lib\site-packages\sklearn\utils\validation.py", line 1368, in check_X_y
    X = check_array(
        ^^^^^^^^^^^^
  File "c:\Users\lttlk\Documents\Nueo\.venv\Lib\site-packages\sklearn\utils\validation.py", line 1053, in check_array
    array = _asarray_with_order(array, order=order, dtype=dtype, xp=xp)
            ^^^^^^^^^^^^^^^^^^^^^^^^^^^^^^^^^^^^^^^^^^^^^^^^^^^^^^^^^^^
  File "c:\Users\lttlk\Documents\Nueo\.venv\Lib\site-packages\sklearn\utils\_array_api.py", line 757, in _asarray_with_order
    array = numpy.asarray(array, order=order, dtype=dtype)
            ^^^^^^^^^^^^^^^^^^^^^^^^^^^^^^^^^^^^^^^^^^^^^^
ValueError: could not convert string to float: 'Spyro: Attack of the Rhynocs'

2025-10-27 18:05:57,979 - kedro.runner.sequential_runner - WARNING - No nodes ran. Repeat the previous command to attempt a new run.
2025-10-27 18:06:01,524 - kedro.framework.project - INFO - Using 'conf\logging.yml' as logging configuration. You can change this by setting the KEDRO_LOGGING_CONFIG environment variable accordingly.
2025-10-27 18:06:02,778 - kedro.framework.session.session - INFO - Kedro project machinegame
2025-10-27 18:06:05,846 - kedro_telemetry.plugin - INFO - Kedro is sending anonymous usage data with the sole purpose of improving the product. No personal data or IP addresses are stored on our side. To opt out, set the `KEDRO_DISABLE_TELEMETRY` or `DO_NOT_TRACK` environment variables, or create a `.telemetry` file in the current working directory with the contents `consent: false`. To hide this message, explicitly grant or deny consent. Read more at https://docs.kedro.org/en/stable/configuration/telemetry.html
2025-10-27 18:06:06,852 - kedro_viz.integrations.kedro.run_hooks - WARNING - Workflow tracking is disabled during partial pipeline runs (executed using --from-nodes, --to-nodes, --tags, --pipeline, and more). `.viz/kedro_pipeline_events.json` will be created only during a full kedro run. See issue https://github.com/kedro-org/kedro-viz/issues/2443 for more details.
2025-10-27 18:06:07,682 - kedro.runner.sequential_runner - INFO - Using synchronous mode for loading and saving data. Use the --async flag for potential performance gains. https://docs.kedro.org/en/stable/nodes_and_pipelines/run_a_pipeline.html#load-and-save-asynchronously
2025-10-27 18:06:07,685 - kedro.io.data_catalog - INFO - Loading data from [dark_orange]model_input_regression[/dark_orange] (ParquetDataset)...
2025-10-27 18:06:07,760 - kedro.io.data_catalog - INFO - Loading data from [dark_orange]params:model.test_size[/dark_orange] (MemoryDataset)...
2025-10-27 18:06:07,764 - kedro.io.data_catalog - INFO - Loading data from [dark_orange]params:model.random_state[/dark_orange] (MemoryDataset)...
2025-10-27 18:06:07,766 - kedro.io.data_catalog - INFO - Loading data from [dark_orange]params:model.target_regression[/dark_orange] (MemoryDataset)...
2025-10-27 18:06:07,769 - kedro.io.data_catalog - INFO - Loading data from [dark_orange]params:model.cv_splits[/dark_orange] (MemoryDataset)...
2025-10-27 18:06:07,773 - kedro.pipeline.node - INFO - Running node: train_regressors_node: train_regressors([model_input_regression;params:model.test_size;params:model.random_state;params:model.target_regression;params:model.cv_splits]) -> [regression_leaderboard;regression_models_bin]
2025-10-27 18:06:12,505 - kedro.pipeline.node - ERROR - Node train_regressors_node: train_regressors([model_input_regression;params:model.test_size;params:model.random_state;params:model.target_regression;params:model.cv_splits]) -> [regression_leaderboard;regression_models_bin] failed with error: 

All the 5 fits failed.
It is very likely that your model is misconfigured.
You can try to debug the error by setting error_score='raise'.

Below are more details about the failures:
--------------------------------------------------------------------------------
1 fits failed with the following error:
Traceback (most recent call last):
  File "c:\Users\lttlk\Documents\Nueo\.venv\Lib\site-packages\sklearn\model_selection\_validation.py", line 859, in _fit_and_score
    estimator.fit(X_train, y_train, **fit_params)
  File "c:\Users\lttlk\Documents\Nueo\.venv\Lib\site-packages\sklearn\base.py", line 1365, in wrapper
    return fit_method(estimator, *args, **kwargs)
           ^^^^^^^^^^^^^^^^^^^^^^^^^^^^^^^^^^^^^^
  File "c:\Users\lttlk\Documents\Nueo\.venv\Lib\site-packages\sklearn\pipeline.py", line 663, in fit
    self._final_estimator.fit(Xt, y, **last_step_params["fit"])
  File "c:\Users\lttlk\Documents\Nueo\.venv\Lib\site-packages\sklearn\base.py", line 1365, in wrapper
    return fit_method(estimator, *args, **kwargs)
           ^^^^^^^^^^^^^^^^^^^^^^^^^^^^^^^^^^^^^^
  File "c:\Users\lttlk\Documents\Nueo\.venv\Lib\site-packages\sklearn\linear_model\_base.py", line 618, in fit
    X, y = validate_data(
           ^^^^^^^^^^^^^^
  File "c:\Users\lttlk\Documents\Nueo\.venv\Lib\site-packages\sklearn\utils\validation.py", line 2971, in validate_data
    X, y = check_X_y(X, y, **check_params)
           ^^^^^^^^^^^^^^^^^^^^^^^^^^^^^^^
  File "c:\Users\lttlk\Documents\Nueo\.venv\Lib\site-packages\sklearn\utils\validation.py", line 1368, in check_X_y
    X = check_array(
        ^^^^^^^^^^^^
  File "c:\Users\lttlk\Documents\Nueo\.venv\Lib\site-packages\sklearn\utils\validation.py", line 1053, in check_array
    array = _asarray_with_order(array, order=order, dtype=dtype, xp=xp)
            ^^^^^^^^^^^^^^^^^^^^^^^^^^^^^^^^^^^^^^^^^^^^^^^^^^^^^^^^^^^
  File "c:\Users\lttlk\Documents\Nueo\.venv\Lib\site-packages\sklearn\utils\_array_api.py", line 757, in _asarray_with_order
    array = numpy.asarray(array, order=order, dtype=dtype)
            ^^^^^^^^^^^^^^^^^^^^^^^^^^^^^^^^^^^^^^^^^^^^^^
ValueError: could not convert string to float: 'Dynasty Warriors 5'

--------------------------------------------------------------------------------
4 fits failed with the following error:
Traceback (most recent call last):
  File "c:\Users\lttlk\Documents\Nueo\.venv\Lib\site-packages\sklearn\model_selection\_validation.py", line 859, in _fit_and_score
    estimator.fit(X_train, y_train, **fit_params)
  File "c:\Users\lttlk\Documents\Nueo\.venv\Lib\site-packages\sklearn\base.py", line 1365, in wrapper
    return fit_method(estimator, *args, **kwargs)
           ^^^^^^^^^^^^^^^^^^^^^^^^^^^^^^^^^^^^^^
  File "c:\Users\lttlk\Documents\Nueo\.venv\Lib\site-packages\sklearn\pipeline.py", line 663, in fit
    self._final_estimator.fit(Xt, y, **last_step_params["fit"])
  File "c:\Users\lttlk\Documents\Nueo\.venv\Lib\site-packages\sklearn\base.py", line 1365, in wrapper
    return fit_method(estimator, *args, **kwargs)
           ^^^^^^^^^^^^^^^^^^^^^^^^^^^^^^^^^^^^^^
  File "c:\Users\lttlk\Documents\Nueo\.venv\Lib\site-packages\sklearn\linear_model\_base.py", line 618, in fit
    X, y = validate_data(
           ^^^^^^^^^^^^^^
  File "c:\Users\lttlk\Documents\Nueo\.venv\Lib\site-packages\sklearn\utils\validation.py", line 2971, in validate_data
    X, y = check_X_y(X, y, **check_params)
           ^^^^^^^^^^^^^^^^^^^^^^^^^^^^^^^
  File "c:\Users\lttlk\Documents\Nueo\.venv\Lib\site-packages\sklearn\utils\validation.py", line 1368, in check_X_y
    X = check_array(
        ^^^^^^^^^^^^
  File "c:\Users\lttlk\Documents\Nueo\.venv\Lib\site-packages\sklearn\utils\validation.py", line 1053, in check_array
    array = _asarray_with_order(array, order=order, dtype=dtype, xp=xp)
            ^^^^^^^^^^^^^^^^^^^^^^^^^^^^^^^^^^^^^^^^^^^^^^^^^^^^^^^^^^^
  File "c:\Users\lttlk\Documents\Nueo\.venv\Lib\site-packages\sklearn\utils\_array_api.py", line 757, in _asarray_with_order
    array = numpy.asarray(array, order=order, dtype=dtype)
            ^^^^^^^^^^^^^^^^^^^^^^^^^^^^^^^^^^^^^^^^^^^^^^
ValueError: could not convert string to float: 'Gallop & Ride!'

2025-10-27 18:06:12,546 - kedro.runner.sequential_runner - WARNING - No nodes ran. Repeat the previous command to attempt a new run.
2025-10-27 18:10:26,611 - kedro.framework.project - INFO - Using 'conf\logging.yml' as logging configuration. You can change this by setting the KEDRO_LOGGING_CONFIG environment variable accordingly.
2025-10-27 18:10:27,888 - kedro.framework.session.session - INFO - Kedro project machinegame
2025-10-27 18:10:31,273 - kedro_telemetry.plugin - INFO - Kedro is sending anonymous usage data with the sole purpose of improving the product. No personal data or IP addresses are stored on our side. To opt out, set the `KEDRO_DISABLE_TELEMETRY` or `DO_NOT_TRACK` environment variables, or create a `.telemetry` file in the current working directory with the contents `consent: false`. To hide this message, explicitly grant or deny consent. Read more at https://docs.kedro.org/en/stable/configuration/telemetry.html
2025-10-27 18:10:34,258 - kedro.framework.project - INFO - Using 'conf\logging.yml' as logging configuration. You can change this by setting the KEDRO_LOGGING_CONFIG environment variable accordingly.
2025-10-27 18:10:35,458 - kedro.framework.session.session - INFO - Kedro project machinegame
2025-10-27 18:10:37,564 - kedro_telemetry.plugin - INFO - Kedro is sending anonymous usage data with the sole purpose of improving the product. No personal data or IP addresses are stored on our side. To opt out, set the `KEDRO_DISABLE_TELEMETRY` or `DO_NOT_TRACK` environment variables, or create a `.telemetry` file in the current working directory with the contents `consent: false`. To hide this message, explicitly grant or deny consent. Read more at https://docs.kedro.org/en/stable/configuration/telemetry.html
2025-10-27 18:13:59,066 - kedro.framework.project - INFO - Using 'conf\logging.yml' as logging configuration. You can change this by setting the KEDRO_LOGGING_CONFIG environment variable accordingly.
2025-10-27 18:14:00,260 - kedro.framework.session.session - INFO - Kedro project machinegame
2025-10-27 18:14:03,326 - kedro_telemetry.plugin - INFO - Kedro is sending anonymous usage data with the sole purpose of improving the product. No personal data or IP addresses are stored on our side. To opt out, set the `KEDRO_DISABLE_TELEMETRY` or `DO_NOT_TRACK` environment variables, or create a `.telemetry` file in the current working directory with the contents `consent: false`. To hide this message, explicitly grant or deny consent. Read more at https://docs.kedro.org/en/stable/configuration/telemetry.html
2025-10-27 18:14:04,360 - kedro_viz.integrations.kedro.run_hooks - WARNING - Workflow tracking is disabled during partial pipeline runs (executed using --from-nodes, --to-nodes, --tags, --pipeline, and more). `.viz/kedro_pipeline_events.json` will be created only during a full kedro run. See issue https://github.com/kedro-org/kedro-viz/issues/2443 for more details.
2025-10-27 18:14:05,188 - kedro.runner.sequential_runner - INFO - Using synchronous mode for loading and saving data. Use the --async flag for potential performance gains. https://docs.kedro.org/en/stable/nodes_and_pipelines/run_a_pipeline.html#load-and-save-asynchronously
2025-10-27 18:14:05,195 - kedro.io.data_catalog - INFO - Loading data from [dark_orange]model_input_classification[/dark_orange] (ParquetDataset)...
2025-10-27 18:14:05,269 - kedro.io.data_catalog - INFO - Loading data from [dark_orange]params:model[/dark_orange] (MemoryDataset)...
2025-10-27 18:14:05,273 - kedro.pipeline.node - INFO - Running node: split_cls_node: split_data_cls([model_input_classification;params:model]) -> [X_train_cls;X_test_cls;y_train_cls;y_test_cls]
2025-10-27 18:14:05,279 - kedro.pipeline.node - ERROR - Node split_cls_node: split_data_cls([model_input_classification;params:model]) -> [X_train_cls;X_test_cls;y_train_cls;y_test_cls] failed with error: 
'target'
2025-10-27 18:14:05,281 - kedro.runner.sequential_runner - WARNING - No nodes ran. Repeat the previous command to attempt a new run.
2025-10-27 18:14:08,415 - kedro.framework.project - INFO - Using 'conf\logging.yml' as logging configuration. You can change this by setting the KEDRO_LOGGING_CONFIG environment variable accordingly.
2025-10-27 18:14:09,592 - kedro.framework.session.session - INFO - Kedro project machinegame
2025-10-27 18:14:12,140 - kedro_telemetry.plugin - INFO - Kedro is sending anonymous usage data with the sole purpose of improving the product. No personal data or IP addresses are stored on our side. To opt out, set the `KEDRO_DISABLE_TELEMETRY` or `DO_NOT_TRACK` environment variables, or create a `.telemetry` file in the current working directory with the contents `consent: false`. To hide this message, explicitly grant or deny consent. Read more at https://docs.kedro.org/en/stable/configuration/telemetry.html
2025-10-27 18:14:13,075 - kedro_viz.integrations.kedro.run_hooks - WARNING - Workflow tracking is disabled during partial pipeline runs (executed using --from-nodes, --to-nodes, --tags, --pipeline, and more). `.viz/kedro_pipeline_events.json` will be created only during a full kedro run. See issue https://github.com/kedro-org/kedro-viz/issues/2443 for more details.
2025-10-27 18:14:13,660 - kedro.runner.sequential_runner - INFO - Using synchronous mode for loading and saving data. Use the --async flag for potential performance gains. https://docs.kedro.org/en/stable/nodes_and_pipelines/run_a_pipeline.html#load-and-save-asynchronously
2025-10-27 18:14:13,665 - kedro.io.data_catalog - INFO - Loading data from [dark_orange]model_input_regression[/dark_orange] (ParquetDataset)...
2025-10-27 18:14:13,694 - kedro.io.data_catalog - INFO - Loading data from [dark_orange]params:model[/dark_orange] (MemoryDataset)...
2025-10-27 18:14:13,697 - kedro.pipeline.node - INFO - Running node: split_reg_node: split_data_reg([model_input_regression;params:model]) -> [X_train_reg;X_test_reg;y_train_reg;y_test_reg]
2025-10-27 18:14:13,700 - kedro.pipeline.node - ERROR - Node split_reg_node: split_data_reg([model_input_regression;params:model]) -> [X_train_reg;X_test_reg;y_train_reg;y_test_reg] failed with error: 
'target_reg'
2025-10-27 18:14:13,703 - kedro.runner.sequential_runner - WARNING - No nodes ran. Repeat the previous command to attempt a new run.
2025-10-27 18:18:17,723 - kedro.framework.project - INFO - Using 'conf\logging.yml' as logging configuration. You can change this by setting the KEDRO_LOGGING_CONFIG environment variable accordingly.
2025-10-27 18:18:18,936 - kedro.framework.session.session - INFO - Kedro project machinegame
2025-10-27 18:18:21,939 - kedro_telemetry.plugin - INFO - Kedro is sending anonymous usage data with the sole purpose of improving the product. No personal data or IP addresses are stored on our side. To opt out, set the `KEDRO_DISABLE_TELEMETRY` or `DO_NOT_TRACK` environment variables, or create a `.telemetry` file in the current working directory with the contents `consent: false`. To hide this message, explicitly grant or deny consent. Read more at https://docs.kedro.org/en/stable/configuration/telemetry.html
2025-10-27 18:18:22,953 - kedro_viz.integrations.kedro.run_hooks - WARNING - Workflow tracking is disabled during partial pipeline runs (executed using --from-nodes, --to-nodes, --tags, --pipeline, and more). `.viz/kedro_pipeline_events.json` will be created only during a full kedro run. See issue https://github.com/kedro-org/kedro-viz/issues/2443 for more details.
2025-10-27 18:18:23,739 - kedro.runner.sequential_runner - INFO - Using synchronous mode for loading and saving data. Use the --async flag for potential performance gains. https://docs.kedro.org/en/stable/nodes_and_pipelines/run_a_pipeline.html#load-and-save-asynchronously
2025-10-27 18:18:23,745 - kedro.io.data_catalog - INFO - Loading data from [dark_orange]model_input_classification[/dark_orange] (ParquetDataset)...
2025-10-27 18:18:23,810 - kedro.io.data_catalog - INFO - Loading data from [dark_orange]params:model[/dark_orange] (MemoryDataset)...
2025-10-27 18:18:23,814 - kedro.pipeline.node - INFO - Running node: split_cls_node: split_data_cls([model_input_classification;params:model]) -> [X_train_cls;X_test_cls;y_train_cls;y_test_cls]
2025-10-27 18:18:23,843 - kedro.io.data_catalog - INFO - Saving data to [dark_orange]X_train_cls[/dark_orange] (MemoryDataset)...
2025-10-27 18:18:23,850 - kedro.io.data_catalog - INFO - Saving data to [dark_orange]X_test_cls[/dark_orange] (MemoryDataset)...
2025-10-27 18:18:23,855 - kedro.io.data_catalog - INFO - Saving data to [dark_orange]y_train_cls[/dark_orange] (MemoryDataset)...
2025-10-27 18:18:23,859 - kedro.io.data_catalog - INFO - Saving data to [dark_orange]y_test_cls[/dark_orange] (MemoryDataset)...
2025-10-27 18:18:23,869 - kedro.runner.sequential_runner - INFO - Completed node: split_cls_node
2025-10-27 18:18:23,871 - kedro.runner.sequential_runner - INFO - Completed 1 out of 4 tasks
2025-10-27 18:18:23,873 - kedro.io.data_catalog - INFO - Loading data from [dark_orange]X_train_cls[/dark_orange] (MemoryDataset)...
2025-10-27 18:18:23,878 - kedro.io.data_catalog - INFO - Loading data from [dark_orange]y_train_cls[/dark_orange] (MemoryDataset)...
2025-10-27 18:18:23,884 - kedro.io.data_catalog - INFO - Loading data from [dark_orange]params:cls.grid[/dark_orange] (MemoryDataset)...
2025-10-27 18:18:23,888 - kedro.io.data_catalog - INFO - Loading data from [dark_orange]params:cls.cv[/dark_orange] (MemoryDataset)...
2025-10-27 18:18:23,892 - kedro.pipeline.node - INFO - Running node: train_classifiers_node: train_classifiers([X_train_cls;y_train_cls;params:cls.grid;params:cls.cv]) -> [cls_models]
2025-10-27 18:18:23,930 - py.warnings - WARNING - C:\Users\lttlk\Documents\Nueo\.venv\Lib\site-packages\sklearn\model_selection\_split.py:811: UserWarning: The least populated class in y has only 2 members, which is less than n_splits=5.
  warnings.warn(

2025-10-27 18:18:29,984 - kedro.pipeline.node - ERROR - Node train_classifiers_node: train_classifiers([X_train_cls;y_train_cls;params:cls.grid;params:cls.cv]) -> [cls_models] failed with error: 
pos_label=1 is not a valid label: It should be one of ['' 'E' 'E10+' 'EC' 'K-A' 'M' 'RP' 'T']
2025-10-27 18:18:29,990 - kedro.runner.sequential_runner - WARNING - There are 3 nodes that have not run.
You can resume the pipeline run from the nearest nodes with persisted inputs by adding the following argument to your previous command:
  --from-nodes "split_cls_node"
2025-10-27 18:18:33,185 - kedro.framework.project - INFO - Using 'conf\logging.yml' as logging configuration. You can change this by setting the KEDRO_LOGGING_CONFIG environment variable accordingly.
2025-10-27 18:18:34,341 - kedro.framework.session.session - INFO - Kedro project machinegame
2025-10-27 18:18:36,793 - kedro_telemetry.plugin - INFO - Kedro is sending anonymous usage data with the sole purpose of improving the product. No personal data or IP addresses are stored on our side. To opt out, set the `KEDRO_DISABLE_TELEMETRY` or `DO_NOT_TRACK` environment variables, or create a `.telemetry` file in the current working directory with the contents `consent: false`. To hide this message, explicitly grant or deny consent. Read more at https://docs.kedro.org/en/stable/configuration/telemetry.html
2025-10-27 18:18:37,795 - kedro_viz.integrations.kedro.run_hooks - WARNING - Workflow tracking is disabled during partial pipeline runs (executed using --from-nodes, --to-nodes, --tags, --pipeline, and more). `.viz/kedro_pipeline_events.json` will be created only during a full kedro run. See issue https://github.com/kedro-org/kedro-viz/issues/2443 for more details.
2025-10-27 18:18:38,487 - kedro.runner.sequential_runner - INFO - Using synchronous mode for loading and saving data. Use the --async flag for potential performance gains. https://docs.kedro.org/en/stable/nodes_and_pipelines/run_a_pipeline.html#load-and-save-asynchronously
2025-10-27 18:18:38,494 - kedro.io.data_catalog - INFO - Loading data from [dark_orange]model_input_regression[/dark_orange] (ParquetDataset)...
2025-10-27 18:18:38,525 - kedro.io.data_catalog - INFO - Loading data from [dark_orange]params:model[/dark_orange] (MemoryDataset)...
2025-10-27 18:18:38,529 - kedro.pipeline.node - INFO - Running node: split_reg_node: split_data_reg([model_input_regression;params:model]) -> [X_train_reg;X_test_reg;y_train_reg;y_test_reg]
2025-10-27 18:18:38,544 - kedro.io.data_catalog - INFO - Saving data to [dark_orange]X_train_reg[/dark_orange] (MemoryDataset)...
2025-10-27 18:18:38,549 - kedro.io.data_catalog - INFO - Saving data to [dark_orange]X_test_reg[/dark_orange] (MemoryDataset)...
2025-10-27 18:18:38,554 - kedro.io.data_catalog - INFO - Saving data to [dark_orange]y_train_reg[/dark_orange] (MemoryDataset)...
2025-10-27 18:18:38,558 - kedro.io.data_catalog - INFO - Saving data to [dark_orange]y_test_reg[/dark_orange] (MemoryDataset)...
2025-10-27 18:18:38,563 - kedro.runner.sequential_runner - INFO - Completed node: split_reg_node
2025-10-27 18:18:38,565 - kedro.runner.sequential_runner - INFO - Completed 1 out of 4 tasks
2025-10-27 18:18:38,567 - kedro.io.data_catalog - INFO - Loading data from [dark_orange]X_train_reg[/dark_orange] (MemoryDataset)...
2025-10-27 18:18:38,573 - kedro.io.data_catalog - INFO - Loading data from [dark_orange]y_train_reg[/dark_orange] (MemoryDataset)...
2025-10-27 18:18:38,576 - kedro.io.data_catalog - INFO - Loading data from [dark_orange]params:reg.grid[/dark_orange] (MemoryDataset)...
2025-10-27 18:18:38,579 - kedro.io.data_catalog - INFO - Loading data from [dark_orange]params:reg.cv[/dark_orange] (MemoryDataset)...
2025-10-27 18:18:38,583 - kedro.pipeline.node - INFO - Running node: train_regressors_node: train_regressors([X_train_reg;y_train_reg;params:reg.grid;params:reg.cv]) -> [reg_models]
2025-10-27 18:19:33,942 - kedro.io.data_catalog - INFO - Saving data to [dark_orange]reg_models[/dark_orange] (MemoryDataset)...
2025-10-27 18:19:34,074 - kedro.runner.sequential_runner - INFO - Completed node: train_regressors_node
2025-10-27 18:19:34,075 - kedro.runner.sequential_runner - INFO - Completed 2 out of 4 tasks
2025-10-27 18:19:34,080 - kedro.io.data_catalog - INFO - Loading data from [dark_orange]reg_models[/dark_orange] (MemoryDataset)...
2025-10-27 18:19:34,278 - kedro.io.data_catalog - INFO - Loading data from [dark_orange]X_test_reg[/dark_orange] (MemoryDataset)...
2025-10-27 18:19:34,282 - kedro.io.data_catalog - INFO - Loading data from [dark_orange]y_test_reg[/dark_orange] (MemoryDataset)...
2025-10-27 18:19:34,285 - kedro.pipeline.node - INFO - Running node: eval_regressors_node: evaluate_regressors([reg_models;X_test_reg;y_test_reg]) -> [reg_eval_table]
2025-10-27 18:19:34,296 - kedro.pipeline.node - ERROR - Node eval_regressors_node: evaluate_regressors([reg_models;X_test_reg;y_test_reg]) -> [reg_eval_table] failed with error: 
got an unexpected keyword argument 'squared'
2025-10-27 18:19:34,302 - kedro.runner.sequential_runner - WARNING - There are 2 nodes that have not run.
You can resume the pipeline run from the nearest nodes with persisted inputs by adding the following argument to your previous command:
  --from-nodes "split_reg_node"
2025-10-27 18:35:20,862 - kedro.framework.project - INFO - Using 'conf\logging.yml' as logging configuration. You can change this by setting the KEDRO_LOGGING_CONFIG environment variable accordingly.
2025-10-27 18:35:22,076 - kedro.framework.session.session - INFO - Kedro project machinegame
2025-10-27 18:35:25,141 - kedro_telemetry.plugin - INFO - Kedro is sending anonymous usage data with the sole purpose of improving the product. No personal data or IP addresses are stored on our side. To opt out, set the `KEDRO_DISABLE_TELEMETRY` or `DO_NOT_TRACK` environment variables, or create a `.telemetry` file in the current working directory with the contents `consent: false`. To hide this message, explicitly grant or deny consent. Read more at https://docs.kedro.org/en/stable/configuration/telemetry.html
2025-10-27 18:35:26,158 - kedro_viz.integrations.kedro.run_hooks - WARNING - Workflow tracking is disabled during partial pipeline runs (executed using --from-nodes, --to-nodes, --tags, --pipeline, and more). `.viz/kedro_pipeline_events.json` will be created only during a full kedro run. See issue https://github.com/kedro-org/kedro-viz/issues/2443 for more details.
2025-10-27 18:35:26,963 - kedro.runner.sequential_runner - INFO - Using synchronous mode for loading and saving data. Use the --async flag for potential performance gains. https://docs.kedro.org/en/stable/nodes_and_pipelines/run_a_pipeline.html#load-and-save-asynchronously
2025-10-27 18:35:26,970 - kedro.io.data_catalog - INFO - Loading data from [dark_orange]model_input_classification[/dark_orange] (ParquetDataset)...
2025-10-27 18:35:27,038 - kedro.io.data_catalog - INFO - Loading data from [dark_orange]params:model[/dark_orange] (MemoryDataset)...
2025-10-27 18:35:27,042 - kedro.pipeline.node - INFO - Running node: split_cls_node: split_data_cls([model_input_classification;params:model]) -> [X_train_cls;X_test_cls;y_train_cls;y_test_cls]
2025-10-27 18:35:27,046 - kedro.pipeline.node - ERROR - Node split_cls_node: split_data_cls([model_input_classification;params:model]) -> [X_train_cls;X_test_cls;y_train_cls;y_test_cls] failed with error: 
'params.model.target_cls no está definido.'
2025-10-27 18:35:27,048 - kedro.runner.sequential_runner - WARNING - No nodes ran. Repeat the previous command to attempt a new run.
2025-10-27 18:35:28,865 - kedro.framework.project - INFO - Using 'conf\logging.yml' as logging configuration. You can change this by setting the KEDRO_LOGGING_CONFIG environment variable accordingly.
2025-10-27 18:35:29,948 - kedro.framework.session.session - INFO - Kedro project machinegame
2025-10-27 18:35:32,181 - kedro_telemetry.plugin - INFO - Kedro is sending anonymous usage data with the sole purpose of improving the product. No personal data or IP addresses are stored on our side. To opt out, set the `KEDRO_DISABLE_TELEMETRY` or `DO_NOT_TRACK` environment variables, or create a `.telemetry` file in the current working directory with the contents `consent: false`. To hide this message, explicitly grant or deny consent. Read more at https://docs.kedro.org/en/stable/configuration/telemetry.html
2025-10-27 18:35:33,117 - kedro_viz.integrations.kedro.run_hooks - WARNING - Workflow tracking is disabled during partial pipeline runs (executed using --from-nodes, --to-nodes, --tags, --pipeline, and more). `.viz/kedro_pipeline_events.json` will be created only during a full kedro run. See issue https://github.com/kedro-org/kedro-viz/issues/2443 for more details.
2025-10-27 18:35:33,694 - kedro.runner.sequential_runner - INFO - Using synchronous mode for loading and saving data. Use the --async flag for potential performance gains. https://docs.kedro.org/en/stable/nodes_and_pipelines/run_a_pipeline.html#load-and-save-asynchronously
2025-10-27 18:35:33,701 - kedro.io.data_catalog - INFO - Loading data from [dark_orange]model_input_regression[/dark_orange] (ParquetDataset)...
2025-10-27 18:35:33,730 - kedro.io.data_catalog - INFO - Loading data from [dark_orange]params:model[/dark_orange] (MemoryDataset)...
2025-10-27 18:35:33,734 - kedro.pipeline.node - INFO - Running node: split_reg_node: split_data_reg([model_input_regression;params:model]) -> [X_train_reg;X_test_reg;y_train_reg;y_test_reg]
2025-10-27 18:35:33,737 - kedro.pipeline.node - ERROR - Node split_reg_node: split_data_reg([model_input_regression;params:model]) -> [X_train_reg;X_test_reg;y_train_reg;y_test_reg] failed with error: 
'params.model.target_reg no está definido.'
2025-10-27 18:35:33,740 - kedro.runner.sequential_runner - WARNING - No nodes ran. Repeat the previous command to attempt a new run.
2025-10-27 18:37:49,376 - kedro.framework.project - INFO - Using 'conf\logging.yml' as logging configuration. You can change this by setting the KEDRO_LOGGING_CONFIG environment variable accordingly.
2025-10-27 18:37:50,591 - kedro.framework.session.session - INFO - Kedro project machinegame
2025-10-27 18:37:53,748 - kedro_telemetry.plugin - INFO - Kedro is sending anonymous usage data with the sole purpose of improving the product. No personal data or IP addresses are stored on our side. To opt out, set the `KEDRO_DISABLE_TELEMETRY` or `DO_NOT_TRACK` environment variables, or create a `.telemetry` file in the current working directory with the contents `consent: false`. To hide this message, explicitly grant or deny consent. Read more at https://docs.kedro.org/en/stable/configuration/telemetry.html
2025-10-27 18:37:54,792 - kedro_viz.integrations.kedro.run_hooks - WARNING - Workflow tracking is disabled during partial pipeline runs (executed using --from-nodes, --to-nodes, --tags, --pipeline, and more). `.viz/kedro_pipeline_events.json` will be created only during a full kedro run. See issue https://github.com/kedro-org/kedro-viz/issues/2443 for more details.
2025-10-27 18:37:55,614 - kedro.runner.sequential_runner - INFO - Using synchronous mode for loading and saving data. Use the --async flag for potential performance gains. https://docs.kedro.org/en/stable/nodes_and_pipelines/run_a_pipeline.html#load-and-save-asynchronously
2025-10-27 18:37:55,620 - kedro.io.data_catalog - INFO - Loading data from [dark_orange]model_input_classification[/dark_orange] (ParquetDataset)...
2025-10-27 18:37:55,687 - kedro.io.data_catalog - INFO - Loading data from [dark_orange]params:model[/dark_orange] (MemoryDataset)...
2025-10-27 18:37:55,690 - kedro.pipeline.node - INFO - Running node: split_cls_node: split_data_cls([model_input_classification;params:model]) -> [X_train_cls;X_test_cls;y_train_cls;y_test_cls]
2025-10-27 18:37:55,694 - kedro.pipeline.node - ERROR - Node split_cls_node: split_data_cls([model_input_classification;params:model]) -> [X_train_cls;X_test_cls;y_train_cls;y_test_cls] failed with error: 
"Target 'rating_esrb' no existe en dataframe. Columnas: ['Name', 'Platform', 'Year_of_Release', 'Genre', 'Publisher', 'NA_Sales', 'EU_Sales', 'JP_Sales', 'Other_Sales', 'Global_Sales', 'Critic_Score', 'Critic_Count', 'User_Score', 'User_Count', 'Developer', 'Rating']"
2025-10-27 18:37:55,698 - kedro.runner.sequential_runner - WARNING - No nodes ran. Repeat the previous command to attempt a new run.
2025-10-27 18:37:57,637 - kedro.framework.project - INFO - Using 'conf\logging.yml' as logging configuration. You can change this by setting the KEDRO_LOGGING_CONFIG environment variable accordingly.
2025-10-27 18:37:58,787 - kedro.framework.session.session - INFO - Kedro project machinegame
2025-10-27 18:38:01,011 - kedro_telemetry.plugin - INFO - Kedro is sending anonymous usage data with the sole purpose of improving the product. No personal data or IP addresses are stored on our side. To opt out, set the `KEDRO_DISABLE_TELEMETRY` or `DO_NOT_TRACK` environment variables, or create a `.telemetry` file in the current working directory with the contents `consent: false`. To hide this message, explicitly grant or deny consent. Read more at https://docs.kedro.org/en/stable/configuration/telemetry.html
2025-10-27 18:38:01,962 - kedro_viz.integrations.kedro.run_hooks - WARNING - Workflow tracking is disabled during partial pipeline runs (executed using --from-nodes, --to-nodes, --tags, --pipeline, and more). `.viz/kedro_pipeline_events.json` will be created only during a full kedro run. See issue https://github.com/kedro-org/kedro-viz/issues/2443 for more details.
2025-10-27 18:38:02,562 - kedro.runner.sequential_runner - INFO - Using synchronous mode for loading and saving data. Use the --async flag for potential performance gains. https://docs.kedro.org/en/stable/nodes_and_pipelines/run_a_pipeline.html#load-and-save-asynchronously
2025-10-27 18:38:02,570 - kedro.io.data_catalog - INFO - Loading data from [dark_orange]model_input_regression[/dark_orange] (ParquetDataset)...
2025-10-27 18:38:02,599 - kedro.io.data_catalog - INFO - Loading data from [dark_orange]params:model[/dark_orange] (MemoryDataset)...
2025-10-27 18:38:02,603 - kedro.pipeline.node - INFO - Running node: split_reg_node: split_data_reg([model_input_regression;params:model]) -> [X_train_reg;X_test_reg;y_train_reg;y_test_reg]
2025-10-27 18:38:02,606 - kedro.pipeline.node - ERROR - Node split_reg_node: split_data_reg([model_input_regression;params:model]) -> [X_train_reg;X_test_reg;y_train_reg;y_test_reg] failed with error: 
"Target 'metascore' no existe en dataframe. Columnas: ['Name', 'Platform', 'Year_of_Release', 'Genre', 'Publisher', 'NA_Sales', 'EU_Sales', 'JP_Sales', 'Other_Sales', 'Global_Sales', 'Critic_Score', 'Critic_Count', 'User_Score', 'User_Count', 'Developer', 'Rating']"
2025-10-27 18:38:02,609 - kedro.runner.sequential_runner - WARNING - No nodes ran. Repeat the previous command to attempt a new run.
2025-10-27 18:40:21,059 - kedro.framework.project - INFO - Using 'conf\logging.yml' as logging configuration. You can change this by setting the KEDRO_LOGGING_CONFIG environment variable accordingly.
2025-10-27 18:40:22,329 - kedro.framework.session.session - INFO - Kedro project machinegame
2025-10-27 18:40:25,327 - kedro_telemetry.plugin - INFO - Kedro is sending anonymous usage data with the sole purpose of improving the product. No personal data or IP addresses are stored on our side. To opt out, set the `KEDRO_DISABLE_TELEMETRY` or `DO_NOT_TRACK` environment variables, or create a `.telemetry` file in the current working directory with the contents `consent: false`. To hide this message, explicitly grant or deny consent. Read more at https://docs.kedro.org/en/stable/configuration/telemetry.html
2025-10-27 18:40:26,373 - kedro_viz.integrations.kedro.run_hooks - WARNING - Workflow tracking is disabled during partial pipeline runs (executed using --from-nodes, --to-nodes, --tags, --pipeline, and more). `.viz/kedro_pipeline_events.json` will be created only during a full kedro run. See issue https://github.com/kedro-org/kedro-viz/issues/2443 for more details.
2025-10-27 18:40:27,170 - kedro.runner.sequential_runner - INFO - Using synchronous mode for loading and saving data. Use the --async flag for potential performance gains. https://docs.kedro.org/en/stable/nodes_and_pipelines/run_a_pipeline.html#load-and-save-asynchronously
2025-10-27 18:40:27,175 - kedro.io.data_catalog - INFO - Loading data from [dark_orange]model_input_classification[/dark_orange] (ParquetDataset)...
2025-10-27 18:40:27,243 - kedro.io.data_catalog - INFO - Loading data from [dark_orange]params:model[/dark_orange] (MemoryDataset)...
2025-10-27 18:40:27,246 - kedro.pipeline.node - INFO - Running node: split_cls_node: split_data_cls([model_input_classification;params:model]) -> [X_train_cls;X_test_cls;y_train_cls;y_test_cls]
2025-10-27 18:40:27,270 - kedro.pipeline.node - ERROR - Node split_cls_node: split_data_cls([model_input_classification;params:model]) -> [X_train_cls;X_test_cls;y_train_cls;y_test_cls] failed with error: 
The least populated class in y has only 1 member, which is too few. The minimum number of groups for any class cannot be less than 2.
2025-10-27 18:40:27,273 - kedro.runner.sequential_runner - WARNING - No nodes ran. Repeat the previous command to attempt a new run.
2025-10-27 18:40:29,687 - kedro.framework.project - INFO - Using 'conf\logging.yml' as logging configuration. You can change this by setting the KEDRO_LOGGING_CONFIG environment variable accordingly.
2025-10-27 18:40:30,793 - kedro.framework.session.session - INFO - Kedro project machinegame
2025-10-27 18:40:33,083 - kedro_telemetry.plugin - INFO - Kedro is sending anonymous usage data with the sole purpose of improving the product. No personal data or IP addresses are stored on our side. To opt out, set the `KEDRO_DISABLE_TELEMETRY` or `DO_NOT_TRACK` environment variables, or create a `.telemetry` file in the current working directory with the contents `consent: false`. To hide this message, explicitly grant or deny consent. Read more at https://docs.kedro.org/en/stable/configuration/telemetry.html
2025-10-27 18:40:34,018 - kedro_viz.integrations.kedro.run_hooks - WARNING - Workflow tracking is disabled during partial pipeline runs (executed using --from-nodes, --to-nodes, --tags, --pipeline, and more). `.viz/kedro_pipeline_events.json` will be created only during a full kedro run. See issue https://github.com/kedro-org/kedro-viz/issues/2443 for more details.
2025-10-27 18:40:34,581 - kedro.runner.sequential_runner - INFO - Using synchronous mode for loading and saving data. Use the --async flag for potential performance gains. https://docs.kedro.org/en/stable/nodes_and_pipelines/run_a_pipeline.html#load-and-save-asynchronously
2025-10-27 18:40:34,586 - kedro.io.data_catalog - INFO - Loading data from [dark_orange]model_input_regression[/dark_orange] (ParquetDataset)...
2025-10-27 18:40:34,614 - kedro.io.data_catalog - INFO - Loading data from [dark_orange]params:model[/dark_orange] (MemoryDataset)...
2025-10-27 18:40:34,618 - kedro.pipeline.node - INFO - Running node: split_reg_node: split_data_reg([model_input_regression;params:model]) -> [X_train_reg;X_test_reg;y_train_reg;y_test_reg]
2025-10-27 18:40:34,639 - kedro.io.data_catalog - INFO - Saving data to [dark_orange]X_train_reg[/dark_orange] (MemoryDataset)...
2025-10-27 18:40:34,644 - kedro.io.data_catalog - INFO - Saving data to [dark_orange]X_test_reg[/dark_orange] (MemoryDataset)...
2025-10-27 18:40:34,648 - kedro.io.data_catalog - INFO - Saving data to [dark_orange]y_train_reg[/dark_orange] (MemoryDataset)...
2025-10-27 18:40:34,651 - kedro.io.data_catalog - INFO - Saving data to [dark_orange]y_test_reg[/dark_orange] (MemoryDataset)...
2025-10-27 18:40:34,658 - kedro.runner.sequential_runner - INFO - Completed node: split_reg_node
2025-10-27 18:40:34,660 - kedro.runner.sequential_runner - INFO - Completed 1 out of 4 tasks
2025-10-27 18:40:34,661 - kedro.io.data_catalog - INFO - Loading data from [dark_orange]X_train_reg[/dark_orange] (MemoryDataset)...
2025-10-27 18:40:34,666 - kedro.io.data_catalog - INFO - Loading data from [dark_orange]y_train_reg[/dark_orange] (MemoryDataset)...
2025-10-27 18:40:34,669 - kedro.io.data_catalog - INFO - Loading data from [dark_orange]params:reg.grid[/dark_orange] (MemoryDataset)...
2025-10-27 18:40:34,673 - kedro.io.data_catalog - INFO - Loading data from [dark_orange]params:reg.cv[/dark_orange] (MemoryDataset)...
2025-10-27 18:40:34,676 - kedro.pipeline.node - INFO - Running node: train_regressors_node: train_regressors([X_train_reg;y_train_reg;params:reg.grid;params:reg.cv]) -> [reg_models]
2025-10-27 18:40:39,398 - kedro.pipeline.node - ERROR - Node train_regressors_node: train_regressors([X_train_reg;y_train_reg;params:reg.grid;params:reg.cv]) -> [reg_models] failed with error: 
could not convert string to float: 'Gallop & Ride!'
2025-10-27 18:40:39,403 - kedro.runner.sequential_runner - WARNING - There are 3 nodes that have not run.
You can resume the pipeline run from the nearest nodes with persisted inputs by adding the following argument to your previous command:
  --from-nodes "split_reg_node"
2025-11-01 20:01:50,482 - kedro.framework.project - INFO - Using 'conf\logging.yml' as logging configuration. You can change this by setting the KEDRO_LOGGING_CONFIG environment variable accordingly.
2025-11-01 20:01:54,968 - kedro.framework.session.session - INFO - Kedro project machinegame
2025-11-01 20:02:22,661 - kedro_telemetry.plugin - INFO - Kedro is sending anonymous usage data with the sole purpose of improving the product. No personal data or IP addresses are stored on our side. To opt out, set the `KEDRO_DISABLE_TELEMETRY` or `DO_NOT_TRACK` environment variables, or create a `.telemetry` file in the current working directory with the contents `consent: false`. To hide this message, explicitly grant or deny consent. Read more at https://docs.kedro.org/en/stable/configuration/telemetry.html
2025-11-01 20:02:23,696 - kedro_viz.integrations.kedro.run_hooks - WARNING - Workflow tracking is disabled during partial pipeline runs (executed using --from-nodes, --to-nodes, --tags, --pipeline, and more). `.viz/kedro_pipeline_events.json` will be created only during a full kedro run. See issue https://github.com/kedro-org/kedro-viz/issues/2443 for more details.
2025-11-01 20:02:29,933 - kedro.runner.sequential_runner - INFO - Using synchronous mode for loading and saving data. Use the --async flag for potential performance gains. https://docs.kedro.org/en/stable/nodes_and_pipelines/run_a_pipeline.html#load-and-save-asynchronously
2025-11-01 20:02:29,938 - kedro.io.data_catalog - INFO - Loading data from [dark_orange]model_input_regression[/dark_orange] (ParquetDataset)...
2025-11-01 20:02:30,057 - kedro.io.data_catalog - INFO - Loading data from [dark_orange]params:model[/dark_orange] (MemoryDataset)...
2025-11-01 20:02:30,061 - kedro.pipeline.node - INFO - Running node: split_reg_node: split_data_reg([model_input_regression;params:model]) -> [X_train_reg;X_test_reg;y_train_reg;y_test_reg]
2025-11-01 20:02:30,094 - kedro.io.data_catalog - INFO - Saving data to [dark_orange]X_train_reg[/dark_orange] (MemoryDataset)...
2025-11-01 20:02:30,101 - kedro.io.data_catalog - INFO - Saving data to [dark_orange]X_test_reg[/dark_orange] (MemoryDataset)...
2025-11-01 20:02:30,105 - kedro.io.data_catalog - INFO - Saving data to [dark_orange]y_train_reg[/dark_orange] (MemoryDataset)...
2025-11-01 20:02:30,109 - kedro.io.data_catalog - INFO - Saving data to [dark_orange]y_test_reg[/dark_orange] (MemoryDataset)...
2025-11-01 20:02:30,116 - kedro.runner.sequential_runner - INFO - Completed node: split_reg_node
2025-11-01 20:02:30,119 - kedro.runner.sequential_runner - INFO - Completed 1 out of 4 tasks
2025-11-01 20:02:30,122 - kedro.io.data_catalog - INFO - Loading data from [dark_orange]X_train_reg[/dark_orange] (MemoryDataset)...
2025-11-01 20:02:30,129 - kedro.io.data_catalog - INFO - Loading data from [dark_orange]y_train_reg[/dark_orange] (MemoryDataset)...
2025-11-01 20:02:30,133 - kedro.io.data_catalog - INFO - Loading data from [dark_orange]params:reg.grid[/dark_orange] (MemoryDataset)...
2025-11-01 20:02:30,135 - kedro.io.data_catalog - INFO - Loading data from [dark_orange]params:reg.cv[/dark_orange] (MemoryDataset)...
2025-11-01 20:02:30,140 - kedro.pipeline.node - INFO - Running node: train_regressors_node: train_regressors([X_train_reg;y_train_reg;params:reg.grid;params:reg.cv]) -> [reg_models]
2025-11-01 20:02:35,839 - kedro.pipeline.node - ERROR - Node train_regressors_node: train_regressors([X_train_reg;y_train_reg;params:reg.grid;params:reg.cv]) -> [reg_models] failed with error: 
could not convert string to float: 'Gallop & Ride!'
2025-11-01 20:02:35,843 - kedro.runner.sequential_runner - WARNING - There are 3 nodes that have not run.
You can resume the pipeline run from the nearest nodes with persisted inputs by adding the following argument to your previous command:
  --from-nodes "split_reg_node"
2025-11-01 20:54:27,526 - kedro.framework.project - INFO - Using 'conf\logging.yml' as logging configuration. You can change this by setting the KEDRO_LOGGING_CONFIG environment variable accordingly.
2025-11-01 20:54:28,838 - kedro.framework.session.session - INFO - Kedro project machinegame
2025-11-01 20:54:31,977 - kedro_telemetry.plugin - INFO - Kedro is sending anonymous usage data with the sole purpose of improving the product. No personal data or IP addresses are stored on our side. To opt out, set the `KEDRO_DISABLE_TELEMETRY` or `DO_NOT_TRACK` environment variables, or create a `.telemetry` file in the current working directory with the contents `consent: false`. To hide this message, explicitly grant or deny consent. Read more at https://docs.kedro.org/en/stable/configuration/telemetry.html
2025-11-01 21:07:20,903 - kedro.framework.project - INFO - Using 'conf\logging.yml' as logging configuration. You can change this by setting the KEDRO_LOGGING_CONFIG environment variable accordingly.
2025-11-01 21:07:22,187 - kedro.framework.session.session - INFO - Kedro project machinegame
2025-11-01 21:07:25,427 - kedro_telemetry.plugin - INFO - Kedro is sending anonymous usage data with the sole purpose of improving the product. No personal data or IP addresses are stored on our side. To opt out, set the `KEDRO_DISABLE_TELEMETRY` or `DO_NOT_TRACK` environment variables, or create a `.telemetry` file in the current working directory with the contents `consent: false`. To hide this message, explicitly grant or deny consent. Read more at https://docs.kedro.org/en/stable/configuration/telemetry.html
2025-11-01 21:07:27,783 - kedro_viz.integrations.kedro.run_hooks - WARNING - Workflow tracking is disabled during partial pipeline runs (executed using --from-nodes, --to-nodes, --tags, --pipeline, and more). `.viz/kedro_pipeline_events.json` will be created only during a full kedro run. See issue https://github.com/kedro-org/kedro-viz/issues/2443 for more details.
2025-11-01 21:09:55,381 - kedro.framework.project - INFO - Using 'conf\logging.yml' as logging configuration. You can change this by setting the KEDRO_LOGGING_CONFIG environment variable accordingly.
2025-11-01 21:09:56,577 - kedro.framework.session.session - INFO - Kedro project machinegame
2025-11-01 21:09:59,621 - kedro_telemetry.plugin - INFO - Kedro is sending anonymous usage data with the sole purpose of improving the product. No personal data or IP addresses are stored on our side. To opt out, set the `KEDRO_DISABLE_TELEMETRY` or `DO_NOT_TRACK` environment variables, or create a `.telemetry` file in the current working directory with the contents `consent: false`. To hide this message, explicitly grant or deny consent. Read more at https://docs.kedro.org/en/stable/configuration/telemetry.html
2025-11-01 21:10:00,634 - kedro_viz.integrations.kedro.run_hooks - WARNING - Workflow tracking is disabled during partial pipeline runs (executed using --from-nodes, --to-nodes, --tags, --pipeline, and more). `.viz/kedro_pipeline_events.json` will be created only during a full kedro run. See issue https://github.com/kedro-org/kedro-viz/issues/2443 for more details.
2025-11-01 21:10:03,016 - kedro.framework.project - INFO - Using 'conf\logging.yml' as logging configuration. You can change this by setting the KEDRO_LOGGING_CONFIG environment variable accordingly.
2025-11-01 21:10:04,237 - kedro.framework.session.session - INFO - Kedro project machinegame
2025-11-01 21:10:07,400 - kedro_telemetry.plugin - INFO - Kedro is sending anonymous usage data with the sole purpose of improving the product. No personal data or IP addresses are stored on our side. To opt out, set the `KEDRO_DISABLE_TELEMETRY` or `DO_NOT_TRACK` environment variables, or create a `.telemetry` file in the current working directory with the contents `consent: false`. To hide this message, explicitly grant or deny consent. Read more at https://docs.kedro.org/en/stable/configuration/telemetry.html
2025-11-01 21:10:08,403 - kedro_viz.integrations.kedro.run_hooks - WARNING - Workflow tracking is disabled during partial pipeline runs (executed using --from-nodes, --to-nodes, --tags, --pipeline, and more). `.viz/kedro_pipeline_events.json` will be created only during a full kedro run. See issue https://github.com/kedro-org/kedro-viz/issues/2443 for more details.
2025-11-01 21:18:23,981 - kedro.framework.project - INFO - Using 'conf\logging.yml' as logging configuration. You can change this by setting the KEDRO_LOGGING_CONFIG environment variable accordingly.
2025-11-01 21:18:25,217 - kedro.framework.session.session - INFO - Kedro project machinegame
2025-11-01 21:18:28,358 - kedro_telemetry.plugin - INFO - Kedro is sending anonymous usage data with the sole purpose of improving the product. No personal data or IP addresses are stored on our side. To opt out, set the `KEDRO_DISABLE_TELEMETRY` or `DO_NOT_TRACK` environment variables, or create a `.telemetry` file in the current working directory with the contents `consent: false`. To hide this message, explicitly grant or deny consent. Read more at https://docs.kedro.org/en/stable/configuration/telemetry.html
2025-11-01 21:18:29,406 - kedro_viz.integrations.kedro.run_hooks - WARNING - Workflow tracking is disabled during partial pipeline runs (executed using --from-nodes, --to-nodes, --tags, --pipeline, and more). `.viz/kedro_pipeline_events.json` will be created only during a full kedro run. See issue https://github.com/kedro-org/kedro-viz/issues/2443 for more details.
2025-11-01 21:19:42,924 - kedro.framework.project - INFO - Using 'conf\logging.yml' as logging configuration. You can change this by setting the KEDRO_LOGGING_CONFIG environment variable accordingly.
2025-11-01 21:19:44,217 - kedro.framework.session.session - INFO - Kedro project machinegame
2025-11-01 21:19:47,233 - kedro_telemetry.plugin - INFO - Kedro is sending anonymous usage data with the sole purpose of improving the product. No personal data or IP addresses are stored on our side. To opt out, set the `KEDRO_DISABLE_TELEMETRY` or `DO_NOT_TRACK` environment variables, or create a `.telemetry` file in the current working directory with the contents `consent: false`. To hide this message, explicitly grant or deny consent. Read more at https://docs.kedro.org/en/stable/configuration/telemetry.html
2025-11-01 21:19:49,067 - kedro_viz.integrations.kedro.run_hooks - WARNING - Workflow tracking is disabled during partial pipeline runs (executed using --from-nodes, --to-nodes, --tags, --pipeline, and more). `.viz/kedro_pipeline_events.json` will be created only during a full kedro run. See issue https://github.com/kedro-org/kedro-viz/issues/2443 for more details.
2025-11-01 21:19:49,860 - kedro.runner.sequential_runner - INFO - Using synchronous mode for loading and saving data. Use the --async flag for potential performance gains. https://docs.kedro.org/en/stable/nodes_and_pipelines/run_a_pipeline.html#load-and-save-asynchronously
2025-11-01 21:19:49,866 - kedro.io.data_catalog - INFO - Loading data from [dark_orange]model_input_regression[/dark_orange] (ParquetDataset)...
2025-11-01 21:19:49,944 - kedro.io.data_catalog - INFO - Loading data from [dark_orange]params:model[/dark_orange] (MemoryDataset)...
2025-11-01 21:19:49,948 - kedro.pipeline.node - INFO - Running node: split_reg_node: split_data_reg([model_input_regression;params:model]) -> [X_train_reg;X_test_reg;y_train_reg;y_test_reg]
2025-11-01 21:19:49,977 - kedro.io.data_catalog - INFO - Saving data to [dark_orange]X_train_reg[/dark_orange] (MemoryDataset)...
2025-11-01 21:19:49,981 - kedro.io.data_catalog - INFO - Saving data to [dark_orange]X_test_reg[/dark_orange] (MemoryDataset)...
2025-11-01 21:19:49,986 - kedro.io.data_catalog - INFO - Saving data to [dark_orange]y_train_reg[/dark_orange] (MemoryDataset)...
2025-11-01 21:19:49,990 - kedro.io.data_catalog - INFO - Saving data to [dark_orange]y_test_reg[/dark_orange] (MemoryDataset)...
2025-11-01 21:19:49,994 - kedro.runner.sequential_runner - INFO - Completed node: split_reg_node
2025-11-01 21:19:49,996 - kedro.runner.sequential_runner - INFO - Completed 1 out of 3 tasks
2025-11-01 21:19:49,998 - kedro.io.data_catalog - INFO - Loading data from [dark_orange]X_train_reg[/dark_orange] (MemoryDataset)...
2025-11-01 21:19:50,004 - kedro.io.data_catalog - INFO - Loading data from [dark_orange]y_train_reg[/dark_orange] (MemoryDataset)...
2025-11-01 21:19:50,007 - kedro.io.data_catalog - INFO - Loading data from [dark_orange]params:reg.grid[/dark_orange] (MemoryDataset)...
2025-11-01 21:19:50,010 - kedro.io.data_catalog - INFO - Loading data from [dark_orange]params:reg.cv[/dark_orange] (MemoryDataset)...
2025-11-01 21:19:50,013 - kedro.pipeline.node - INFO - Running node: train_regressors_node: train_regressors([X_train_reg;y_train_reg;params:reg.grid;params:reg.cv]) -> [reg_models]
